rab.all	rab.win.female	rab.win.male	diff.btw	diff.win	effect	overlap	we.ep	we.eBH	wi.ep	wi.eBH	feature
-0.499332353251067	-1.56125258289821	0.0838107536785291	2.71998802403416	11.5774565798333	0.25964052182196	0.363100502102796	0.000644094358952838	0.229953686578322	0.0122468606668012	0.76955472818423	k__Bacteria|p__Actinobacteria|c__Coriobacteriia|o__Coriobacteriales|f__Atopobiaceae|g__Olsenella|s__Olsenella_scatoligenes
11.074143008733	0.0311724372826525	12.7085612093618	3.85746519204718	15.9836754311917	0.289841122438648	0.361626879952953	0.00141721336227241	0.383895221676443	0.00316672358847215	0.728125344432007	k__Bacteria|p__Firmicutes|c__Clostridia|o__Clostridiales|f__Lachnospiraceae|g__Roseburia|s__Roseburia_intestinalis
-1.96219440463832	-2.1781575612685	-1.88816422462403	0.597754229091771	6.49745574263168	0.0729233061608942	0.451812555612908	0.0257276385406303	0.785365429309855	0.377177196444101	1	k__Bacteria|p__Firmicutes|c__Erysipelotrichia|o__Erysipelotrichales|f__Erysipelotrichaceae|g__Faecalicoccus|s__Faecalicoccus_pleomorphus
-1.57244002901391	-1.91859521528965	-1.43850906265576	0.927855153770174	9.16646409812461	0.102927926533817	0.432488208045225	0.0288645602533158	0.850632834286885	0.242250646511417	0.987563182695171	k__Bacteria|p__Actinobacteria|c__Actinobacteria|o__Actinomycetales|f__Actinomycetaceae|g__Actinomyces|s__Actinomyces_graevenitzii
-1.91177609363456	-2.29804678187358	-1.76304918212837	0.716322110409567	6.63234877914323	0.0914183187322349	0.44709696472562	0.0569713409959028	0.852403916202796	0.280673041517976	0.996994874420302	k__Bacteria|p__Actinobacteria|c__Actinobacteria|o__Actinomycetales|f__Actinomycetaceae|g__Actinomyces|s__Actinomyces_sp_HPA0247
-0.191556533268622	-1.20022147994669	0.4444041882875	1.95268890941884	16.8318995385288	0.134699272910918	0.405835544473256	0.0116417501592682	0.860161449301973	0.0581620725966107	0.979023195474776	k__Bacteria|p__Firmicutes|c__Clostridia|o__Clostridiales|f__Ruminococcaceae|g__Ruminococcus|s__Ruminococcus_lactaris
-2.3011845773178	-2.39664047254029	-2.25905761277238	0.40890458652191	5.40326393169798	0.056482808922411	0.461243737388041	0.0628113222266698	0.874089809398802	0.528454541173016	0.998624251521058	k__Bacteria|p__Firmicutes|c__Erysipelotrichia|o__Erysipelotrichales|f__Erysipelotrichaceae|g__Erysipelothrix|s__Erysipelothrix_larvae
-2.2421827953449	-2.42198061954855	-2.17465140203607	0.486557853768558	5.16752577645229	0.0722436002260056	0.454170351056626	0.0787490090304202	0.89023048484001	0.47453516862762	0.997279380700669	k__Bacteria|p__Proteobacteria|c__Gammaproteobacteria|o__Enterobacterales|f__Enterobacteriaceae|g__Enterobacter|s__Enterobacter_mori
-0.380179801891234	-1.21177782962855	0.0988092909059919	1.84595814932228	15.4976881496546	0.135359866354988	0.409372237636741	0.0147794163039355	0.896914771443194	0.0747203694888094	0.989466097779226	k__Bacteria|p__Bacteroidetes|c__Bacteroidia|o__Bacteroidales|f__Bacteroidaceae|g__Bacteroides|s__Bacteroides_salyersiae
-0.418854650473559	2.12007140455266	-0.868803169364396	-2.37740213925189	14.0611410957388	-0.187554979638723	0.386089007648351	0.0346834454957313	0.927837234928676	0.0254765271333571	0.651860733508577	k__Bacteria|p__Bacteroidetes|c__Bacteroidia|o__Bacteroidales|f__Bacteroidaceae|g__Bacteroides|s__Bacteroides_nordii
-2.55002626454678	-2.06729740261294	-2.70343891560752	-0.735403381431691	5.08076046354295	-0.115233718154734	0.429118774469959	0.13806446570241	0.935840562591354	0.252488731097928	0.851589166972289	k__Bacteria|p__Proteobacteria|c__Epsilonproteobacteria|o__Campylobacterales|f__Campylobacteraceae|g__Campylobacter|s__Campylobacter_hominis
-2.62299555718459	-2.26847679327671	-2.75437827727168	-0.450538807951773	4.54731193802817	-0.0883774357772656	0.453580902195691	0.354758931429917	0.950578164219577	0.411049928793734	0.897620916408724	k__Bacteria|p__Bacteroidetes|c__Bacteroidia|o__Bacteroidales|f__Bacteroidales_unclassified|g__Bacteroidales_unclassified|s__Bacteroidales_bacterium_KA00251
-2.60356366094352	-2.27868365060421	-2.71490254613719	-0.402402599268942	4.6064658585757	-0.0692573085096196	0.46079009462537	0.495432791882183	0.953194444947834	0.474705673968275	0.915996779315168	k__Bacteria|p__Bacteroidetes|c__Bacteroidia|o__Bacteroidales|f__Rikenellaceae|g__Alistipes|s__Alistipes_sp_An66
-2.56737876070676	-2.26096099411733	-2.67696679627495	-0.504009726917436	4.76210546738359	-0.0836630868366946	0.44709696472562	0.269337171873648	0.954718298196447	0.416690389102531	0.899962225385687	k__Bacteria|p__Firmicutes|c__Clostridia|o__Clostridiales|f__Peptostreptococcaceae|g__Terrisporobacter|s__Terrisporobacter_othiniensis
-2.59894329943021	-2.26406349104684	-2.70221802597682	-0.523570350593259	4.66100867666087	-0.09437074866282	0.444575472104537	0.293614972238563	0.956501631559368	0.407416033863609	0.915746786791475	k__Bacteria|p__Bacteroidetes|c__Bacteroidia|o__Bacteroidales|f__Bacteroidaceae|g__Bacteroides|s__Bacteroides_faecis_CAG_32
-2.56358394549734	-2.18714394793845	-2.67822307909548	-0.639065196211718	4.81642010311363	-0.103748449168559	0.436615566504315	0.181275535724229	0.956789319125875	0.308603327434829	0.899012348491081	k__Bacteria|p__Firmicutes|c__Tissierellia|o__Tissierellales|f__Peptoniphilaceae|g__Peptoniphilus|s__Peptoniphilus_coxii
-2.5848174195626	-2.19971341557586	-2.72257621155209	-0.585098502480385	4.70205823883741	-0.0968035060576598	0.44709696472562	0.27476427237367	0.95859152849678	0.375747089773809	0.888985277158269	k__Bacteria|p__Firmicutes|c__Negativicutes|o__Veillonellales|f__Veillonellaceae|g__Veillonella|s__Veillonella_rodentium
-2.54825178020491	-2.30183644796399	-2.62141321166037	-0.393239022642925	4.75391302998528	-0.0701716136771602	0.459180666374673	0.33848679181555	0.960495379862151	0.454284404451126	0.925725489004334	k__Bacteria|p__Firmicutes|c__Bacilli|o__Lactobacillales|f__Enterococcaceae|g__Enterococcus|s__Enterococcus_raffinosus
-2.60502979827411	-2.29155864015722	-2.70688298869454	-0.350387059762905	4.47587176362271	-0.0626452114265652	0.463148585174025	0.376017253936551	0.960665243300065	0.464765416382734	0.926679371535125	k__Bacteria|p__Firmicutes|c__Negativicutes|o__Veillonellales|f__Veillonellaceae|g__Veillonellaceae_unclassified|s__Veillonellaceae_bacterium_DNF00626
-2.56566000700357	-2.2219695253726	-2.66551596497194	-0.428219176282415	4.56707610266509	-0.0820247037101892	0.455054524348031	0.322905880190798	0.961132231677295	0.409304508167126	0.924495779621435	k__Bacteria|p__Firmicutes|c__Clostridia|o__Clostridiales|f__Eubacteriaceae|g__Eubacterium|s__Eubacterium_sp_68_3_10
-2.46415722190065	-2.02935506380821	-2.61983901162295	-0.632018243112986	5.38668050181461	-0.0917965426636125	0.440448113645077	0.170889919656064	0.96165870630025	0.30097738406787	0.891212984406499	k__Bacteria|p__Firmicutes|c__Clostridia|o__Clostridiales|f__Peptostreptococcaceae|g__Peptostreptococcus|s__Peptostreptococcus_anaerobius
-2.46061744360911	-2.07316977057019	-2.57486075304196	-0.562943362907358	5.28631099863414	-0.0863958369777886	0.449454760169239	0.296207221659599	0.962111586851464	0.399054917711149	0.901830561668677	k__Bacteria|p__Firmicutes|c__Tissierellia|o__Tissierellia_unclassified|f__Tissierellia_unclassified|g__Tissierellia_unclassified|s__Bacteroides_coagulans
-2.55284750021405	-2.19231347784539	-2.67045689803929	-0.534790710678852	4.56113633664667	-0.092469512061571	0.450928382321526	0.257336973799832	0.964589536735884	0.365145443220042	0.900906208083432	k__Bacteria|p__Actinobacteria|c__Actinobacteria|o__Bifidobacteriales|f__Bifidobacteriaceae|g__Bifidobacterium|s__Bifidobacterium_gallinarum
-2.58047539517619	-2.30315729911104	-2.68164128564054	-0.371509256468123	4.49137399570377	-0.0732827066420932	0.459770115235632	0.389291916780951	0.965492005557421	0.462183719142056	0.931600880075282	k__Bacteria|p__Firmicutes|c__Bacilli|o__Lactobacillales|f__Lactobacillaceae|g__Lactobacillus|s__Lactobacillus_panis
-2.35610903557281	-1.8311235110032	-2.5207691412357	-0.835585084680309	6.63331689490508	-0.099293406913124	0.428950472223316	0.114909055722969	0.96603323267787	0.237597680278935	0.851942314717945	k__Bacteria|p__Firmicutes|c__Bacilli|o__Lactobacillales|f__Enterococcaceae|g__Enterococcus|s__Enterococcus_avium
-2.57999541307838	-2.32009596420153	-2.67914462393573	-0.422944937607458	4.58482266677407	-0.0757337710256408	0.458591217513716	0.420506915174152	0.966290876389128	0.456533346965153	0.92460412263543	k__Bacteria|p__Firmicutes|c__Clostridia|o__Clostridiales|f__Lachnospiraceae|g__Dorea|s__Dorea_sp_D27
-2.53554860138253	-2.17751309490439	-2.64811379448906	-0.489149165195601	4.70043679092291	-0.0812533036828001	0.451061321112599	0.360095875107209	0.966576741432162	0.416098178986818	0.900583814742011	k__Bacteria|p__Firmicutes|c__Bacilli|o__Lactobacillales|f__Streptococcaceae|g__Streptococcus|s__Streptococcus_downei
16.4784120756372	16.8949227037824	16.2845961368242	-1.06253704863585	4.29019651000764	-0.197078320960904	0.39581491384467	0.0429008609256156	0.967227435387014	0.0278174482537716	0.728885194297724	k__Bacteria|p__Firmicutes|c__Clostridia|o__Clostridiales|f__Ruminococcaceae|g__Flavonifractor|s__Flavonifractor_plautii
-2.61513226762222	-2.40743657344824	-2.67907247460619	-0.29413223724122	4.47594584355562	-0.0544361951715764	0.466096698359897	0.603261372731169	0.968301625736039	0.565026395412306	0.94508087094463	k__Bacteria|p__Firmicutes|c__Bacilli|o__Lactobacillales|f__Carnobacteriaceae|g__Carnobacterium|s__Carnobacterium_divergens
-1.43066581852435	-0.434625107829948	-1.67559481829847	-1.45667284255236	12.6224323289252	-0.128955520483566	0.417158019484869	0.0737911847129499	0.968903431546515	0.10776984669121	0.81890786915424	k__Bacteria|p__Firmicutes|c__Clostridia|o__Clostridiales|f__Lachnospiraceae|g__Blautia|s__Blautia_coccoides
-2.54539905736766	-2.23083342595344	-2.63802455781669	-0.414048368910962	4.76611678910562	-0.0761517658717655	0.456233422069916	0.366433982762982	0.969029776233113	0.438370340673186	0.922692938157787	k__Bacteria|p__Actinobacteria|c__Actinobacteria|o__Actinomycetales|f__Actinomycetaceae|g__Actinomyces|s__Actinomyces_sp_oral_taxon_448
-2.63282583761611	-2.34172364999867	-2.71906642265055	-0.408228776583522	4.53376313844935	-0.0704087764836734	0.460359564096594	0.400740971278161	0.969038855324616	0.494121240713424	0.930772320988283	k__Bacteria|p__Firmicutes|c__Bacilli|o__Lactobacillales|f__Enterococcaceae|g__Enterococcus|s__Enterococcus_durans
-2.62057170463768	-2.33418255640279	-2.70795319162594	-0.375282642554344	4.50901234127836	-0.0727024194266418	0.460200471988212	0.412811273691252	0.969842935575874	0.475141486787533	0.922076438786372	k__Bacteria|p__Chlamydiae|c__Chlamydiia|o__Chlamydiales|f__Chlamydiaceae|g__Chlamydia|s__Chlamydia_ibidis
-2.63424212129429	-2.34759781845266	-2.73236751117601	-0.39975380502282	4.54434526407793	-0.0746394985643618	0.461833186249008	0.385011387657471	0.970468432942512	0.479089712377191	0.931073811153922	k__Bacteria|p__Bacteroidetes|c__Bacteroidia|o__Bacteroidales|f__Bacteroidaceae|g__Bacteroides|s__Bacteroides_sp_CAG_530
-2.57115338706388	-2.28779912004372	-2.65722880224348	-0.427556156401902	4.56412779841988	-0.0811115860036895	0.456662736165316	0.378700725391691	0.970738806969507	0.44989473725364	0.946244802515003	k__Bacteria|p__Firmicutes|c__Clostridia|o__Clostridiales|f__Clostridiaceae|g__Hungatella|s__Hungatella_effluvii
-2.57855689203025	-2.33504214382752	-2.6705591531778	-0.316209786305372	4.41679018794454	-0.0586602176646041	0.463148585174025	0.628379350212975	0.97094798789789	0.571299608698194	0.931898646529246	k__Bacteria|p__Spirochaetes|c__Spirochaetia|o__Brachyspirales|f__Brachyspiraceae|g__Brachyspira|s__Brachyspira_pilosicoli
-2.56685907332503	-2.2376326892792	-2.65975594822109	-0.408750331131895	4.58963741498068	-0.0815678763753075	0.458296493083239	0.448660585830287	0.971311087708117	0.454222602555175	0.923084045698476	k__Bacteria|p__Actinobacteria|c__Actinobacteria|o__Bifidobacteriales|f__Bifidobacteriaceae|g__Bifidobacterium|s__Bifidobacterium_moukalabense
-2.56217199376529	-2.16494429002915	-2.68557802015	-0.554840164657362	4.65597858653399	-0.0975470746959568	0.446049528697243	0.295760680506723	0.972231845347733	0.371619090502283	0.901115446233637	k__Bacteria|p__Proteobacteria|c__Gammaproteobacteria|o__Pasteurellales|f__Pasteurellaceae|g__Aggregatibacter|s__Aggregatibacter_aphrophilus
-2.60533872868775	-2.32652546449936	-2.68448920973213	-0.367244513972175	4.53284053620905	-0.0680322630061945	0.465075154984372	0.414310236221677	0.972250607042011	0.472590024666255	0.930894438766923	k__Bacteria|p__Proteobacteria|c__Betaproteobacteria|o__Neisseriales|f__Neisseriaceae|g__Neisseria|s__Neisseria_elongata
-2.57068547195237	-2.23033408078932	-2.67018419497849	-0.519424815884125	4.47776565655896	-0.0981994704786094	0.448570586877876	0.356549782489701	0.97309737688945	0.411729164227742	0.933991990734091	k__Bacteria|p__Proteobacteria|c__Epsilonproteobacteria|o__Campylobacterales|f__Campylobacteraceae|g__Campylobacter|s__Campylobacter_ureolyticus
-2.5375522753309	-2.25508144419469	-2.63479988258704	-0.377931228950438	4.81785625647291	-0.0545089320955997	0.464485706123391	0.314078212096638	0.973207143716204	0.447655068024892	0.923943127536288	k__Bacteria|p__Actinobacteria|c__Actinobacteria|o__Bifidobacteriales|f__Bifidobacteriaceae|g__Bifidobacterium|s__Bifidobacterium_saeculare
-2.54825053139416	-2.34888242279376	-2.60478575056853	-0.257401482832574	4.53044536023858	-0.0507022655813949	0.471264368024785	0.517018551508807	0.973293935715729	0.547092542050624	0.94627846618103	k__Bacteria|p__Actinobacteria|c__Actinobacteria|o__Actinomycetales|f__Actinomycetaceae|g__Actinomyces|s__Actinomyces_viscosus
-2.60837653012472	-2.33627824998451	-2.70688237117491	-0.267496197740112	4.45808634735284	-0.0552631272962913	0.470085470302786	0.552700215628065	0.973499534061826	0.514063961879712	0.946333903192932	k__Bacteria|p__Proteobacteria|c__Gammaproteobacteria|o__Aeromonadales|f__Aeromonadaceae|g__Aeromonas|s__Aeromonas_caviae
-2.56497116717922	-2.18593919036118	-2.70069208045942	-0.662037160382537	4.94430363136306	-0.0993629223166045	0.438844680673389	0.260777347815007	0.973810941500999	0.355432125922085	0.88437897922548	k__Bacteria|p__Firmicutes|c__Clostridia|o__Clostridiales|f__Clostridiaceae|g__Clostridium|s__Clostridium_celatum
-2.48937143008336	-2.12406161682442	-2.605458800346	-0.516878343387924	4.86363778598877	-0.0816713786395108	0.450044209030151	0.248711405951465	0.973946389966351	0.377352689944283	0.904441294998356	k__Bacteria|p__Firmicutes|c__Clostridia|o__Clostridiales|f__Lachnospiraceae|g__Lachnoanaerobaculum|s__Lachnoanaerobaculum_saburreum
-2.61945508225112	-2.38545818669156	-2.70044727412624	-0.351873366523289	4.59773826966277	-0.0644893373683818	0.464190981692902	0.598285665795601	0.974302461152655	0.574374127597365	0.940056728216085	k__Bacteria|p__Firmicutes|c__Clostridia|o__Clostridiales|f__Ruminococcaceae|g__Ruminococcus|s__Ruminococcus_sp_CAG_563
-2.62264320297718	-2.33654177914448	-2.71277729411062	-0.44371877670104	4.62948948014742	-0.0755149877923534	0.456367924846746	0.366836388412826	0.974421092294566	0.478159511556821	0.938774272689683	k__Bacteria|p__Fusobacteria|c__Fusobacteriia|o__Fusobacteriales|f__Leptotrichiaceae|g__Sneathia|s__Sneathia_amnii
-2.57264129835009	-2.38985798143609	-2.64163976660709	-0.220716592915824	4.38906467329426	-0.0469008858769475	0.474941037917803	0.601566434428074	0.974670663812647	0.588430610167787	0.955102178024963	k__Bacteria|p__Proteobacteria|c__Gammaproteobacteria|o__Enterobacterales|f__Enterobacteriaceae|g__Leclercia|s__Leclercia_adecarboxylata
-2.0861770527435	-1.45758604492939	-2.28838641487375	-0.941481287222518	9.07487592392337	-0.0887819934088053	0.430129717497268	0.104192312039596	0.975114605110649	0.165010628695073	0.831352490715569	k__Bacteria|p__Firmicutes|c__Bacilli|o__Lactobacillales|f__Streptococcaceae|g__Streptococcus|s__Streptococcus_pasteurianus
-2.49542100653712	-2.1456678588173	-2.60893156231941	-0.539235896581435	4.85917431614342	-0.0880336281409756	0.44768641358652	0.392762947303595	0.975651316209063	0.408302017809971	0.92036652972952	k__Bacteria|p__Firmicutes|c__Clostridia|o__Clostridiales|f__Lachnospiraceae|g__Murimonas|s__Murimonas_intestini
-2.56776336526617	-2.26001359431571	-2.67885519866079	-0.407607891419742	4.5837409895953	-0.0722123310436928	0.460495283306791	0.439368578001719	0.975760339827338	0.460032733673341	0.930988084200943	k__Bacteria|p__Firmicutes|c__Negativicutes|o__Acidaminococcales|f__Acidaminococcaceae|g__Acidaminococcus|s__Acidaminococcus_fermentans
-2.61036624430671	-2.27630660725907	-2.72163853969356	-0.457722136804316	4.567735166077	-0.0826203197809283	0.455349248778501	0.338583131077637	0.975843468997756	0.38549143429185	0.92794944914648	k__Bacteria|p__Proteobacteria|c__Gammaproteobacteria|o__Enterobacterales|f__Enterobacteriaceae|g__Kosakonia|s__Kosakonia_cowanii
-2.62791508773209	-2.38531696012279	-2.69801861214816	-0.357377060849675	4.51461950670053	-0.069004149114679	0.464327830448367	0.444402611723629	0.975936359045594	0.505055939269233	0.95597647138646	k__Bacteria|p__Firmicutes|c__Bacilli|o__Bacillales|f__Staphylococcaceae|g__Staphylococcus|s__Staphylococcus_aureus
-2.60470233578719	-2.35328401349949	-2.68023285956047	-0.31971313730878	4.60056987863405	-0.058361475719837	0.470085470302786	0.485975055209855	0.976212581708938	0.548844802984079	0.948715361420874	k__Bacteria|p__Firmicutes|c__Negativicutes|o__Veillonellales|f__Veillonellaceae|g__Dialister|s__Dialister_micraerophilus
-2.46632499255559	-2.02496825620215	-2.60170441554395	-0.608580457796011	5.29622837906036	-0.0840750816899914	0.443560271560292	0.241190717370136	0.97631789719169	0.349575179522669	0.88840820085875	k__Bacteria|p__Bacteroidetes|c__Bacteroidia|o__Bacteroidales|f__Prevotellaceae|g__Prevotella|s__Prevotella_timonensis
-2.62821766079962	-2.34234556330741	-2.73207262658211	-0.369202439899885	4.53539149195569	-0.0725524589501949	0.459316038032479	0.426447688753124	0.977320655049796	0.454591712871345	0.932457250180528	k__Bacteria|p__Proteobacteria|c__Deltaproteobacteria|o__Desulfovibrionales|f__Desulfovibrionaceae|g__Desulfovibrio|s__Desulfovibrio_legallii
-2.61248373141749	-2.37334453157469	-2.69580398497204	-0.187876801669123	4.41329076886909	-0.0390675796951138	0.478632478787432	0.624489360328097	0.977894071398138	0.581407690476016	0.946574612695433	k__Bacteria|p__Proteobacteria|c__Gammaproteobacteria|o__Enterobacterales|f__Enterobacteriaceae|g__Citrobacter|s__Citrobacter_sp_50677481
-2.54697368280378	-2.24265608514403	-2.66421246113842	-0.416103623752582	4.75784085826667	-0.0773729304807917	0.458296493083239	0.47425437195627	0.977996406748445	0.454103860793895	0.941118552838852	k__Bacteria|p__Proteobacteria|c__Betaproteobacteria|o__Neisseriales|f__Neisseriaceae|g__Neisseria|s__Neisseria_mucosa
-2.54814575287038	-2.29865743956331	-2.63081817151386	-0.420383177567594	4.83860894695735	-0.0690083483584829	0.460654288527075	0.464755727211158	0.978524385026393	0.490950711089752	0.932787982504574	k__Bacteria|p__Firmicutes|c__Clostridia|o__Clostridiales|f__Clostridiaceae|g__Clostridium|s__Butyribacterium_methylotrophicum
-2.57361819942908	-2.23740088332674	-2.67228565477669	-0.514214224620417	4.72571360265941	-0.082737354445883	0.448275862447423	0.261861165506237	0.978862877126	0.384066596413965	0.933633297777644	k__Bacteria|p__Actinobacteria|c__Actinobacteria|o__Bifidobacteriales|f__Bifidobacteriaceae|g__Bifidobacterium|s__Bifidobacterium_pullorum
-2.57422520221256	-2.30652645493473	-2.64820270610912	-0.317408979139966	4.464615873693	-0.0572750129860501	0.47287735868759	0.424267547032237	0.979667463472184	0.505234901400719	0.948651731527728	k__Bacteria|p__Bacteroidetes|c__Bacteroidia|o__Bacteroidales|f__Barnesiellaceae|g__Barnesiella|s__Barnesiella_sp_An22
-2.62006963506305	-2.42320363826927	-2.67885197150185	-0.246449731009008	4.38403804997197	-0.0533431609935198	0.47450633676032	0.587576079957158	0.980088587118095	0.564440345165045	0.950362218525363	k__Bacteria|p__Proteobacteria|c__Gammaproteobacteria|o__Pasteurellales|f__Pasteurellaceae|g__Haemophilus|s__Haemophilus_quentini
-2.59003064023319	-2.22206211261726	-2.69921814112799	-0.545614072829563	4.85402700000887	-0.098172701089461	0.449882075838377	0.344316013547078	0.980150122345503	0.389355378921729	0.930866482622721	k__Bacteria|p__Actinobacteria|c__Coriobacteriia|o__Coriobacteriales|f__Atopobiaceae|g__Atopobium|s__Atopobium_minutum
-2.57721094211648	-2.3785916342337	-2.64022904954419	-0.233241992447507	4.4693625662018	-0.0437684507383114	0.475235849236407	0.64682541125291	0.980490131195178	0.572766221937163	0.953721645864028	k__Bacteria|p__Proteobacteria|c__Gammaproteobacteria|o__Enterobacterales|f__Morganellaceae|g__Providencia|s__Providencia_alcalifaciens
-2.56022573772984	-2.26800608783596	-2.64773993971587	-0.369331065074807	4.55870450567743	-0.0615151566734916	0.463148585174025	0.403892858310636	0.980731077699936	0.444024980351891	0.937884563757156	k__Bacteria|p__Actinobacteria|c__Actinobacteria|o__Actinomycetales|f__Actinomycetaceae|g__Actinomyces|s__Actinomyces_sp_oral_taxon_170
-0.814919086510985	-1.34866482212204	-0.545805015312189	1.36815043037689	15.8612620416066	0.103211820018571	0.427476415630903	0.0374598878864243	0.981076724288198	0.177171440754484	0.997597490809353	k__Bacteria|p__Firmicutes|c__Clostridia|o__Clostridiales|f__Eubacteriaceae|g__Eubacterium|s__Eubacterium_sp_CAG_274
-2.59922024733506	-2.32940302739616	-2.66708929804972	-0.217135322700766	4.53353598580892	-0.0378623586469292	0.478043029926411	0.449368182567122	0.981090665471681	0.501787427893639	0.944420513517412	k__Bacteria|p__Firmicutes|c__Bacilli|o__Bacillales|f__Staphylococcaceae|g__Macrococcus|s__Macrococcus_caseolyticus
-2.63930982374236	-2.35929700064018	-2.72259854580135	-0.335181621925987	4.46170641789849	-0.0667536707743868	0.467138225997819	0.422184600035073	0.981100113036125	0.472930015497277	0.942848502102718	k__Bacteria|p__Bacteroidetes|c__Bacteroidetes_unclassified|o__Bacteroidetes_unclassified|f__Bacteroidetes_unclassified|g__Bacteroidetes_unclassified|s__Bacteroidetes_bacterium_oral_taxon_272
-2.6025812367577	-2.42840166216924	-2.67551425719597	-0.356127051311534	4.41119436147186	-0.0656998573327216	0.46727594363426	0.613044966468417	0.981236141276556	0.571533194261343	0.953191238928679	k__Bacteria|p__Proteobacteria|c__Gammaproteobacteria|o__Enterobacterales|f__Morganellaceae|g__Proteus|s__Proteus_vulgaris
-2.59012312233631	-2.33413411893212	-2.67324044298664	-0.325902855497207	4.45524155501236	-0.0602866835306492	0.466391509678487	0.575816906202746	0.981388247597731	0.517856754115307	0.948253494751662	k__Bacteria|p__Firmicutes|c__Clostridia|o__Clostridiales|f__Ruminococcaceae|g__Gemmiger|s__Gemmiger_sp_An120
-2.59035912384482	-2.36911890189781	-2.65907878145497	-0.251051719223796	4.35756500952644	-0.0457616026362222	0.477889151103855	0.634699560864562	0.981607036999334	0.58366634731721	0.949625068725386	k__Bacteria|p__Proteobacteria|c__Gammaproteobacteria|o__Enterobacterales|f__Yersiniaceae|g__Serratia|s__Serratia_marcescens
-2.55774312131461	-2.33295347404815	-2.62922541062243	-0.365644311777645	4.44314852018725	-0.0737094177497585	0.463306808401437	0.579499470024943	0.982050694861304	0.538520052255203	0.961544595055685	k__Bacteria|p__Firmicutes|c__Negativicutes|o__Selenomonadales|f__Selenomonadaceae|g__Mitsuokella|s__Mitsuokella_sp_oral_taxon_131
-2.59934615901919	-2.391746149449	-2.67810183271172	-0.248705492571963	4.47750411718171	-0.0444281360156101	0.47612028319222	0.622296237656552	0.982197720163465	0.575460818150422	0.959944695227474	k__Bacteria|p__Proteobacteria|c__Epsilonproteobacteria|o__Campylobacterales|f__Helicobacteraceae|g__Helicobacter|s__Helicobacter_pylori
-2.55274076780794	-2.33933692026468	-2.63092091723516	-0.284079629164445	4.36696556751405	-0.054809478443427	0.47228773605039	0.599270740712304	0.982410599165964	0.539074453713101	0.942374860510364	k__Bacteria|p__Firmicutes|c__Bacilli|o__Bacillales|f__Staphylococcaceae|g__Staphylococcus|s__Staphylococcus_epidermidis
-2.51039898400998	-2.21121277901904	-2.60495199117849	-0.472380397841238	4.97767186505726	-0.073042957498509	0.453714622979643	0.30028415917387	0.982602576329709	0.42265017426983	0.92635022355933	k__Bacteria|p__Proteobacteria|c__Deltaproteobacteria|o__Desulfovibrionales|f__Desulfovibrionaceae|g__Desulfovibrio|s__Desulfovibrio_fairfieldensis
-2.4269643927662	-2.0643821298456	-2.53720428989729	-0.665445048137034	5.50100747707573	-0.0931677804944205	0.439139405103813	0.191384322354359	0.982612818396083	0.331756679857488	0.920701759941098	k__Bacteria|p__Bacteroidetes|c__Bacteroidia|o__Bacteroidales|f__Prevotellaceae|g__Prevotella|s__Prevotella_buccalis
-2.59865778838761	-2.30590723583265	-2.69073728963618	-0.353777599485991	4.65514263737387	-0.0617235776836663	0.466843501567325	0.466443075052361	0.982967380078807	0.489616380427909	0.94245229575936	k__Bacteria|p__Firmicutes|c__Erysipelotrichia|o__Erysipelotrichales|f__Erysipelotrichaceae|g__Massiliomicrobiota|s__Massiliomicrobiota_timonensis
-2.62968564185573	-2.3164378517287	-2.73403650799924	-0.500713081742925	4.7564257007564	-0.0798411884295272	0.450471698475487	0.342434849984182	0.983160077458229	0.42322581819294	0.921084112871406	k__Bacteria|p__Bacteroidetes|c__Bacteroidia|o__Bacteroidales|f__Tannerellaceae|g__Parabacteroides|s__Parabacteroides_sp_CAG_409
-2.62983888677153	-2.33970961533052	-2.71371511415445	-0.33131386721289	4.55607346089712	-0.065149152434638	0.465075154984372	0.452401851853689	0.983213087954966	0.47186295455763	0.947716905145772	k__Bacteria|p__Bacteroidetes|c__Bacteroidia|o__Bacteroidales|f__Porphyromonadaceae|g__Porphyromonas|s__Porphyromonas_endodontalis
-2.53270949733664	-2.3415232892659	-2.60473900813969	-0.263722578956317	4.63064554210035	-0.049789336605521	0.475979958912852	0.553659591950306	0.983227851911736	0.574219872043041	0.958425696339659	k__Bacteria|p__Firmicutes|c__Bacilli|o__Lactobacillales|f__Leuconostocaceae|g__Leuconostoc|s__Leuconostoc_citreum
-2.60531517161844	-2.33206028339777	-2.68666532964472	-0.282516681182294	4.54420095073684	-0.0502684003350209	0.471108490775994	0.44335456542867	0.983231784801415	0.509912157161723	0.935045282841119	k__Bacteria|p__Firmicutes|c__Bacilli|o__Lactobacillales|f__Lactobacillaceae|g__Lactobacillus|s__Lactobacillus_acidophilus
-2.45315479517851	-2.10026052488153	-2.5659629595493	-0.539673658291077	5.35392205768614	-0.0757657814343201	0.45210728004337	0.309560351758466	0.983269345037294	0.397378275704123	0.906135878271992	k__Bacteria|p__Firmicutes|c__Bacilli|o__Lactobacillales|f__Streptococcaceae|g__Streptococcus|s__Streptococcus_sobrinus
-2.59844152798045	-2.3657718679929	-2.68865639069562	-0.331199134539887	4.47834644677561	-0.061514361621833	0.468906572580793	0.423639655287928	0.983280422224016	0.494431393005098	0.941045092107292	k__Bacteria|p__Proteobacteria|c__Gammaproteobacteria|o__Enterobacterales|f__Enterobacteriaceae|g__Pluralibacter|s__Pluralibacter_gergoviae
-2.5115043524699	-2.18732581830885	-2.61949979266738	-0.435427040625321	4.86864661982002	-0.0761822066640875	0.451061321112599	0.426988703152149	0.983390958735936	0.452187799299419	0.925593055927124	k__Bacteria|p__Bacteroidetes|c__Bacteroidia|o__Bacteroidales|f__Porphyromonadaceae|g__Porphyromonas|s__Porphyromonas_uenonis
-2.60073426979535	-2.34871654253748	-2.68909316284023	-0.36655007287307	4.42064974148651	-0.0671576431325765	0.463738207811195	0.365401651299908	0.983497112571117	0.481168953563171	0.938271049392887	k__Bacteria|p__Proteobacteria|c__Epsilonproteobacteria|o__Campylobacterales|f__Campylobacteraceae|g__Campylobacter|s__Campylobacter_jejuni
-2.55889840641022	-2.20396937771156	-2.67654901903477	-0.561421286595865	4.98062965649672	-0.0820652554205455	0.442381373838544	0.237011502766092	0.983677876952865	0.368418846698262	0.914375511152062	k__Bacteria|p__Firmicutes|c__Negativicutes|o__Veillonellales|f__Veillonellaceae|g__Dialister|s__Dialister_succinatiphilus
-2.54188340757248	-2.31178988642565	-2.62657459250186	-0.225710507835895	4.3494998489411	-0.0405648841631689	0.475979958912852	0.600116389364319	0.983980448410001	0.555698531479662	0.952567167719483	k__Bacteria|p__Proteobacteria|c__Gammaproteobacteria|o__Enterobacterales|f__Enterobacteriaceae|g__Atlantibacter|s__Atlantibacter_hermannii
-2.55978737321013	-2.27340278290319	-2.64958182676062	-0.315406897455834	4.46261618982464	-0.0594633078137738	0.467432950428313	0.611386418997825	0.984178323937806	0.522603581171114	0.952026903003847	k__Bacteria|p__Proteobacteria|c__Gammaproteobacteria|o__Enterobacterales|f__Enterobacteriaceae|g__Escherichia|s__Escherichia_albertii
-0.570310558258411	-1.37084746460059	-0.16632011000622	1.432494904192	12.660694850715	0.119346957004963	0.419811321350841	0.0460237407242965	0.984198371321386	0.133788777872311	0.996873338735633	k__Bacteria|p__Firmicutes|c__Bacilli|o__Lactobacillales|f__Lactobacillaceae|g__Lactobacillus|s__Lactobacillus_rogosae
-2.61209854252384	-2.43014385423453	-2.67229718646554	-0.256025351514678	4.44810953161353	-0.0494605649566444	0.479221927648453	0.606415291364012	0.984237420380936	0.579813057509846	0.960641101398568	k__Bacteria|p__Firmicutes|c__Clostridia|o__Clostridiales|f__Clostridiales_Family_XIII_Incertae_Sedis|g__Clostridiales_Family_XIII_Incertae_Sedis_unclassified|s__Eubacterium_minutum
-2.60092703698518	-2.35812760638524	-2.6767832944383	-0.347873978934603	4.34831734021861	-0.0647527176203121	0.463896257262413	0.611788496796673	0.984239581835887	0.525254013167271	0.957193751026683	k__Bacteria|p__Firmicutes|c__Clostridia|o__Clostridiales|f__Ruminococcaceae|g__Gemmiger|s__Gemmiger_sp_An50
-2.60760883814675	-2.42702490736589	-2.68335871431819	-0.215243051609338	4.40246381079979	-0.040946995601521	0.477004717148035	0.584767246237653	0.98424275014634	0.571764831766019	0.95805555631509	k__Bacteria|p__Firmicutes|c__Negativicutes|o__Selenomonadales|f__Selenomonadaceae|g__Selenomonas|s__Selenomonas_sputigena
-2.63059636681824	-2.41437501117388	-2.70994332249636	-0.227260469835111	4.43541563160404	-0.0461798477394445	0.4746462265992	0.669755245094097	0.984722175416663	0.581574857683547	0.957690714889021	k__Bacteria|p__Bacteroidetes|c__Bacteroidia|o__Bacteroidales|f__Prevotellaceae|g__Prevotella|s__Prevotella_histicola
-2.58121185878074	-2.40449467827222	-2.6344491933843	-0.20282863915126	4.47040172471329	-0.0417571153189993	0.476569407773867	0.679405479677755	0.985110267171785	0.629783151335664	0.962103776234941	k__Bacteria|p__Firmicutes|c__Clostridia|o__Clostridiales|f__Lachnospiraceae|g__Oribacterium|s__Oribacterium_asaccharolyticum
-2.57226899210524	-2.37324957912606	-2.63234294903062	-0.19410478780541	4.44051332729356	-0.0384119953656854	0.476274683343359	0.656168901108482	0.98514165716162	0.569340765601538	0.956975627944778	k__Bacteria|p__Firmicutes|c__Bacilli|o__Lactobacillales|f__Enterococcaceae|g__Enterococcus|s__Enterococcus_cecorum
-2.59459096622156	-2.35801281700567	-2.66198743417466	-0.29120490421028	4.4675223969907	-0.0532255485161323	0.469790745872287	0.610273396127949	0.985550696823218	0.56750307813351	0.95661522462693	k__Bacteria|p__Firmicutes|c__Tissierellia|o__Tissierellales|f__Peptoniphilaceae|g__Peptoniphilus|s__Peptoniphilus_sp_HMSC062D09
-2.55983799517643	-2.25254530818364	-2.65929868570198	-0.361417553900056	4.62911344771746	-0.0685531363394187	0.462422635109978	0.499617225089134	0.98589968479976	0.456219894389742	0.949522683614019	k__Bacteria|p__Fusobacteria|c__Fusobacteriia|o__Fusobacteriales|f__Fusobacteriaceae|g__Fusobacterium|s__Fusobacterium_gonidiaformans
-2.6177865878434	-2.4444851148357	-2.66987149429851	-0.302752035658823	4.42512814766759	-0.0573989114134396	0.470380194733285	0.601929058556944	0.985911559984483	0.578188323531464	0.950280524038159	k__Bacteria|p__Firmicutes|c__Bacilli|o__Lactobacillales|f__Lactobacillaceae|g__Lactobacillus|s__Lactobacillus_saerimneri
-2.5910599303666	-2.36654411976462	-2.66425177128431	-0.302207357046907	4.45229625415167	-0.055952665451719	0.471403302094592	0.631295359185944	0.986099027653101	0.536777101413475	0.969858583133438	k__Bacteria|p__Fusobacteria|c__Fusobacteriia|o__Fusobacteriales|f__Fusobacteriaceae|g__Fusobacterium|s__Fusobacterium_sp_oral_taxon_370
-2.52705720861008	-2.28221596290525	-2.61347002546865	-0.348833087110293	4.91041223819815	-0.0561401388393751	0.466254052706338	0.499868912325617	0.98631411358527	0.48977795358663	0.948010620093988	k__Bacteria|p__Bacteroidetes|c__Bacteroidia|o__Bacteroidales|f__Bacteroidaceae|g__Bacteroides|s__Bacteroides_faecichinchillae
-1.94735624300023	-1.3425169424241	-2.12765066255144	-0.994910297749557	9.86687514522936	-0.100833165476475	0.427645152318029	0.164960662117784	0.986579101979583	0.220481786508364	0.875148834363591	k__Bacteria|p__Firmicutes|c__Clostridia|o__Clostridiales|f__Eubacteriaceae|g__Eubacterium|s__Eubacterium_callanderi
-2.06709885974103	-2.13709807619372	-2.04049352711952	0.248392338094797	6.78739988209887	0.0288850784282812	0.475235849236407	0.156479045184407	0.986640445992879	0.576299788915452	1	k__Bacteria|p__Bacteroidetes|c__Bacteroidia|o__Bacteroidales|f__Rikenellaceae|g__Alistipes|s__Alistipes_onderdonkii
-2.64825710569938	-2.47764713842492	-2.71088402451314	-0.283994673223848	4.43737326289379	-0.0536771309688874	0.468750000227225	0.630739231459924	0.986852011169793	0.601883096829341	0.949689048604007	k__Bacteria|p__Fusobacteria|c__Fusobacteriia|o__Fusobacteriales|f__Leptotrichiaceae|g__Leptotrichia|s__Leptotrichia_hofstadii
-1.96361110904195	-2.19244395454318	-1.8857139131339	0.55951306512218	6.67328592835648	0.0639305767502371	0.455054524348031	0.135152571566386	0.986852959969068	0.443003036227303	0.997555477102509	k__Bacteria|p__Firmicutes|c__Bacilli|o__Lactobacillales|f__Leuconostocaceae|g__Weissella|s__Weissella_confusa
-2.60153328086887	-2.40809194962923	-2.66147490813838	-0.274184978897422	4.39846717126315	-0.0530285359178693	0.471264368024785	0.572514917892665	0.986953554879033	0.546275262254709	0.963871614702921	k__Bacteria|p__Firmicutes|c__Bacilli|o__Lactobacillales|f__Enterococcaceae|g__Enterococcus|s__Enterococcus_sulfureus
-2.64121921664455	-2.45508005947939	-2.71067877838598	-0.302235964159642	4.4277980738173	-0.0637271648071784	0.468160377590039	0.587428992829008	0.987025131310535	0.556915109056472	0.963997896214979	k__Bacteria|p__Fusobacteria|c__Fusobacteriia|o__Fusobacteriales|f__Leptotrichiaceae|g__Leptotrichia|s__Leptotrichia_sp_oral_taxon_879
-2.62407775253838	-2.32511126229336	-2.72996796966729	-0.426912057462308	4.58299087126244	-0.0708105638173899	0.459021226713903	0.39649874967183	0.987040639628474	0.448843024008749	0.936445021720355	k__Bacteria|p__Firmicutes|c__Clostridia|o__Clostridiales|f__Eubacteriaceae|g__Eubacteriaceae_unclassified|s__Eubacteriaceae_bacterium_CHKCI005
-2.6367083409352	-2.3609247095722	-2.71461539582105	-0.244501646700968	4.44133465744873	-0.0442545411686683	0.475530660555011	0.614338486862836	0.987103290843024	0.531709473066241	0.958542202623828	k__Bacteria|p__Bacteroidetes|c__Bacteroidia|o__Bacteroidales|f__Prevotellaceae|g__Prevotella|s__Prevotella_sp_S7_1_8
-2.54906792760536	-2.30821516698612	-2.62563324745478	-0.285343507736089	4.37099072930045	-0.0597702209480153	0.46920129701129	0.620303015633703	0.987126903246317	0.546168567627108	0.960522138202839	k__Bacteria|p__Firmicutes|c__Bacilli|o__Lactobacillales|f__Carnobacteriaceae|g__Alkalibacterium|s__Alkalibacterium_thalassium
-2.51402059875688	-2.28094469676492	-2.59419406849937	-0.306633670428312	4.73142841698569	-0.0502015611146698	0.470969643594284	0.564366688678982	0.987164387661527	0.54382136004612	0.95033192461052	k__Bacteria|p__Firmicutes|c__Clostridia|o__Clostridiales|f__Ruminococcaceae|g__Pseudoflavonifractor|s__Pseudoflavonifractor_capillosus
-2.66838764406899	-2.4251994374001	-2.74074502546828	-0.246741317381771	4.42225883555307	-0.0461359222084989	0.478043029926411	0.629793901444474	0.987214075572565	0.580048970687893	0.952160228802988	k__Bacteria|p__Firmicutes|c__Clostridia|o__Clostridiales|f__Oscillospiraceae|g__Oscillibacter|s__Oscillibacter_sp_PC13
-2.6174494950179	-2.39218171246225	-2.69132247515452	-0.210568686283558	4.46591973382497	-0.0420635668712609	0.478337754356921	0.627979682680686	0.987287446690339	0.577360989442254	0.955067215855089	k__Bacteria|p__Firmicutes|c__Clostridia|o__Clostridiales|f__Hungateiclostridiaceae|g__Mageeibacillus|s__Mageeibacillus_indolicus
-2.58986482550064	-2.3540749741021	-2.67884473314094	-0.318121301962071	4.47525200212467	-0.0562120572504661	0.469044811545819	0.664827554730257	0.987464978860354	0.541284247971194	0.94429459312398	k__Bacteria|p__Bacteroidetes|c__Bacteroidia|o__Bacteroidales|f__Prevotellaceae|g__Prevotella|s__Prevotella_sp_885
-2.59494279930462	-2.33987235305804	-2.67958825471501	-0.397089832946545	4.46859798641002	-0.0828636384629704	0.457547170121031	0.584585035669509	0.98756958127985	0.539610035175622	0.969172058463348	k__Bacteria|p__Bacteroidetes|c__Bacteroidia|o__Bacteroidales|f__Bacteroidaceae|g__Bacteroides|s__Bacteroides_sp_CAG_598
-2.42791518083661	-2.10726359757772	-2.53489290317942	-0.357709156897814	5.19520118448658	-0.0539871347735004	0.465959328275846	0.472780189040771	0.98758808938524	0.468260192704839	0.933165961144811	k__Bacteria|p__Actinobacteria|c__Actinobacteria|o__Actinomycetales|f__Actinomycetaceae|g__Actinomyces|s__Actinomyces_johnsonii
-2.62000253350669	-2.39156368567916	-2.68340476810343	-0.217818293011879	4.44012921195703	-0.0412336797398144	0.478043029926411	0.607859453790303	0.987613059036154	0.550291285717301	0.959864974038407	k__Bacteria|p__Firmicutes|c__Bacilli|o__Lactobacillales|f__Lactobacillaceae|g__Lactobacillus|s__Lactobacillus_farciminis
-1.48087839263014	-1.85895772935002	-1.32612335419712	0.791265969650551	9.72482395019307	0.085296237388157	0.443396226830387	0.077703956357311	0.987623903377652	0.269158445811431	0.994427536923702	k__Bacteria|p__Actinobacteria|c__Coriobacteriia|o__Coriobacteriales|f__Atopobiaceae|g__Atopobium|s__Atopobium_rimae
-2.54147371508655	-2.39301964165117	-2.59499068563061	-0.173581171401791	4.4595044809432	-0.0373032755330329	0.482758620814606	0.706187797173076	0.987672439444026	0.618216186118958	0.980558643352711	k__Bacteria|p__Firmicutes|c__Clostridia|o__Clostridiales|f__Clostridiaceae|g__Clostridium|s__Clostridium_sp_SY8519
-2.49947751665285	-2.39577743563647	-2.52722557253336	-0.118677271233818	4.68080540445855	-0.0179720229789002	0.489681603848352	0.628344045430715	0.987679677272515	0.703796011242302	0.986260318410834	k__Eukaryota|p__Ascomycota|c__Saccharomycetes|o__Saccharomycetales|f__Saccharomycetaceae|g__Saccharomyces|s__Saccharomyces_cerevisiae
-2.58428833372663	-2.40260198449909	-2.64591609610023	-0.191934778485965	4.50066641550168	-0.0338712250099686	0.48142688692716	0.656310649214713	0.98771288967514	0.594572689614963	0.970140831885879	k__Bacteria|p__Firmicutes|c__Clostridia|o__Clostridiales|f__Ruminococcaceae|g__Ruminococcus|s__Ruminococcus_obeum_CAG_39
-2.59831462209075	-2.43435394393461	-2.65794596130096	-0.175015787963384	4.61362291798864	-0.0317025393962245	0.485554245387734	0.639145668198665	0.987933532295428	0.603361951924602	0.976389953996647	k__Bacteria|p__Firmicutes|c__Negativicutes|o__Selenomonadales|f__Selenomonadaceae|g__Selenomonas|s__Selenomonas_noxia
-2.58293474011501	-2.28441970904287	-2.69059500729322	-0.369149301202681	4.34071418525646	-0.0688629662591632	0.463896257262413	0.539941686959618	0.988032403734589	0.457480304298094	0.937988949299985	k__Bacteria|p__Proteobacteria|c__Gammaproteobacteria|o__Enterobacterales|f__Morganellaceae|g__Providencia|s__Providencia_rettgeri
-2.59877861357584	-2.35715725968232	-2.67350114897518	-0.351060004376473	4.38732786837728	-0.0664975269662586	0.461538461818524	0.581423460063942	0.988052793023483	0.518106342487989	0.951520772718177	k__Bacteria|p__Firmicutes|c__Bacilli|o__Bacillales|f__Staphylococcaceae|g__Staphylococcus|s__Staphylococcus_warneri
-2.59271095746952	-2.30299151019341	-2.68254135482965	-0.30750661740797	4.47758330262775	-0.0593257096544263	0.467865566271445	0.601031778560816	0.988063981747621	0.522022304908774	0.940295585668867	k__Bacteria|p__Firmicutes|c__Bacilli|o__Bacillales|f__Bacillaceae|g__Bacillus|s__Bacillus_haynesii
-2.54433364106237	-2.29086378487644	-2.64281113067343	-0.374508190686026	4.77158339622646	-0.0590903028927084	0.463148585174025	0.383651370927663	0.988195749553035	0.439840532596805	0.930941718001669	k__Bacteria|p__Actinobacteria|c__Actinobacteria|o__Bifidobacteriales|f__Bifidobacteriaceae|g__Gardnerella|s__Gardnerella_vaginalis
-2.63356520469319	-2.45190316201679	-2.69961321563095	-0.205249976830544	4.45369102650339	-0.0363418720314046	0.479221927648453	0.660637026226603	0.988421457029432	0.600142985321135	0.972363162278195	k__Bacteria|p__Firmicutes|c__Clostridia|o__Clostridiales|f__Ruminococcaceae|g__Flavonifractor|s__Flavonifractor_sp_An10
-2.5303590989955	-2.34421907208748	-2.60126169951435	-0.23202920320459	4.60277615562616	-0.0441137780118132	0.474801061190825	0.588214895012597	0.988463665645489	0.571285325799725	0.956835254582808	k__Bacteria|p__Bacteroidetes|c__Bacteroidia|o__Bacteroidales|f__Porphyromonadaceae|g__Porphyromonas|s__Porphyromonas_sp_HMSC065F10
-2.59411726084782	-2.35925049351838	-2.6762931311535	-0.309584387586982	4.43787798561209	-0.0614307588001274	0.465075154984372	0.562242099961814	0.988520945999771	0.530028522399032	0.951856104527771	k__Bacteria|p__Actinobacteria|c__Actinobacteria|o__Corynebacteriales|f__Corynebacteriaceae|g__Corynebacterium|s__Corynebacterium_accolens
-2.61848351244553	-2.46728458593898	-2.67013964843085	-0.245350220781289	4.45485225955001	-0.0474219258797505	0.47450633676032	0.656666021091982	0.988720687680048	0.60249165485146	0.960626409058885	k__Bacteria|p__Chloroflexi|c__Anaerolineae|o__Anaerolineales|f__Anaerolineaceae|g__Anaerolineaceae_unclassified|s__Anaerolineaceae_bacterium_oral_taxon_439
10.679612963822	1.16578998526354	11.279598560616	2.8004152297689	16.6837078976351	0.198082972984776	0.40347774903106	0.0261962801687727	0.988848362071401	0.0436276829733627	1	k__Bacteria|p__Firmicutes|c__Clostridia|o__Clostridiales|f__Lachnospiraceae|g__Lachnospira|s__Lachnospira_pectinoschiza
-2.59698789036367	-2.39308764490548	-2.66477733427557	-0.188592647300517	4.53568177624868	-0.0337217306237136	0.479811376509475	0.60142750532061	0.988928009977499	0.559811511556916	0.945163097467322	k__Bacteria|p__Proteobacteria|c__Gammaproteobacteria|o__Enterobacterales|f__Enterobacteriaceae|g__Raoultella|s__Raoultella_planticola
-2.58704569398705	-2.41714342105415	-2.63952350945275	-0.210352802616761	4.41730382841396	-0.0408436010972058	0.477299528466642	0.620799051438775	0.989065190364034	0.577848477018442	0.953313176028774	k__Bacteria|p__Proteobacteria|c__Gammaproteobacteria|o__Pasteurellales|f__Pasteurellaceae|g__Aggregatibacter|s__Aggregatibacter_sp_oral_taxon_458
-2.6300813197122	-2.46856081617261	-2.6749982559638	-0.24145766821103	4.40703939049241	-0.048526692925585	0.474056603961996	0.655796878902351	0.989592661275452	0.60138793434403	0.963649662270437	k__Bacteria|p__Bacteroidetes|c__Bacteroidia|o__Bacteroidales|f__Rikenellaceae|g__Alistipes|s__Alistipes_sp_An31A
-2.62709457880599	-2.31721885976426	-2.72396834189591	-0.288898495260156	4.37699604660195	-0.0564364277055781	0.470380194733285	0.587438286958933	0.989770073698233	0.502156018582249	0.948342235055037	k__Bacteria|p__Firmicutes|c__Bacilli|o__Lactobacillales|f__Enterococcaceae|g__Enterococcus|s__Enterococcus_dispar
13.2267835659262	1.27742463032292	14.032224308	2.30094746888001	17.0042084775621	0.157750702566558	0.403772473461328	0.0285811196201759	0.989832449456583	0.0399188195141109	0.995316377286358	k__Bacteria|p__Firmicutes|c__Clostridia|o__Clostridiales|f__Lachnospiraceae|g__Roseburia|s__Roseburia_hominis
-2.59811526829601	-2.47822798856706	-2.64086571390128	-0.244982288785341	4.43390268528481	-0.0445303222646532	0.47612028319222	0.641505306593712	0.989995525306758	0.611749236018157	0.948603331952771	k__Bacteria|p__Firmicutes|c__Clostridia|o__Clostridiales|f__Ruminococcaceae|g__Gemmiger|s__Gemmiger_sp_An87
-2.59790404635262	-2.41928635643431	-2.66718761507551	-0.315467777530154	4.54994302454597	-0.0572224122149286	0.469929245501606	0.515513699726283	0.99046087340661	0.521800579919231	0.957815336074368	k__Bacteria|p__Firmicutes|c__Bacilli|o__Lactobacillales|f__Streptococcaceae|g__Lactococcus|s__Lactococcus_raffinolactis
-2.59314205776557	-2.36847451025273	-2.67136670059862	-0.308420703413429	4.4203152589511	-0.0568956903267118	0.469634434183011	0.655112428024192	0.990469198487611	0.545030089667545	0.961004905253337	k__Bacteria|p__Firmicutes|c__Firmicutes_unclassified|o__Firmicutes_unclassified|f__Firmicutes_unclassified|g__Firmicutes_unclassified|s__Firmicutes_bacterium_CAG_534
-2.43416510859186	-2.12725645355547	-2.53349535782666	-0.500533296879642	5.81203405494677	-0.0650623573032254	0.455483490891038	0.329682913613472	0.990490093229469	0.419893760015923	0.928975434595137	k__Bacteria|p__Actinobacteria|c__Actinobacteria|o__Corynebacteriales|f__Corynebacteriaceae|g__Corynebacterium|s__Corynebacterium_argentoratense
-2.60483505513099	-2.29561032481512	-2.69901921005697	-0.284791589548933	4.60935783277033	-0.0471902754645709	0.474801061190825	0.508594183685245	0.99051396677891	0.495325446001796	0.943115313888279	k__Bacteria|p__Firmicutes|c__Clostridia|o__Clostridiales|f__Eubacteriaceae|g__Eubacterium|s__Eubacterium_maltosivorans
-2.59079065436796	-2.43317806660427	-2.65330602890691	-0.208152558155483	4.4466536590163	-0.0392937039849619	0.479516652078964	0.667969589003455	0.990717193966755	0.608581273756001	0.9714291133046	k__Bacteria|p__Firmicutes|c__Bacilli|o__Lactobacillales|f__Enterococcaceae|g__Melissococcus|s__Melissococcus_sp_OM08_11BH
-2.63418080534607	-2.39902430610794	-2.70772180935213	-0.257715457817467	4.55904530766259	-0.0465615470701234	0.474801061190825	0.613697706874824	0.990775829100192	0.569165045525739	0.964953064608975	k__Bacteria|p__Firmicutes|c__Bacilli|o__Lactobacillales|f__Lactobacillaceae|g__Lactobacillus|s__Lactobacillus_sakei
-2.50243812423926	-2.1941666907332	-2.61421348296382	-0.473418079555106	5.18871383253751	-0.0696596570163428	0.454009434298208	0.414981927855364	0.990818487955617	0.478217443031627	0.943643836994907	k__Bacteria|p__Firmicutes|c__Tissierellia|o__Tissierellales|f__Peptoniphilaceae|g__Peptoniphilus|s__Peptoniphilus_harei
-2.6255815816895	-2.51044261612117	-2.66604515938024	-0.0952497815367757	4.51231827954325	-0.0195142696548506	0.491745283078672	0.69855916463472	0.990869014604537	0.644501774973618	0.967484787486374	k__Bacteria|p__Firmicutes|c__Clostridia|o__Clostridiales|f__Clostridiaceae|g__Clostridium|s__Clostridium_sp_CAG_167
-2.27947437198096	-2.32346406479461	-2.25987250244462	0.163747468511639	5.27910504291816	0.0236116795286085	0.486438679343577	0.279813634523914	0.990931671036554	0.635713459778896	0.995991913570175	k__Bacteria|p__Firmicutes|c__Bacilli|o__Lactobacillales|f__Streptococcaceae|g__Streptococcus|s__Streptococcus_pseudopneumoniae
-2.58891606380471	-2.38550106132658	-2.66009534966996	-0.169739664967047	4.39448964360509	-0.0348907708767396	0.479516652078964	0.620072730803985	0.990956647650295	0.568369122742133	0.965645343849233	k__Bacteria|p__Firmicutes|c__Bacilli|o__Lactobacillales|f__Streptococcaceae|g__Streptococcus|s__Streptococcus_parauberis
-2.49033232962167	-2.20873101499568	-2.55969722297915	-0.398797671065823	5.02023060542476	-0.0618436176619857	0.462264151218275	0.606543933770067	0.991139880198377	0.515139371632313	0.959746459971827	k__Bacteria|p__Firmicutes|c__Clostridia|o__Clostridiales|f__Lachnospiraceae|g__Stomatobaculum|s__Stomatobaculum_longum
-2.60930358052229	-2.39949308699094	-2.66886881088061	-0.264223239423648	4.36808064677188	-0.0525749117725345	0.47391688789931	0.550800673445446	0.991248800237628	0.538433788794234	0.96713295736556	k__Bacteria|p__Actinobacteria|c__Actinobacteria|o__Corynebacteriales|f__Corynebacteriaceae|g__Corynebacterium|s__Corynebacterium_matruchotii
-2.50016590026456	-2.2640488523894	-2.57998377773208	-0.265106868979897	4.78937874440148	-0.0482205234440329	0.473761792643393	0.690370789192087	0.991323993448383	0.573710444217922	0.955534060913893	k__Bacteria|p__Firmicutes|c__Clostridia|o__Clostridiales|f__Lachnospiraceae|g__Lachnoclostridium|s__Lachnoclostridium_sp_An118
-2.63592169623316	-2.45608945404646	-2.7031039209639	-0.203489187818022	4.45787177362195	-0.0380912367549921	0.476569407773867	0.66007716038092	0.991356940337213	0.578120982588235	0.966331874523519	k__Bacteria|p__Firmicutes|c__Clostridia|o__Clostridiales|f__Ruminococcaceae|g__Gemmiger|s__Gemmiger_sp_An194
-2.58772912242958	-2.39809746264442	-2.65256049758986	-0.151243423565372	4.49887410705246	-0.0262921399352837	0.485259434069121	0.713668014293291	0.991425532836145	0.602851692151097	0.960156290171661	k__Bacteria|p__Bacteroidetes|c__Bacteroidia|o__Bacteroidales|f__Prevotellaceae|g__Prevotella|s__Prevotella_sp_CAG_1058
-2.586486813267	-2.36482627259718	-2.65360048492619	-0.347441459092012	4.36799329592999	-0.069723701609496	0.465075154984372	0.653842142995024	0.991443868348762	0.551087390091267	0.94847683295339	k__Bacteria|p__Bacteroidetes|c__Bacteroidia|o__Bacteroidales|f__Bacteroidaceae|g__Bacteroides|s__Bacteroides_sp_CAG_462
-2.63054181589852	-2.37158218284104	-2.71775898774451	-0.283371258641029	4.54448832240614	-0.0514065067543023	0.468611848150296	0.444659980020468	0.991501547933657	0.506436938343989	0.952813767298127	k__Bacteria|p__Bacteroidetes|c__Bacteroidia|o__Bacteroidales|f__Bacteroidaceae|g__Bacteroides|s__Bacteroides_oleiciplenus
-2.31988253894729	-2.30254048272896	-2.32529242725757	0.0987382600604132	4.90648154693136	0.0157486908837869	0.490271226485585	0.358572958604363	0.991552153244404	0.686083765552046	0.997706683290943	k__Bacteria|p__Actinobacteria|c__Actinobacteria|o__Actinomycetales|f__Actinomycetaceae|g__Actinomyces|s__Actinomyces_sp_oral_taxon_414
-2.41802059622572	-2.08983827567451	-2.5296467902479	-0.51727928579264	5.55497178589998	-0.0768957834776844	0.454599056935338	0.404187867470599	0.991660908944695	0.464943879173104	0.923279016004711	k__Bacteria|p__Synergistetes|c__Synergistia|o__Synergistales|f__Synergistaceae|g__Pyramidobacter|s__Pyramidobacter_sp_C12_8
-2.59922366504355	-2.34523546603168	-2.69573187863104	-0.293979220828531	4.50667767933406	-0.0544104032023598	0.4683171237198	0.46849595763612	0.991684891635582	0.469524182912089	0.940952260106032	k__Archaea|p__Euryarchaeota|c__Methanobacteria|o__Methanobacteriales|f__Methanobacteriaceae|g__Methanobrevibacter|s__Methanobrevibacter_woesei
-2.57145282111111	-2.36930302646432	-2.63618943926273	-0.281421935662081	4.44656415435328	-0.0565899574366825	0.470224056820202	0.591176211362043	0.991909191034616	0.578905707965175	0.965754658564918	k__Bacteria|p__Firmicutes|c__Tissierellia|o__Tissierellales|f__Peptoniphilaceae|g__Parvimonas|s__Parvimonas_sp_oral_taxon_393
-2.56973452949351	-2.3633119704079	-2.64030794372196	-0.356997393357476	4.74476555613339	-0.0656009519196161	0.46521226440413	0.545090545295145	0.992169900436119	0.546776571084483	0.950620504587277	k__Bacteria|p__Firmicutes|c__Negativicutes|o__Veillonellales|f__Veillonellaceae|g__Negativicoccus|s__Negativicoccus_succinicivorans
-2.45936957251706	-2.21969928417802	-2.54954344319688	-0.285249506431864	4.98477511984877	-0.0535116528318705	0.469790745872287	0.494299675511686	0.992240620505611	0.506559048493985	0.95249643918475	k__Bacteria|p__Firmicutes|c__Bacilli|o__Lactobacillales|f__Streptococcaceae|g__Streptococcus|s__Streptococcus_sp_oral_taxon_058
-2.592031123584	-2.37980850429754	-2.66464960689086	-0.27468236999737	4.50413781949954	-0.0517249657493245	0.47258254736899	0.616010757016423	0.99232352882371	0.552824278450791	0.958758108329193	k__Bacteria|p__Proteobacteria|c__Gammaproteobacteria|o__Aeromonadales|f__Aeromonadaceae|g__Aeromonas|s__Aeromonas_veronii
-2.59384196945296	-2.35549080794631	-2.67073951016464	-0.326895419663769	4.3917381610713	-0.0669248032158856	0.467727674858808	0.579443781449119	0.992332629223764	0.539052809034669	0.949290679666965	k__Bacteria|p__Actinobacteria|c__Actinobacteria|o__Actinomycetales|f__Actinomycetaceae|g__Actinomyces|s__Actinomyces_georgiae
-2.53369353536792	-2.3312449061659	-2.60240348877344	-0.297042901943691	4.6735871535075	-0.0511792699492729	0.475095785621331	0.653268345471833	0.992353582677554	0.572882719809627	0.962513538866576	k__Bacteria|p__Firmicutes|c__Bacilli|o__Lactobacillales|f__Streptococcaceae|g__Streptococcus|s__Streptococcus_sp_HMSC071D03
-2.53695689342963	-2.25713006041698	-2.63155453679653	-0.357902039436173	4.70165848388777	-0.0641113123657901	0.465507075722718	0.513686884765392	0.992358497211658	0.516834569237873	0.94497011263192	k__Bacteria|p__Firmicutes|c__Clostridia|o__Clostridiales|f__Lachnospiraceae|g__Shuttleworthia|s__Shuttleworthia_satelles
-2.56103778878774	-2.37037232335721	-2.62564395389956	-0.24354162035282	4.60463800327213	-0.0440192861328257	0.477594339785248	0.733789224119295	0.992470454361665	0.648085709080048	0.970377785675286	k__Bacteria|p__Proteobacteria|c__Betaproteobacteria|o__Neisseriales|f__Neisseriaceae|g__Neisseria|s__Neisseria_subflava
-2.52143859250733	-2.17256463355348	-2.64795830966447	-0.489437790274357	4.93008522881254	-0.0721417500675651	0.456662736165316	0.544177949923006	0.992517913150421	0.440621493234285	0.919110036226952	k__Bacteria|p__Bacteroidetes|c__Bacteroidia|o__Bacteroidales|f__Prevotellaceae|g__Prevotella|s__Prevotella_sp_CAG_891
-2.54151373570932	-2.34630187497741	-2.61503440801348	-0.324089820316484	4.57133054747504	-0.0553154061983882	0.469044811545819	0.695254785300747	0.992553979983268	0.584563913363681	0.952113623923493	k__Bacteria|p__Firmicutes|c__Clostridia|o__Clostridiales|f__Lachnospiraceae|g__Lachnoclostridium|s__Lachnoclostridium_sp_An131
-2.56768826240163	-2.34747992952192	-2.64176266218166	-0.304603683491912	4.37867180261537	-0.0518871771946849	0.471853816885788	0.651443345229606	0.992606250093692	0.557612092126479	0.967395475653367	k__Bacteria|p__Actinobacteria|c__Actinobacteria|o__Corynebacteriales|f__Corynebacteriaceae|g__Corynebacterium|s__Corynebacterium_variabile
-2.57283493817806	-2.44710194159374	-2.61273864779319	-0.241112743737451	4.39974701434559	-0.0451582887431674	0.475390510051838	0.67095018936586	0.992607731417819	0.639362513205448	0.971444607166597	k__Bacteria|p__Actinobacteria|c__Actinobacteria|o__Corynebacteriales|f__Corynebacteriaceae|g__Corynebacterium|s__Corynebacterium_vitaeruminis
-2.55828415521167	-2.25826622622225	-2.66008122019026	-0.380312510385139	4.71479205678156	-0.0631269131887101	0.465075154984372	0.562998986047768	0.992686012603673	0.46818997535194	0.942848794238125	k__Bacteria|p__Proteobacteria|c__Gammaproteobacteria|o__Enterobacterales|f__Enterobacteriaceae|g__Citrobacter|s__Citrobacter_europaeus
-1.96727830971517	-1.57271258575823	-2.09287592863075	-0.788897070341928	9.27420677946455	-0.0830262692840054	0.442511792874784	0.248612659343103	0.99273549374661	0.337697552366233	0.910134257014427	k__Bacteria|p__Firmicutes|c__Clostridia|o__Clostridiales|f__Ruminococcaceae|g__Ruminococcaceae_unclassified|s__Clostridium_methylpentosum
-2.59428502812144	-2.39040805852281	-2.66134386004199	-0.224155664957827	4.47656857525527	-0.0419815670335362	0.475390510051838	0.713091758054786	0.992750404367565	0.601251877469399	0.955380317713794	k__Bacteria|p__Proteobacteria|c__Gammaproteobacteria|o__Enterobacterales|f__Morganellaceae|g__Proteus|s__Proteus_hauseri
-2.5710100293904	-2.37119454922929	-2.6309417780105	-0.236160792204311	4.42782845558431	-0.0454819864182031	0.476415094510825	0.670576682703601	0.992750623511114	0.566030310125699	0.958468790087481	k__Bacteria|p__Bacteroidetes|c__Bacteroidia|o__Bacteroidales|f__Prevotellaceae|g__Prevotella|s__Prevotella_colorans
-2.4835431333384	-2.15756608466789	-2.59650392597051	-0.46560362290958	5.04606141438263	-0.0747282967971213	0.454599056935338	0.297630324796965	0.992751110777402	0.380902657312844	0.928527507957002	k__Bacteria|p__Firmicutes|c__Bacilli|o__Lactobacillales|f__Enterococcaceae|g__Enterococcus|s__Enterococcus_casseliflavus
-2.59618411627328	-2.43888521863599	-2.65260833009927	-0.168826171699111	4.38615993655314	-0.0339763251610299	0.480695549801011	0.690125406563834	0.992793086314739	0.602499958906735	0.963988522386596	k__Bacteria|p__Firmicutes|c__Bacilli|o__Lactobacillales|f__Lactobacillaceae|g__Pediococcus|s__Pediococcus_pentosaceus
-2.46137764010302	-2.18785110732748	-2.54806722496808	-0.404828408715508	5.26813787451962	-0.0591185644582347	0.461969339899693	0.299105949609134	0.992852632273644	0.43896814694203	0.949785096644183	k__Bacteria|p__Bacteroidetes|c__Bacteroidia|o__Bacteroidales|f__Prevotellaceae|g__Prevotella|s__Prevotella_sp_CAG_1185
-2.54833566504952	-2.44189186144242	-2.58442971206385	-0.112191729453352	4.50790696362768	-0.0242895712640284	0.488502358573885	0.749515158658745	0.992882481467799	0.69181513888186	0.980911063204621	k__Bacteria|p__Actinobacteria|c__Actinobacteria|o__Actinomycetales|f__Actinomycetaceae|g__Actinomyces|s__Actinomyces_massiliensis
-1.42679625684856	-0.633042773409606	-1.68028697503904	-1.24491240261548	12.0854247611628	-0.112847537008592	0.420400943987738	0.16768150140355	0.992898324970936	0.185868471013121	0.868807546281759	k__Bacteria|p__Firmicutes|c__Clostridia|o__Clostridiales|f__Eubacteriaceae|g__Eubacterium|s__Eubacterium_limosum
-2.31938195188071	-1.95708545204029	-2.43993369090343	-0.529036224362589	6.25945033267198	-0.065183755432199	0.452830189023955	0.301340766314406	0.993169928391908	0.393373521802652	0.927417300356618	k__Bacteria|p__Firmicutes|c__Clostridia|o__Clostridiales|f__Lachnospiraceae|g__Anaerostipes|s__Anaerostipes_caccae
-2.4844336614935	-2.20053887050544	-2.59083094286219	-0.305073902270447	4.8355524625198	-0.0520665714894648	0.469929245501606	0.421858271406638	0.993194449657803	0.479817039300706	0.940318298614956	k__Bacteria|p__Bacteroidetes|c__Bacteroidia|o__Bacteroidales|f__Bacteroidaceae|g__Bacteroides|s__Bacteroides_sp_43_108
-2.38457115465655	-2.06633412568145	-2.48556169576413	-0.412133991185639	5.46746050946014	-0.0604297220549814	0.461243737388041	0.505047185279526	0.993231688935389	0.468814390244385	0.9318152438155	k__Bacteria|p__Firmicutes|c__Clostridia|o__Clostridiales|f__Lachnospiraceae|g__Lachnoclostridium|s__Clostridium_hylemonae
-2.39668889156076	-2.06141704611941	-2.51544603533216	-0.48749955800128	5.53858684194702	-0.0644521986991667	0.455349248778501	0.420023721565485	0.993238698274237	0.407517836708139	0.929248986673332	k__Bacteria|p__Firmicutes|c__Clostridia|o__Clostridiales|f__Clostridiaceae|g__Butyricicoccus|s__Butyricicoccus_pullicaecorum
-2.38920599492608	-2.07164976991817	-2.49668638271061	-0.457566167370564	5.79852200255163	-0.06080725707669	0.46301208397095	0.466766469333645	0.993298066540966	0.468787769996193	0.943946142794503	k__Bacteria|p__Bacteroidetes|c__Bacteroidia|o__Bacteroidales|f__Prevotellaceae|g__Prevotella|s__Prevotella_disiens
-2.54216805555775	-2.21189356947805	-2.65702860989127	-0.412950717101289	4.85024450084549	-0.0720075842066186	0.462127910679493	0.465094163477738	0.993403582719055	0.419379169550351	0.939036871828313	k__Bacteria|p__Firmicutes|c__Bacilli|o__Lactobacillales|f__Enterococcaceae|g__Enterococcus|s__Enterococcus_hirae
-2.53163259315226	-2.28287062779943	-2.60722542463316	-0.216415587487758	4.87212187171736	-0.0376016221599926	0.478927203217942	0.768736070701721	0.993490839723273	0.577234353017497	0.965645935002974	k__Bacteria|p__Proteobacteria|c__Gammaproteobacteria|o__Pasteurellales|f__Pasteurellaceae|g__Haemophilus|s__Haemophilus_paraphrohaemolyticus
-2.52268773059834	-2.1910492178424	-2.62932193522492	-0.509276948259162	5.15276489258958	-0.0604993101247975	0.457412319791811	0.382696305593305	0.993499854126027	0.436456379862211	0.925906683348723	k__Bacteria|p__Firmicutes|c__Bacilli|o__Lactobacillales|f__Lactobacillaceae|g__Lactobacillus|s__Lactobacillus_johnsonii
-2.55770984022765	-2.44085064962086	-2.60506078223309	-0.137132396962144	4.48579021179823	-0.0275583560834516	0.487912735936654	0.711372011406718	0.993719876228575	0.652201139213525	0.972095290809304	k__Bacteria|p__Firmicutes|c__Bacilli|o__Lactobacillales|f__Enterococcaceae|g__Enterococcus|s__Enterococcus_italicus
-2.41574432935487	-2.26459800297409	-2.45915881520705	-0.235388320672897	5.22578743236317	-0.0383020999779046	0.477889151103855	0.695433725584859	0.993779446486112	0.641926986409667	0.965446620970801	k__Bacteria|p__Firmicutes|c__Clostridia|o__Clostridiales|f__Clostridiales_Family_XIII_Incertae_Sedis|g__Clostridiales_Family_XIII_Incertae_Sedis_unclassified|s__Eubacterium_saphenum
-2.55132456009577	-2.3298346561847	-2.63038280650222	-0.276181518153926	4.58542529762683	-0.0469864491804736	0.472443265746792	0.427723396752265	0.993883396345371	0.504363569305472	0.955609390991043	k__Bacteria|p__Bacteroidetes|c__Bacteroidia|o__Bacteroidales|f__Prevotellaceae|g__Prevotella|s__Prevotella_sp_CAG_1092
-2.5843262383304	-2.42872891624359	-2.63899497125642	-0.167199243769202	4.53278116186908	-0.0300705463226231	0.480990274231524	0.674458156137003	0.993897305774051	0.620900735922318	0.966166863668107	k__Bacteria|p__Firmicutes|c__Bacilli|o__Lactobacillales|f__Streptococcaceae|g__Streptococcus|s__Streptococcus_sp_HMSC070B10
-2.54375386541173	-2.44100215114575	-2.57971718469969	-0.165770577024301	4.63958078846976	-0.0304236581888338	0.483785377476053	0.756214742092524	0.993943999974406	0.676947056110276	0.978958648088994	k__Bacteria|p__Firmicutes|c__Bacilli|o__Lactobacillales|f__Streptococcaceae|g__Streptococcus|s__Streptococcus_gallolyticus
-2.56930757087645	-2.42491021136105	-2.62235871988575	-0.114588322131086	4.50837432703815	-0.0205099261812059	0.488207547255269	0.740398806741796	0.993959230880729	0.611599181858739	0.974942400837619	k__Bacteria|p__Actinobacteria|c__Coriobacteriia|o__Coriobacteriales|f__Atopobiaceae|g__Atopobium|s__Atopobium_vaginae
9.70633005517055	11.7336080327705	9.17897226003214	-1.45748392397221	14.6230875400282	-0.11025931052354	0.424108459153516	0.108628921097417	0.994127593988207	0.131169672321	0.9115962748038	k__Bacteria|p__Firmicutes|c__Clostridia|o__Clostridiales|f__Ruminococcaceae|g__Anaerotruncus|s__Anaerotruncus_colihominis
-2.59623986255611	-2.4120815736808	-2.66338622966177	-0.231279569691948	4.44174619154726	-0.0453678803798905	0.475685234482345	0.673046299537489	0.994161839251962	0.592933491988108	0.970415129959968	k__Bacteria|p__Actinobacteria|c__Actinobacteria|o__Corynebacteriales|f__Corynebacteriales_unclassified|g__Lawsonella|s__Lawsonella_clevelandensis
-2.53438356463349	-2.36779318130463	-2.58606210841946	-0.258560960761942	4.51301500405578	-0.047106105686451	0.47228773605039	0.719383734957384	0.994245633063616	0.619186457009658	0.959639749934632	k__Bacteria|p__Firmicutes|c__Erysipelotrichia|o__Erysipelotrichales|f__Erysipelotrichaceae|g__Erysipelatoclostridium|s__Clostridium_cocleatum
-2.52507109888533	-2.35422868587345	-2.57432832665164	-0.194540391080405	4.73630695542353	-0.0304718181148268	0.482900943520217	0.65305802328827	0.994286457469351	0.604654109929897	0.971040057691702	k__Bacteria|p__Proteobacteria|c__Gammaproteobacteria|o__Enterobacterales|f__Enterobacteriaceae|g__Cronobacter|s__Cronobacter_malonaticus
-2.58085616705853	-2.39171794738833	-2.64848074554104	-0.212217114937298	4.44442116932294	-0.0423309800486931	0.476415094510825	0.651322950937704	0.994337158283398	0.588373735780322	0.969876891009848	k__Bacteria|p__Proteobacteria|c__Gammaproteobacteria|o__Pseudomonadales|f__Pseudomonadaceae|g__Pseudomonas|s__Pseudomonas_putida_group
-2.56855783621882	-2.42072245183524	-2.61830560002704	-0.185187654636376	4.41796124368773	-0.0402414893433586	0.482016509564382	0.68878361953324	0.99441178343006	0.614885744218687	0.969773708632949	k__Bacteria|p__Bacteroidetes|c__Bacteroidia|o__Bacteroidales|f__Prevotellaceae|g__Prevotella|s__Prevotella_sp_CAG_485
-2.52865000626847	-2.35579488777451	-2.59525443438918	-0.339111560046224	4.6333533586617	-0.0650038615379106	0.462558962536859	0.587994788687582	0.994433082845277	0.549076671991187	0.95306423935191	k__Bacteria|p__Firmicutes|c__Bacilli|o__Lactobacillales|f__Enterococcaceae|g__Enterococcus|s__Enterococcus_thailandicus
-2.57736267660723	-2.49263725375236	-2.60208952492698	-0.107886744563219	4.47537236050119	-0.0203358526580443	0.487617924618038	0.70225259885039	0.99446007025306	0.662718932035024	0.970678060547558	k__Bacteria|p__Firmicutes|c__Clostridia|o__Clostridiales|f__Clostridiaceae|g__Clostridium|s__Clostridium_sp_CAG_510
-2.55429790795872	-2.42802641639792	-2.60530120619177	-0.145141167653925	4.57735948687637	-0.0257645756496436	0.486295313980797	0.724488827872361	0.994552623058583	0.63296063373119	0.958473145390664	k__Bacteria|p__Bacteroidetes|c__Bacteroidia|o__Bacteroidales|f__Prevotellaceae|g__Prevotella|s__Prevotella_sp_CAG_1320
-2.59977180347086	-2.32477849892778	-2.69438249919131	-0.347446947445569	4.42795947559549	-0.0701476056194849	0.464622641766955	0.607698044650067	0.99456074260878	0.533914168951199	0.955406481497298	k__Bacteria|p__Firmicutes|c__Clostridia|o__Clostridiales|f__Clostridiaceae|g__Clostridium|s__Clostridium_baratii
-2.51953557544986	-2.31509726998153	-2.5974124721425	-0.243713758752184	4.77055485038001	-0.0377615307979062	0.474056603961996	0.475310916875998	0.994594931937259	0.511564097625446	0.95965196365672	k__Bacteria|p__Firmicutes|c__Bacilli|o__Lactobacillales|f__Streptococcaceae|g__Streptococcus|s__Streptococcus_agalactiae
-2.54779851933872	-2.29411940085208	-2.62977695863477	-0.33201389724794	4.64296329454958	-0.0567065126627125	0.470813679457396	0.578363293632753	0.994603456454607	0.520030596361183	0.962109666503093	k__Bacteria|p__Firmicutes|c__Bacilli|o__Lactobacillales|f__Streptococcaceae|g__Streptococcus|s__Streptococcus_peroris
-2.60908316175586	-2.42411288026094	-2.66433009498211	-0.0748340331978348	4.42321762350533	-0.0135836945477059	0.492040094397289	0.669165344108744	0.994701152464616	0.59164226026368	0.970808834450451	k__Bacteria|p__Firmicutes|c__Bacilli|o__Lactobacillales|f__Leuconostocaceae|g__Weissella|s__Weissella_halotolerans
-2.53046624848748	-2.33709966411234	-2.59507870092799	-0.324774216055916	4.76927514183544	-0.0550062377534094	0.469496021441788	0.646119308533852	0.994711484316501	0.611064744970786	0.958178103813567	k__Bacteria|p__Firmicutes|c__Bacilli|o__Lactobacillales|f__Streptococcaceae|g__Streptococcus|s__Streptococcus_sp_NLAE_zl_C503
-2.43125595911151	-2.08381113646058	-2.53113250300179	-0.485038629030242	5.81541500132808	-0.0573258303171373	0.456367924846746	0.305913476095095	0.994712209546035	0.406800806721776	0.926658361179011	k__Bacteria|p__Firmicutes|c__Clostridia|o__Clostridiales|f__Peptostreptococcaceae|g__Clostridioides|s__Clostridioides_difficile
-2.46878363268503	-2.22908575704217	-2.55822718003321	-0.331301954330394	4.75725534877057	-0.0571346848085092	0.465369879414862	0.622537230381092	0.994736762633566	0.564951633491547	0.95610235820513	k__Bacteria|p__Firmicutes|c__Clostridia|o__Clostridiales|f__Clostridiaceae|g__Clostridium|s__Clostridium_sp_7_2_43FAA
-1.95424452070501	-1.45602911351228	-2.10222431189742	-0.762922110131987	10.4933769534612	-0.066917111922597	0.448570586877876	0.257371498559582	0.994775273281508	0.337074700074562	0.922315137525864	k__Bacteria|p__Firmicutes|c__Bacilli|o__Lactobacillales|f__Enterococcaceae|g__Enterococcus|s__Enterococcus_faecalis
-2.60797458596781	-2.38425246965359	-2.67728617697238	-0.234342971793144	4.4981249123195	-0.0420217517682933	0.475979958912852	0.701836140426342	0.994845915604858	0.561349378656054	0.958407517291287	k__Bacteria|p__Firmicutes|c__Clostridia|o__Clostridiales|f__Clostridiaceae|g__Clostridium|s__Clostridium_sp_CAG_413
-2.59315347801494	-2.41197114160274	-2.65955335169305	-0.241910901579343	4.4525960475793	-0.0476892700080917	0.474211612329815	0.643655677928473	0.994868003253939	0.576315606238275	0.96604417438002	k__Bacteria|p__Firmicutes|c__Clostridia|o__Clostridiales|f__Clostridiaceae|g__Clostridium|s__Clostridium_sp_MSTE9
-2.63534368265122	-2.46742095890722	-2.6992236441067	-0.244621046174398	4.51636050156251	-0.0479479349438355	0.476274683343359	0.698099421369198	0.994869486510486	0.590114113637049	0.956002353805534	k__Bacteria|p__Proteobacteria|c__Gammaproteobacteria|o__Pasteurellales|f__Pasteurellaceae|g__Haemophilus|s__Haemophilus_parahaemolyticus
-1.71262689704307	-1.25016152063202	-1.84332684988781	-0.874431164354815	11.8537681369376	-0.0755900397100096	0.442216981556252	0.270352261628777	0.994876675856618	0.354644314833947	0.940642175633057	k__Bacteria|p__Bacteroidetes|c__Bacteroidia|o__Bacteroidales|f__Tannerellaceae|g__Parabacteroides|s__Parabacteroides_johnsonii
-2.5940983266597	-2.42059589397558	-2.65147195016218	-0.211940218022647	4.46452145951898	-0.0366971822927998	0.479952830334111	0.646765344996877	0.99492205108505	0.557346097028248	0.958927466874037	k__Bacteria|p__Proteobacteria|c__Gammaproteobacteria|o__Enterobacterales|f__Enterobacteriaceae|g__Kluyvera|s__Kluyvera_cryocrescens
-2.57760668743627	-2.35476358681677	-2.6480382549903	-0.306319299222059	4.46445496898185	-0.0568000710589081	0.46727594363426	0.592667867570752	0.994982733883001	0.542576457630399	0.96704882735352	k__Bacteria|p__Firmicutes|c__Bacilli|o__Lactobacillales|f__Leuconostocaceae|g__Leuconostoc|s__Leuconostoc_pseudomesenteroides
-2.55409716726637	-2.37089484310781	-2.61703230208643	-0.232664597937308	4.49541461619852	-0.0418433265916454	0.478478773741069	0.726347549451895	0.995076441161264	0.610934340646657	0.965589140953305	k__Bacteria|p__Proteobacteria|c__Epsilonproteobacteria|o__Campylobacterales|f__Campylobacteraceae|g__Campylobacter|s__Campylobacter_showae
-2.43280971883099	-2.08416507859278	-2.54747516630073	-0.422954451794356	5.61918413759857	-0.0555024200663034	0.458296493083239	0.455530364204472	0.995087982024718	0.461158763089853	0.944152541731853	k__Bacteria|p__Firmicutes|c__Bacilli|o__Lactobacillales|f__Lactobacillaceae|g__Lactobacillus|s__Lactobacillus_oris
-2.38497871154714	-2.26307537635196	-2.43060619713434	-0.0979769960544843	5.16285731293537	-0.0177146083708516	0.488653109424942	0.745093036942905	0.995104589295093	0.670729229755309	0.971335283815595	k__Bacteria|p__Firmicutes|c__Clostridia|o__Clostridiales|f__Clostridiales_Family_XIII_Incertae_Sedis|g__Mogibacterium|s__Mogibacterium_pumilum
-2.63159706595674	-2.3784560375029	-2.72993658378462	-0.305814824145044	4.36391164264322	-0.0545428190294034	0.468750000227225	0.561503976637111	0.995195916080794	0.526406523169063	0.963533764121537	k__Bacteria|p__Proteobacteria|c__Gammaproteobacteria|o__Enterobacterales|f__Enterobacteriaceae|g__Citrobacter|s__Citrobacter_sp_MGH106
-2.526708716009	-2.45144998595471	-2.54541739707485	-0.0496322495808084	4.66823002981053	-0.00667314807650069	0.496021220187953	0.694215468525835	0.995232457310067	0.705669658601524	0.982441613867068	k__Bacteria|p__Proteobacteria|c__Gammaproteobacteria|o__Enterobacterales|f__Enterobacteriaceae|g__Klebsiella|s__Klebsiella_variicola_CAG_634
-2.58168385803471	-2.39297429933818	-2.63984526020946	-0.176248194171748	4.48014493780842	-0.0330818729816282	0.480990274231524	0.693020208797791	0.995279241470972	0.598506951638912	0.972149725112042	k__Bacteria|p__Firmicutes|c__Bacilli|o__Lactobacillales|f__Leuconostocaceae|g__Leuconostoc|s__Leuconostoc_lactis
-2.57143281313977	-2.42444512503013	-2.63111481335144	-0.140463408568431	4.50425184337224	-0.0315031395026965	0.482758620814606	0.679978631707872	0.99528860171506	0.633740959308125	0.972199884149016	k__Bacteria|p__Firmicutes|c__Bacilli|o__Bacillales|f__Bacillales_unclassified|g__Gemella|s__Gemella_asaccharolytica
-2.34546091573154	-2.03536249680388	-2.44454729728016	-0.579427937600514	5.52888327946778	-0.0846269160761545	0.450338933460609	0.455612400075929	0.995296102074012	0.437770198663592	0.938653135915301	k__Bacteria|p__Actinobacteria|c__Coriobacteriia|o__Eggerthellales|f__Eggerthellaceae|g__Denitrobacterium|s__Denitrobacterium_detoxificans
-2.60615129101402	-2.40647703891899	-2.6608094863571	-0.235679513605888	4.52566124816748	-0.0419247506698243	0.475235849236407	0.66549574775025	0.995328242396881	0.605038153851118	0.974950309017576	k__Bacteria|p__Firmicutes|c__Clostridia|o__Clostridiales|f__Peptostreptococcaceae|g__Terrisporobacter|s__Terrisporobacter_glycolicus
-2.52345915775747	-2.36044785996017	-2.5776073253007	-0.186506744080129	4.59930029567037	-0.0376003560875809	0.480990274231524	0.744537265708396	0.995344347058668	0.632706054358042	0.964330259539846	k__Bacteria|p__Proteobacteria|c__Gammaproteobacteria|o__Enterobacterales|f__Enterobacteriaceae|g__Cronobacter|s__Cronobacter_sakazakii
-2.45491144742524	-2.19302767242373	-2.54335403345265	-0.436135570451306	5.24727011943716	-0.0671359063486906	0.461833186249008	0.548173191881586	0.995373577829958	0.47544308279527	0.954443301563766	k__Bacteria|p__Firmicutes|c__Tissierellia|o__Tissierellales|f__Peptoniphilaceae|g__Anaerococcus|s__Anaerococcus_vaginalis
-2.54931673768583	-2.22112284034119	-2.65270308055149	-0.398698266165606	4.62935209226588	-0.0625347975713326	0.461674528581111	0.526215946831416	0.995408896160784	0.45719776553491	0.943323022520935	k__Bacteria|p__Firmicutes|c__Bacilli|o__Lactobacillales|f__Lactobacillaceae|g__Lactobacillus|s__Lactobacillus_equicursoris
-2.59733961069874	-2.39314000839004	-2.65413790360122	-0.174003859836819	4.54714406112319	-0.0308374776906498	0.48113207560855	0.702281612803649	0.995432757486791	0.625312746523517	0.976881820959598	k__Bacteria|p__Fusobacteria|c__Fusobacteriia|o__Fusobacteriales|f__Leptotrichiaceae|g__Leptotrichia|s__Leptotrichia_wadei
-2.58428555774266	-2.33663154987668	-2.66880050535564	-0.334244304029601	4.58264789546185	-0.0585338158162226	0.468750000227225	0.510386270339152	0.995458759779065	0.496912851944683	0.946165359040986	k__Bacteria|p__Bacteroidetes|c__Bacteroidia|o__Bacteroidales|f__Prevotellaceae|g__Alloprevotella|s__Alloprevotella_tannerae
9.96777451610963	0.492966725430348	10.6397244650815	2.00331496393528	15.4124144280778	0.144078739595386	0.404775944111873	0.0387028407395088	0.995501610384398	0.0590121723946389	1	k__Bacteria|p__Proteobacteria|c__Gammaproteobacteria|o__Pasteurellales|f__Pasteurellaceae|g__Haemophilus|s__Haemophilus_parainfluenzae
-2.6022844239707	-2.42956599336606	-2.6593282353073	-0.256078968291087	4.59161842913928	-0.0459332556097622	0.475390510051838	0.664902832253202	0.995504588445161	0.587252109312317	0.97923483300758	k__Bacteria|p__Firmicutes|c__Clostridia|o__Clostridiales|f__Ruminococcaceae|g__Subdoligranulum|s__Subdoligranulum_variabile
-2.43161016665903	-2.37628700320608	-2.45103889557302	0.0390030075099581	4.74289154845452	0.00642174114938209	0.496757075495187	0.495652973771722	0.995562078588953	0.752862370407695	0.987631626541358	k__Bacteria|p__Firmicutes|c__Bacilli|o__Lactobacillales|f__Streptococcaceae|g__Streptococcus|s__Streptococcus_macedonicus
-2.46792958702177	-2.36489651672726	-2.50345693298625	-0.0305170760344673	4.74596937027459	-0.00563091308282202	0.497051886813806	0.572250513550736	0.995573307780422	0.741302645742292	0.980240930157925	k__Bacteria|p__Firmicutes|c__Clostridia|o__Clostridiales|f__Lachnospiraceae|g__Faecalicatena|s__Faecalicatena_orotica
-1.65843503540535	-1.9020172017683	-1.54251670696395	0.610177904133336	10.0899220494652	0.055318534387404	0.460654288527075	0.168844586936356	0.995576765371719	0.443010385353483	0.992715174751102	k__Bacteria|p__Firmicutes|c__Negativicutes|o__Veillonellales|f__Veillonellaceae|g__Allisonella|s__Allisonella_histaminiformans
-2.570596876798	-2.34418652161123	-2.64166486548728	-0.235069574869287	4.42981419989047	-0.047592400331118	0.47228773605039	0.702726767772988	0.995587328450321	0.592605970476792	0.956579565746578	k__Bacteria|p__Proteobacteria|c__Gammaproteobacteria|o__Enterobacterales|f__Hafniaceae|g__Hafnia|s__Hafnia_paralvei
-2.49322841407169	-2.34621750763921	-2.53855209640152	-0.271082347647249	5.00350269660368	-0.0390899304354027	0.475825471873615	0.682262852497485	0.995623595315129	0.624343836818345	0.976019485169019	k__Bacteria|p__Proteobacteria|c__Gammaproteobacteria|o__Enterobacterales|f__Morganellaceae|g__Morganella|s__Morganella_morganii
-2.53579496382521	-2.24922365050814	-2.63213995231834	-0.357924817846662	4.85362893866297	-0.0615937104783259	0.462264151218275	0.466639456702436	0.995779024561774	0.474852385941343	0.960738494775097	k__Bacteria|p__Firmicutes|c__Clostridia|o__Clostridiales|f__Ruminococcaceae|g__Anaerofilum|s__Anaerofilum_sp_An201
-2.60836089111682	-2.43470111999238	-2.66711862522769	-0.228822719168075	4.48781106392954	-0.0437400744035067	0.479068396378285	0.74752703599689	0.995817882499599	0.624825382033163	0.969224837654465	k__Bacteria|p__Fusobacteria|c__Fusobacteriia|o__Fusobacteriales|f__Fusobacteriaceae|g__Cetobacterium|s__Cetobacterium_somerae
-2.52275031340124	-2.29025067077337	-2.59948261269564	-0.368051373225869	4.7946304263194	-0.0633584595975407	0.463896257262413	0.627523259261859	0.995822064325458	0.56614973393889	0.961286964429318	k__Bacteria|p__Firmicutes|c__Clostridia|o__Clostridiales|f__Ruminococcaceae|g__Flavonifractor|s__Flavonifractor_sp_An100
-2.39900800788195	-2.00459437691903	-2.52585012742098	-0.618857922752005	5.70219475073299	-0.072537892653688	0.440023578395092	0.246533187212593	0.995833980827518	0.336393968010109	0.917911022944218	k__Bacteria|p__Firmicutes|c__Negativicutes|o__Selenomonadales|f__Selenomonadaceae|g__Megamonas|s__Megamonas_rupellensis
-2.43026600782747	-2.24249425722713	-2.50402120274987	-0.14792630464042	5.02320661106331	-0.0271140819371883	0.48717948727235	0.677649150105068	0.995888648007292	0.591599520107444	0.959758550955793	k__Bacteria|p__Firmicutes|c__Erysipelotrichia|o__Erysipelotrichales|f__Erysipelotrichaceae|g__Eggerthia|s__Eggerthia_catenaformis
-2.57975624040403	-2.41806673655734	-2.6373907340841	-0.240499406794761	4.46234775183216	-0.0445674776702801	0.475235849236407	0.639416555162343	0.995907194835374	0.581550373879364	0.963522232722	k__Bacteria|p__Bacteroidetes|c__Bacteroidia|o__Bacteroidales|f__Tannerellaceae|g__Parabacteroides|s__Parabacteroides_chinchillae
-2.6172559590153	-2.41733187500408	-2.67848564789128	-0.310176035417893	4.37058267458978	-0.0602855081558613	0.467432950428313	0.643993824779259	0.995947181935261	0.591104820586928	0.968003335798496	k__Bacteria|p__Bacteroidetes|c__Bacteroidia|o__Bacteroidales|f__Prevotellaceae|g__Prevotella|s__Prevotella_oris
-2.36919318514162	-2.02189937511647	-2.4743551074318	-0.482562310198867	5.8729697271638	-0.0664615784486859	0.454465075487094	0.473324559859635	0.995951497602119	0.465472478380887	0.925302284589616	k__Bacteria|p__Firmicutes|c__Clostridia|o__Clostridiales|f__Clostridiaceae|g__Clostridium|s__Clostridium_sp_D5
-2.62330936208908	-2.4006522008632	-2.6899660091279	-0.323669318367356	4.45686617479757	-0.0620187324916697	0.466843501567325	0.600808762433795	0.996041487493451	0.541154215947028	0.967841706763394	k__Bacteria|p__Firmicutes|c__Bacilli|o__Lactobacillales|f__Leuconostocaceae|g__Weissella|s__Weissella_paramesenteroides
-2.59026308138355	-2.40307332013564	-2.6479461790764	-0.147545521602222	4.5901587983323	-0.0232209943222871	0.486295313980797	0.730366568883698	0.996068251430668	0.6459718660381	0.977754075354798	k__Bacteria|p__Proteobacteria|c__Gammaproteobacteria|o__Enterobacterales|f__Enterobacterales_unclassified|g__Plesiomonas|s__Plesiomonas_shigelloides
-2.58635608189777	-2.29589234145026	-2.66683414640918	-0.380587859064358	4.6563304665739	-0.0639013583605359	0.459021226713903	0.50588187216922	0.996122549444809	0.480486200256958	0.929882624646183	k__Bacteria|p__Actinobacteria|c__Actinobacteria|o__Bifidobacteriales|f__Bifidobacteriaceae|g__Bifidobacterium|s__Bifidobacterium_animalis
-2.21843248086695	-2.25752151374797	-2.20968070869321	0.0794919895523734	5.66070027814873	0.012891487302954	0.492189802591178	0.453229924239152	0.996210603415253	0.692729520505137	0.996897635983393	k__Bacteria|p__Actinobacteria|c__Actinobacteria|o__Bifidobacteriales|f__Bifidobacteriaceae|g__Parascardovia|s__Parascardovia_denticolens
-2.57904946365412	-2.42471641500924	-2.63130003185887	-0.114556063142333	4.51148378157846	-0.022967183304383	0.488358384994423	0.710527873020135	0.996238003357688	0.624455763504111	0.976275332647558	k__Bacteria|p__Bacteroidetes|c__Bacteroidia|o__Bacteroidales|f__Bacteroidaceae|g__Bacteroides|s__Bacteroides_fluxus
-2.45174614112885	-2.25891097947907	-2.50358229768765	-0.199590134623326	4.88699724060328	-0.0334137573683357	0.482606132201605	0.746902206765937	0.996323710070034	0.667598235184254	0.974927969508696	k__Bacteria|p__Proteobacteria|c__Gammaproteobacteria|o__Cardiobacteriales|f__Cardiobacteriaceae|g__Cardiobacterium|s__Cardiobacterium_valvarum
-2.5734379998473	-2.4590714968438	-2.62729976514417	-0.254079980133797	4.45429663142914	-0.048480459189129	0.472443265746792	0.708034253205979	0.996372326895522	0.636497321525872	0.958776015005731	k__Bacteria|p__Firmicutes|c__Bacilli|o__Lactobacillales|f__Lactobacillaceae|g__Lactobacillus|s__Lactobacillus_gastricus
-2.55474452928769	-2.33642571507964	-2.62861187424917	-0.234992471947839	4.49639291266389	-0.0429096279874381	0.478183962422462	0.69875741701024	0.996443386694592	0.608481888615061	0.956218634671164	k__Bacteria|p__Firmicutes|c__Negativicutes|o__Veillonellales|f__Veillonellaceae|g__Veillonella|s__Veillonella_denticariosi
-2.53981995326456	-2.30570305347449	-2.62298683296566	-0.248762271457652	4.61183287076902	-0.0415262501623754	0.476274683343359	0.699092157436219	0.996451206131314	0.592554158918037	0.961937683629483	k__Bacteria|p__Proteobacteria|c__Betaproteobacteria|o__Neisseriales|f__Neisseriaceae|g__Eikenella|s__Eikenella_corrodens
-2.50883941280654	-2.21182976597875	-2.61577071110584	-0.374126590033084	4.97435734364777	-0.0587435407617461	0.465369879414862	0.513384466774169	0.996461542244196	0.456822376631142	0.940040312912904	k__Bacteria|p__Firmicutes|c__Firmicutes_unclassified|o__Firmicutes_unclassified|f__Firmicutes_unclassified|g__Firmicutes_unclassified|s__Firmicutes_bacterium_CAG_646
-2.52058444827668	-2.2967923211962	-2.59695179008046	-0.3675196795422	4.87580794326252	-0.0587632484521037	0.466843501567325	0.525815780555509	0.996518107941716	0.561554573909037	0.964492134153312	k__Bacteria|p__Firmicutes|c__Bacilli|o__Lactobacillales|f__Leuconostocaceae|g__Leuconostoc|s__Leuconostoc_garlicum
-2.50805392681873	-2.2888364843076	-2.58257520713093	-0.283876184699732	4.93010400706841	-0.0442848350244223	0.475095785621331	0.609171597419553	0.996578022565522	0.565620113329012	0.9415829151589	k__Bacteria|p__Bacteroidetes|c__Bacteroidia|o__Bacteroidales|f__Porphyromonadaceae|g__Porphyromonas|s__Porphyromonas_asaccharolytica
-2.4904334626285	-2.26383116876845	-2.55558838499275	-0.147534818421542	4.81008937065804	-0.0252002763967927	0.48717948727235	0.775323095876815	0.996582130526075	0.593875357150424	0.978144143787329	k__Bacteria|p__Actinobacteria|c__Actinobacteria|o__Bifidobacteriales|f__Bifidobacteriaceae|g__Scardovia|s__Scardovia_inopinata
-2.53563055062232	-2.3803536175672	-2.58247976992355	-0.148161499699304	4.52319689264362	-0.0237160176865433	0.48717948727235	0.75995574642979	0.996589935480018	0.648272075097938	0.978910354234926	k__Bacteria|p__Bacteroidetes|c__Bacteroidia|o__Bacteroidales|f__Rikenellaceae|g__Alistipes|s__Alistipes_timonensis
-2.11833221354158	-1.77574204328094	-2.23504307995916	-0.608059000578216	7.93356541412734	-0.0609071380605439	0.454170351056626	0.295211483986096	0.996641025164604	0.410398680676545	0.932520005790437	k__Bacteria|p__Firmicutes|c__Firmicutes_unclassified|o__Firmicutes_unclassified|f__Firmicutes_unclassified|g__Firmicutes_unclassified|s__Firmicutes_bacterium_CAG_95
-2.5130308789417	-2.28611293977604	-2.57590880624295	-0.328481713406827	5.08823524085907	-0.0538135755355483	0.47199292473179	0.588014125289667	0.996690200805701	0.561586693179542	0.958587335158932	k__Bacteria|p__Bacteroidetes|c__Bacteroidia|o__Bacteroidales|f__Bacteroidaceae|g__Bacteroides|s__Bacteroides_stercorirosoris
-2.51758967353134	-2.3475614290917	-2.56991366017191	-0.230698553363309	4.71406878182193	-0.0400444212639168	0.475530660555011	0.650766951262717	0.996700935494138	0.613640541724685	0.973930272729751	k__Bacteria|p__Actinobacteria|c__Coriobacteriia|o__Eggerthellales|f__Eggerthellaceae|g__Slackia|s__Slackia_exigua
-2.53742858901333	-2.30847964032302	-2.62429364292328	-0.31849053333786	4.77201419274082	-0.0457618555205445	0.471698113413191	0.597331131071581	0.996716893285413	0.524024667571439	0.956553749678657	k__Bacteria|p__Firmicutes|c__Bacilli|o__Lactobacillales|f__Lactobacillaceae|g__Lactobacillus|s__Lactobacillus_gallinarum
-2.61840278950826	-2.41420450209137	-2.68552385658618	-0.301368177503305	4.43070290770705	-0.0504491293856305	0.47228773605039	0.626916980089386	0.996747754270624	0.562353268431207	0.949765279900354	k__Bacteria|p__Firmicutes|c__Bacilli|o__Lactobacillales|f__Lactobacillaceae|g__Lactobacillus|s__Lactobacillus_pentosus
-2.58672568389071	-2.36266989480957	-2.66318421780448	-0.310826055624283	4.3697400162989	-0.0601838906401318	0.468455188908632	0.595762159878293	0.996858653130051	0.552441762348969	0.966015183813543	k__Bacteria|p__Firmicutes|c__Bacilli|o__Lactobacillales|f__Lactobacillaceae|g__Lactobacillus|s__Lactobacillus_murinus
-1.38705494389627	-1.67879745314328	-1.26758207021115	0.908795240221325	12.7342018147365	0.0776474788650034	0.43691037782283	0.0899064928185603	0.996905119062769	0.349680017731394	1	k__Bacteria|p__Firmicutes|c__Erysipelotrichia|o__Erysipelotrichales|f__Erysipelotrichaceae|g__Holdemanella|s__Holdemanella_biformis
-2.5758999667876	-2.31967503657579	-2.66431488442195	-0.289289053941499	4.6479019613839	-0.0484715969310965	0.471108490775994	0.514139886574956	0.996906479802254	0.529613183728159	0.952390830751916	k__Bacteria|p__Bacteroidetes|c__Bacteroidia|o__Bacteroidales|f__Prevotellaceae|g__Prevotella|s__Prevotella_sp_CAG_617
-2.59252988406802	-2.34153088349644	-2.67258330160069	-0.34000952839202	4.43522622561235	-0.0571710317523421	0.46727594363426	0.678191517678911	0.996919019850124	0.550836140844293	0.969483176015541	k__Bacteria|p__Firmicutes|c__Clostridia|o__Clostridiales|f__Clostridiaceae|g__Clostridium|s__Clostridium_sp_CAG_590
-2.56554156857084	-2.30309854698791	-2.65537560008094	-0.307525388054939	4.63447263060122	-0.051927459867643	0.469634434183011	0.546864233116985	0.996931898624437	0.506785495899646	0.95035003546277	k__Bacteria|p__Firmicutes|c__Clostridia|o__Clostridiales|f__Ruminococcaceae|g__Ruminococcus|s__Ruminococcus_sp_CAG_488
-2.62067097974041	-2.36644762964726	-2.70523070781924	-0.325021852832931	4.37515807605127	-0.060809894062559	0.468611848150296	0.633603315264684	0.996941007812512	0.558306915220046	0.96559665860123	k__Bacteria|p__Proteobacteria|c__Gammaproteobacteria|o__Enterobacterales|f__Enterobacteriaceae|g__Escherichia|s__Escherichia_marmotae
-2.36872237770565	-2.10633049191928	-2.4679175488725	-0.401375675300127	5.57326643570914	-0.0538873810283667	0.464485706123391	0.401244398791074	0.997051063697525	0.486028690372441	0.945052323710527	k__Bacteria|p__Actinobacteria|c__Actinobacteria|o__Bifidobacteriales|f__Bifidobacteriaceae|g__Alloscardovia|s__Alloscardovia_omnicolens
-2.38534776563014	-2.11985319910677	-2.46713751127671	-0.272518166481913	5.37597383377712	-0.0431905492437418	0.474941037917803	0.632928176915896	0.997132452872667	0.54298868172483	0.94688584947494	k__Bacteria|p__Proteobacteria|c__Epsilonproteobacteria|o__Campylobacterales|f__Campylobacteraceae|g__Campylobacter|s__Campylobacter_concisus
-2.54253474197445	-2.26758408705015	-2.63562883316951	-0.249658660042854	4.67240435076656	-0.0411971523567255	0.473761792643393	0.6255717818113	0.997134379826513	0.529099034419059	0.96352928798131	k__Bacteria|p__Bacteroidetes|c__Bacteroidia|o__Bacteroidales|f__Porphyromonadaceae|g__Sanguibacteroides|s__Sanguibacteroides_justesenii
-2.47841767905369	-2.25903895248004	-2.549773599739	-0.352932984179041	4.92972249640514	-0.0588173975774869	0.465801887041307	0.483140552053359	0.997150338730151	0.562655039276219	0.968490806826921	k__Bacteria|p__Firmicutes|c__Negativicutes|o__Selenomonadales|f__Selenomonadaceae|g__Megamonas|s__Megamonas_funiformis_CAG_377
-2.51460541285906	-2.37071839698438	-2.55836241497221	-0.152192939168712	4.60528961968963	-0.0294128821119	0.479363207696893	0.747799288472608	0.997250128996473	0.651655593513515	0.976679371194606	k__Bacteria|p__Actinobacteria|c__Actinobacteria|o__Actinomycetales|f__Actinomycetaceae|g__Actinomyces|s__Actinomyces_sp_oral_taxon_897
-2.2585799873615	-1.95342144473783	-2.34268387538635	-0.463678395002216	6.64441650978573	-0.0512101621159098	0.459180666374673	0.30568498006942	0.997300675583216	0.450716063846655	0.935649878197021	k__Bacteria|p__Bacteroidetes|c__Bacteroidia|o__Bacteroidales|f__Prevotellaceae|g__Paraprevotella|s__Paraprevotella_clara
-2.37642116136264	-2.08254923077767	-2.46442655585737	-0.383269922073241	5.51306753050964	-0.0520367395707366	0.466096698359897	0.434707224332308	0.997377631847331	0.48975160087256	0.963804794806742	k__Bacteria|p__Firmicutes|c__Bacilli|o__Lactobacillales|f__Enterococcaceae|g__Enterococcus|s__Enterococcus_gallinarum
-2.55576042754937	-2.35229013951747	-2.63076477405773	-0.236513840418727	4.49631785733667	-0.0468669893722048	0.473466981324792	0.686817536086993	0.99739680718975	0.58956959882097	0.967967229970361	k__Archaea|p__Euryarchaeota|c__Methanobacteria|o__Methanobacteriales|f__Methanobacteriaceae|g__Methanobrevibacter|s__Methanobrevibacter_arboriphilus
-2.18212662472827	-1.89444393917111	-2.28285066604175	-0.535266568313986	6.5153545950805	-0.060331624054148	0.457252358802459	0.424513612627869	0.997506448911317	0.44683130028591	0.960267041582314	k__Bacteria|p__Proteobacteria|c__Gammaproteobacteria|o__Enterobacterales|f__Enterobacteriaceae|g__Citrobacter|s__Citrobacter_portucalensis
-2.47213563769332	-2.32539181983342	-2.52436579436077	-0.148160555635933	4.89986362094848	-0.0263988805731195	0.483642794106151	0.762765100142145	0.997530273335328	0.664858621525633	0.983406820367051	k__Bacteria|p__Actinobacteria|c__Coriobacteriia|o__Coriobacteriales|f__Atopobiaceae|g__Atopobium|s__Atopobium_deltae
-2.5584881437846	-2.3391780355787	-2.62681382834043	-0.292386770813369	4.46417802076121	-0.0518502539071417	0.469634434183011	0.75817830491779	0.997544413129617	0.570341873228845	0.960820904356981	k__Bacteria|p__Proteobacteria|c__Gammaproteobacteria|o__Enterobacterales|f__Enterobacteriaceae|g__Citrobacter|s__Citrobacter_koseri
-2.50278132351574	-2.31563749893874	-2.57388394350675	-0.249101273059839	4.88257553127072	-0.0378039101107937	0.476415094510825	0.761478698112856	0.997563683775795	0.624334951804508	0.963858961438369	k__Bacteria|p__Lentisphaerae|c__Lentisphaeria|o__Victivallales|f__Victivallaceae|g__Victivallis|s__Victivallis_vadensis
-2.60060154871227	-2.4177842139076	-2.66125059724948	-0.256205330448227	4.47316181099992	-0.0491379127459568	0.475979958912852	0.625545871040939	0.997577617478852	0.579644481163001	0.971033187015889	k__Bacteria|p__Actinobacteria|c__Actinobacteria|o__Actinomycetales|f__Actinomycetaceae|g__Actinomyces|s__Actinomyces_urogenitalis
-2.39636876832451	-2.21682129363037	-2.45397564083411	-0.358361832892365	5.35623295745578	-0.0556585042630498	0.468750000227225	0.551361044642882	0.997597264766966	0.579843856915036	0.962949700588447	k__Bacteria|p__Firmicutes|c__Clostridia|o__Clostridiales|f__Lachnospiraceae|g__Lachnospiraceae_unclassified|s__Lachnospiraceae_bacterium_oral_taxon_096
-2.42745698933213	-2.31393649056849	-2.47275594967982	-0.0781827915782038	5.02047186825232	-0.0136428737473108	0.491450471760053	0.59226365880094	0.997622214332605	0.711860050803185	0.984058445761966	k__Bacteria|p__Proteobacteria|c__Gammaproteobacteria|o__Pasteurellales|f__Pasteurellaceae|g__Aggregatibacter|s__Aggregatibacter_segnis
-2.50821099706003	-2.22429636512311	-2.60051052809298	-0.374908943514209	4.8613453286306	-0.0594794819485121	0.46344339649261	0.535692389016348	0.997664294368327	0.491321490693591	0.961054621680914	k__Bacteria|p__Firmicutes|c__Bacilli|o__Lactobacillales|f__Lactobacillaceae|g__Lactobacillus|s__Lactobacillus_agilis
-2.41379660300991	-2.1431456985848	-2.50520573514048	-0.361572136062842	5.62580293515586	-0.0440234925179165	0.463738207811195	0.382649264812606	0.997671952854728	0.499539293937122	0.944168887126844	k__Bacteria|p__Bacteroidetes|c__Bacteroidia|o__Bacteroidales|f__Bacteroidaceae|g__Bacteroides|s__Bacteroides_faecis
0.96024376273224	8.85055574214494	0.457343985026478	-1.56248755123952	15.1438773608457	-0.115691957784503	0.426591981675468	0.154038116617782	0.997701851772143	0.103833453157452	0.862513711136826	k__Bacteria|p__Firmicutes|c__Clostridia|o__Clostridiales|f__Lachnospiraceae|g__Eisenbergiella|s__Eisenbergiella_massiliensis
-2.41309415771342	-2.36661312101517	-2.42754797460259	0.0807669659074897	5.24248527473524	0.0110254340368354	0.492040094397289	0.435030013980452	0.997704602189867	0.766281897411125	0.991689373004445	k__Bacteria|p__Firmicutes|c__Clostridia|o__Clostridiales|f__Clostridiales_unclassified|g__Monoglobus|s__Monoglobus_pectinilyticus
-2.61264757118059	-2.44945210571268	-2.67658625876433	-0.191875443041409	4.45323570340273	-0.0367398535691207	0.482169171953578	0.710249071999162	0.997741019189092	0.603860025660554	0.967934062273839	k__Bacteria|p__Firmicutes|c__Clostridia|o__Clostridiales|f__Ruminococcaceae|g__Ruminococcus|s__Ruminococcus_sp_CAG_624
9.43462891990979	0.7329278037192	10.0014487805775	2.30609409164913	14.8742350160546	0.160670422157604	0.415978774211139	0.0566800337828527	0.997805040141515	0.0747858519917556	0.998431290668322	k__Bacteria|p__Bacteroidetes|c__Bacteroidia|o__Bacteroidales|f__Bacteroidaceae|g__Bacteroides|s__Bacteroides_cellulosilyticus
-2.47589262079281	-2.41273242572347	-2.49649624063427	-0.106619758075272	4.68872163459168	-0.0169457652530682	0.489976415166968	0.60370624050352	0.997853055615416	0.71442302599942	0.981525059964454	k__Bacteria|p__Proteobacteria|c__Gammaproteobacteria|o__Enterobacterales|f__Enterobacteriaceae|g__Citrobacter|s__Citrobacter_braakii
-2.35157575432777	-2.06541966053295	-2.4457027890517	-0.418711952838528	5.93554066207106	-0.0452980035913657	0.463601532831925	0.318554271312378	0.997909542326574	0.470420521583717	0.956349487077941	k__Bacteria|p__Bacteroidetes|c__Bacteroidia|o__Bacteroidales|f__Prevotellaceae|g__Prevotella|s__Prevotella_sp_CAG_520
-2.64026742509299	-2.42017796583206	-2.7151487008237	-0.284950509775058	4.48062914546674	-0.0549131191356712	0.475095785621331	0.598838893006866	0.997959287431787	0.56158010761472	0.964374455620294	k__Bacteria|p__Firmicutes|c__Bacilli|o__Lactobacillales|f__Lactobacillaceae|g__Sharpea|s__Sharpea_azabuensis
-2.38447305182525	-2.08081790962897	-2.48108185637829	-0.373027777373002	5.42944550668033	-0.0563550957638101	0.465664603845354	0.570623807776398	0.997965641944899	0.514278334785557	0.942307468323959	k__Bacteria|p__Synergistetes|c__Synergistia|o__Synergistales|f__Synergistaceae|g__Fretibacterium|s__Fretibacterium_fastidiosum
-2.33582882813022	-2.08830276266058	-2.39499968875777	-0.226698795211083	5.70506738916086	-0.0329179999450031	0.479952830334111	0.571226400178382	0.997975893177175	0.5612221789465	0.958374937573997	k__Bacteria|p__Firmicutes|c__Bacilli|o__Lactobacillales|f__Aerococcaceae|g__Abiotrophia|s__Abiotrophia_defectiva
-2.62577811990128	-2.41692793377521	-2.70422192793488	-0.195692630283286	4.40462538353765	-0.0362531019873236	0.479363207696893	0.614356819910439	0.998017356862706	0.554042196544638	0.959464021632513	k__Bacteria|p__Fusobacteria|c__Fusobacteriia|o__Fusobacteriales|f__Fusobacteriaceae|g__Fusobacterium|s__Fusobacterium_equinum
-2.29158019251084	-2.38269796442845	-2.25458303258914	0.210971620750184	5.33450579609708	0.0305484380680187	0.481874447523064	0.331322588920253	0.998025738034388	0.635460984391758	0.997608794544995	k__Bacteria|p__Proteobacteria|c__Gammaproteobacteria|o__Enterobacterales|f__Enterobacteriaceae|g__Klebsiella|s__Klebsiella_oxytoca
-2.57856984166276	-2.39026869090763	-2.64563993118758	-0.17075909398749	4.51162794219925	-0.0321605896964707	0.480990274231524	0.688673018957585	0.998048966869449	0.584374256161144	0.969030297448196	k__Bacteria|p__Firmicutes|c__Clostridia|o__Clostridiales|f__Clostridiales_unclassified|g__Clostridiales_unclassified|s__Clostridiales_bacterium_CHKCI006
-2.48907318904006	-2.30047860212731	-2.55832481656646	-0.211386442852293	5.15255519635743	-0.0311716258633156	0.481284998662037	0.741553342488335	0.9981070317427	0.575474485039682	0.972355361488192	k__Bacteria|p__Proteobacteria|c__Betaproteobacteria|o__Neisseriales|f__Neisseriaceae|g__Neisseria|s__Neisseria_flavescens
-2.54906673580476	-2.2779549439216	-2.62840148665653	-0.389010319761431	4.97829150043411	-0.0579201320877855	0.463306808401437	0.521525043947505	0.998126527368557	0.509520443514287	0.953404432043725	k__Bacteria|p__Bacteroidetes|c__Bacteroidia|o__Bacteroidales|f__Prevotellaceae|g__Prevotella|s__Prevotella_sp_CAG_1031
-0.206544180341345	-1.0060125730227	0.212462007158216	1.35575350236073	15.1228113542256	0.0910023192674788	0.432193396726727	0.0909058432632062	0.998273036193415	0.177771320267866	0.998002754832597	k__Bacteria|p__Actinobacteria|c__Actinobacteria|o__Bifidobacteriales|f__Bifidobacteriaceae|g__Bifidobacterium|s__Bifidobacterium_dentium
-2.57330362224567	-2.36763238219598	-2.63340137041498	-0.158062360673018	4.60443943798081	-0.0297163942123618	0.483348069675636	0.71722220897345	0.998277415097423	0.589196548154056	0.964769113463789	k__Bacteria|p__Firmicutes|c__Negativicutes|o__Veillonellales|f__Veillonellaceae|g__Megasphaera|s__Megasphaera_hexanoica
-2.31834279307205	-2.05982984992325	-2.40642365740703	-0.401497583318267	5.57270663910818	-0.0574605643533624	0.46344339649261	0.542249627961511	0.998316536312364	0.534180108823262	0.965319619738993	k__Bacteria|p__Firmicutes|c__Tissierellia|o__Tissierellales|f__Peptoniphilaceae|g__Finegoldia|s__Finegoldia_magna
-2.37871834447875	-2.28284223825565	-2.41281052350118	0.044478965120943	5.21107943306427	0.0059691215358619	0.496167452857949	0.501712000702728	0.998317892351696	0.74330912148087	0.977190503156832	k__Bacteria|p__Proteobacteria|c__Betaproteobacteria|o__Burkholderiales|f__Burkholderiaceae|g__Lautropia|s__Lautropia_mirabilis
-1.95087392443507	-1.46151364352322	-2.11364073717236	-0.695802460128931	10.1564604555761	-0.0668727917500934	0.448570586877876	0.265137307306328	0.99831870789161	0.309988778143426	0.92044439242565	k__Bacteria|p__Firmicutes|c__Clostridia|o__Clostridiales|f__Clostridiaceae|g__Clostridium|s__Clostridium_disporicum
-2.50727122952955	-2.28642749483945	-2.57444807990541	-0.249027855598934	4.87338983746897	-0.039066418251968	0.475530660555011	0.711056752160524	0.998337138350702	0.624751844120754	0.971633216236447	k__Bacteria|p__Actinobacteria|c__Actinobacteria|o__Actinomycetales|f__Actinomycetaceae|g__Actinomyces|s__Actinomyces_turicensis
-2.57384873834826	-2.43212156252866	-2.61648942817345	-0.177541974721668	4.4874010175543	-0.033706973805245	0.482169171953578	0.710514012467719	0.998337823618102	0.644778620094754	0.966113190200524	k__Bacteria|p__Firmicutes|c__Bacilli|o__Lactobacillales|f__Enterococcaceae|g__Enterococcus|s__Enterococcus_pseudoavium
-2.22251070090749	-1.85971111251909	-2.34714311308086	-0.548900043840382	7.09394980102204	-0.0534941917631543	0.451812555612908	0.364206124149526	0.998358821021584	0.39185783835519	0.931744617237532	k__Bacteria|p__Firmicutes|c__Bacilli|o__Lactobacillales|f__Lactobacillaceae|g__Lactobacillus|s__Lactobacillus_amylovorus
-2.52801507786861	-2.43901686101568	-2.56290060885475	-0.0951201719266415	4.65212790821386	-0.0159064155776639	0.490566037804201	0.661031866042253	0.998434214264512	0.691276634393581	0.976886250011918	k__Bacteria|p__Firmicutes|c__Clostridia|o__Clostridiales|f__Lachnospiraceae|g__Lachnoclostridium|s__Lachnoclostridium_sp_An138
-1.45878798744614	-1.06920281895988	-1.58745413344275	-0.803973155547569	12.8510936744269	-0.0614332686805015	0.456528146500388	0.212179143653842	0.998435662802251	0.35146700354335	0.964268431686931	k__Bacteria|p__Firmicutes|c__Clostridia|o__Clostridiales|f__Eubacteriaceae|g__Eubacterium|s__Eubacterium_sp_OM08_24
-2.41864586239679	-2.07890212461036	-2.53221185656722	-0.397763551815844	5.73819314308857	-0.0470429724261156	0.465075154984372	0.495880608864927	0.998437238676601	0.434921008491393	0.962859657871797	k__Bacteria|p__Firmicutes|c__Firmicutes_unclassified|o__Firmicutes_unclassified|f__Firmicutes_unclassified|g__Firmicutes_unclassified|s__Firmicutes_bacterium_CAG_424
-2.56972088028176	-2.3486896784713	-2.64120985673357	-0.252447931892346	4.67453879621891	-0.044838559812241	0.475530660555011	0.584961922868094	0.998479955023924	0.535122490714066	0.971705531924257	k__Bacteria|p__Firmicutes|c__Clostridia|o__Clostridiales|f__Peptostreptococcaceae|g__Paraclostridium|s__Paraclostridium_bifermentans
-2.30995572916134	-1.94536104435108	-2.42485725225462	-0.52898759181616	6.20578813878011	-0.0688076847436758	0.446639151334331	0.301135787666102	0.998485394523677	0.386404460538946	0.943902647151921	k__Bacteria|p__Bacteroidetes|c__Bacteroidia|o__Bacteroidales|f__Barnesiellaceae|g__Coprobacter|s__Coprobacter_secundus
-2.52366847385832	-2.24018316568819	-2.62274759282657	-0.320760151353193	4.80661152216143	-0.0538306803010576	0.466843501567325	0.53816082644748	0.998526528204874	0.498787656553577	0.955594087131019	k__Bacteria|p__Proteobacteria|c__Gammaproteobacteria|o__Enterobacterales|f__Morganellaceae|g__Proteus|s__Proteus_mirabilis
-2.52362307679643	-2.41678604755397	-2.56262218512152	-0.0538772608289637	4.54894236935529	-0.0118116213739913	0.494252873604825	0.762457582360611	0.998563015903658	0.690903255581615	0.979795691816627	k__Bacteria|p__Actinobacteria|c__Actinobacteria|o__Actinomycetales|f__Actinomycetaceae|g__Actinomyces|s__Actinomyces_hongkongensis
-2.4273451986288	-2.2603809777127	-2.47215310878365	-0.187255559703594	4.90101809637464	-0.0299620808943593	0.481721698245771	0.706486308816869	0.998587872599988	0.643567246088714	0.97743077829757	k__Archaea|p__Euryarchaeota|c__Methanobacteria|o__Methanobacteriales|f__Methanobacteriaceae|g__Methanosphaera|s__Methanosphaera_stadtmanae
-2.58836219222171	-2.38697989870128	-2.65922004337986	-0.251947785596393	4.47315402479047	-0.0499689583383608	0.47450633676032	0.682479403057369	0.998598329841274	0.591981133529743	0.975179012738149	k__Bacteria|p__Proteobacteria|c__Deltaproteobacteria|o__Desulfovibrionales|f__Desulfovibrionaceae|g__Desulfovibrionaceae_unclassified|s__Desulfovibrionaceae_bacterium
-2.5806001815778	-2.37865063315353	-2.64788550629316	-0.245004184801674	4.56558939042171	-0.0434968463936854	0.47391688789931	0.747798955424774	0.998615236263041	0.609233709627051	0.977422978198331	k__Bacteria|p__Firmicutes|c__Clostridia|o__Clostridiales|f__Lachnospiraceae|g__Roseburia|s__Roseburia_sp_CAG_309
-2.34237064520415	-2.08272540051754	-2.42169671430358	-0.388864516808317	6.10391852331324	-0.0532632426644245	0.467138225997819	0.492940001281748	0.998638903915815	0.509886810490162	0.948489476421056	k__Bacteria|p__Actinobacteria|c__Actinobacteria|o__Propionibacteriales|f__Propionibacteriaceae|g__Propionibacterium|s__Propionibacterium_acidifaciens
-2.54719100889061	-2.38183214255903	-2.59912795239461	-0.158513045343074	4.69065935088585	-0.0264088744510551	0.483348069675636	0.6164699799757	0.99865482102375	0.610196074249399	0.971307964345805	k__Bacteria|p__Firmicutes|c__Bacilli|o__Lactobacillales|f__Streptococcaceae|g__Streptococcus|s__Streptococcus_sp_oral_taxon_056
-2.52055239307548	-2.41821641183532	-2.55470915799462	-0.138452281780367	4.5827279527164	-0.0281663248777102	0.486143868024963	0.680420863855361	0.998677763313047	0.685055817528859	0.985220395051087	k__Bacteria|p__Firmicutes|c__Bacilli|o__Lactobacillales|f__Streptococcaceae|g__Streptococcus|s__Streptococcus_pneumoniae
-2.29829514478864	-2.09122198787484	-2.36171848518543	-0.330235110597307	5.69014528140988	-0.0502078405929915	0.468455188908632	0.664505700005813	0.998715955037191	0.582491222056101	0.977758239723761	k__Bacteria|p__Firmicutes|c__Clostridia|o__Clostridiales|f__Clostridiales_Family_XIII_Incertae_Sedis|g__Mogibacterium|s__Mogibacterium_timidum
-2.06802338640618	-2.14956978975122	-2.04136656016423	0.290292352701139	7.41089033222032	0.0273961925112011	0.475530660555011	0.227552064859043	0.998719067615043	0.58749981781761	0.999707573491184	k__Bacteria|p__Firmicutes|c__Clostridia|o__Clostridiales|f__Lachnospiraceae|g__Lachnospiraceae_unclassified|s__Lachnospiraceae_bacterium_2_1_46FAA
-2.58597001590917	-2.44625698515704	-2.63963473421482	-0.116136934670143	4.65249133387587	-0.0196205517309977	0.488653109424942	0.697218585455916	0.998720961235484	0.659948672104101	0.96875442041427	k__Bacteria|p__Bacteroidetes|c__Bacteroidia|o__Bacteroidales|f__Prevotellaceae|g__Prevotella|s__Prevotella_buccae
-2.57878355761649	-2.4174384900735	-2.63676199734313	-0.217394809563173	4.44793247052515	-0.0417472496459285	0.477158856634883	0.684998967222602	0.998724539436864	0.612471046700544	0.964770276101785	k__Bacteria|p__Firmicutes|c__Clostridia|o__Clostridiales|f__Ruminococcaceae|g__Ruminococcus|s__Ruminococcus_sp_CAG_579
-2.34538480982009	-2.32882145888762	-2.34764634898793	0.114110631780797	5.15188559456298	0.0170353549206442	0.489537282716499	0.441711235926133	0.998739595686647	0.734302589815309	0.989868501650406	k__Bacteria|p__Firmicutes|c__Bacilli|o__Lactobacillales|f__Streptococcaceae|g__Lactococcus|s__Lactococcus_petauri
-2.37404337492502	-2.06413405665937	-2.49221974519089	-0.480590901058752	5.76351946382293	-0.0648896805917323	0.458001768652762	0.494270533692216	0.998745319506097	0.484219168794521	0.945505096840807	k__Bacteria|p__Firmicutes|c__Negativicutes|o__Acidaminococcales|f__Acidaminococcaceae|g__Acidaminococcus|s__Acidaminococcus_sp_CAG_542
-2.61297664041891	-2.40268122446139	-2.67963248909217	-0.256088892139378	4.50875775895543	-0.0466558010163918	0.471698113413191	0.597742922114813	0.998765258174196	0.53566335422245	0.971170688698195	k__Bacteria|p__Firmicutes|c__Bacilli|o__Lactobacillales|f__Lactobacillaceae|g__Lactobacillus|s__Lactobacillus_dextrinicus
-2.53128789326931	-2.44228445751516	-2.56284480203016	-0.0718354324337174	4.63321470165788	-0.0121725983292965	0.493663424743782	0.583467755281266	0.998852040593258	0.749225963931178	0.988971384098466	k__Bacteria|p__Firmicutes|c__Firmicutes_unclassified|o__Firmicutes_unclassified|f__Firmicutes_unclassified|g__Firmicutes_unclassified|s__Firmicutes_bacterium_CAG_94
-2.33104576431242	-2.0948453250611	-2.39968061188126	-0.212216112708958	5.94410617326828	-0.0316459262292569	0.481874447523064	0.736179907417665	0.998872031379963	0.584342903384935	0.967629620016161	k__Bacteria|p__Bacteroidetes|c__Bacteroidia|o__Bacteroidales|f__Bacteroidaceae|g__Bacteroides|s__Bacteroides_sp_D2
-2.19007887811145	-2.20954131877032	-2.18409418454968	0.100121147147307	6.37774093517113	0.0118099225154441	0.490566037804201	0.298847742940447	0.998893369462563	0.707116803028861	0.998251371610264	k__Bacteria|p__Firmicutes|c__Firmicutes_unclassified|o__Firmicutes_unclassified|f__Firmicutes_unclassified|g__Firmicutes_unclassified|s__Firmicutes_bacterium_CAG_145
-1.88221504961834	-1.57469678896377	-1.97453874941444	-0.595930700892017	10.8659140926729	-0.047372869866335	0.457707044222286	0.286405793057092	0.998895822108068	0.448273770954508	0.949598080517765	k__Bacteria|p__Bacteroidetes|c__Bacteroidia|o__Bacteroidales|f__Prevotellaceae|g__Paraprevotella|s__Paraprevotella_xylaniphila
-2.59839002596147	-2.3910037534818	-2.682154284464	-0.215193429509004	4.40727001880971	-0.0366152569864442	0.475095785621331	0.650528437618403	0.998899787701884	0.560552793933073	0.958184555368058	k__Bacteria|p__Bacteroidetes|c__Bacteroidia|o__Bacteroidales|f__Prevotellaceae|g__Prevotella|s__Prevotella_sp_CAG_755
-1.73849306189472	-1.12630276769813	-1.92899101588588	-0.900890708294934	11.6794088820789	-0.0827884475015865	0.434257075956239	0.313002121125221	0.998916502690582	0.267271024558079	0.91830165159061	k__Bacteria|p__Bacteroidetes|c__Bacteroidia|o__Bacteroidales|f__Tannerellaceae|g__Parabacteroides|s__Parabacteroides_gordonii
-2.59051693331305	-2.36055580344811	-2.68799490910865	-0.304794185845342	4.47792981400449	-0.0529398233242197	0.469790745872287	0.611222696509441	0.998944679615458	0.479801350475502	0.959844211638384	k__Bacteria|p__Proteobacteria|c__Gammaproteobacteria|o__Enterobacterales|f__Enterobacteriaceae|g__Pseudocitrobacter|s__Pseudocitrobacter_faecalis
-2.44937703283436	-2.26654453119374	-2.5209229944737	-0.191223980476739	4.89041213219041	-0.0299840339180749	0.478773585059677	0.713265908205674	0.998976202970487	0.625677710107134	0.978544437574755	k__Bacteria|p__Firmicutes|c__Bacilli|o__Lactobacillales|f__Lactobacillaceae|g__Lactobacillus|s__Lactobacillus_ruminis
16.3257385876411	16.6298460906739	16.1694540620376	-0.566894743790773	3.8053013798417	-0.10299817092068	0.428529325609184	0.158868109395158	0.999002170064452	0.115456634547592	0.906519136934747	k__Bacteria|p__Firmicutes|c__Clostridia|o__Clostridiales|f__Ruminococcaceae|g__Ruthenibacterium|s__Ruthenibacterium_lactatiformans
-2.54558747962982	-2.27322820574535	-2.6365696139923	-0.411646251279503	4.81007991317591	-0.0590076527473328	0.458591217513716	0.521995716260167	0.999064136399208	0.515803566246967	0.948625713184385	k__Bacteria|p__Firmicutes|c__Bacilli|o__Lactobacillales|f__Lactobacillaceae|g__Lactobacillus|s__Lactobacillus_plantarum
-2.09784633741421	-1.80516528522618	-2.20097353325732	-0.536165129582583	6.97864391547183	-0.05932807600296	0.458001768652762	0.445195899837567	0.999072908884828	0.481755019927624	0.956484351209193	k__Bacteria|p__Firmicutes|c__Clostridia|o__Clostridiales|f__Clostridiales_Family_XIII_Incertae_Sedis|g__Clostridiales_Family_XIII_Incertae_Sedis_unclassified|s__Eubacterium_brachy
-2.40664117689725	-2.27825370848539	-2.44370121702752	-0.162757738737543	5.40567511004455	-0.0240225881682759	0.483490566157441	0.640583828222297	0.999072908884828	0.606310804065976	0.964059076530938	k__Bacteria|p__Firmicutes|c__Bacilli|o__Lactobacillales|f__Streptococcaceae|g__Streptococcus|s__Streptococcus_sp_HPH0090
-2.52682118076873	-2.37698686586508	-2.57478344585556	-0.144231816556987	4.57224505289888	-0.0272251004878933	0.484821691828214	0.747614371108558	0.999072908884828	0.666615169338549	0.964227271002691	k__Bacteria|p__Firmicutes|c__Clostridia|o__Clostridiales|f__Eubacteriaceae|g__Pseudoramibacter|s__Pseudoramibacter_alactolyticus
-2.49504527747965	-2.37120438832935	-2.53548777490619	-0.165750548029402	4.57868878844357	-0.0319059017462479	0.481721698245771	0.752055164012331	0.999088396498935	0.682628485992241	0.975016734354333	k__Bacteria|p__Firmicutes|c__Clostridia|o__Clostridiales|f__Lachnospiraceae|g__Oribacterium|s__Oribacterium_sp_oral_taxon_078
-2.25251264158713	-2.30789558320234	-2.23064605524806	0.216293471464981	5.95615228518868	0.0273811485551287	0.482606132201605	0.280629914915333	0.999116935071725	0.659125374208922	0.998292749980657	k__Bacteria|p__Firmicutes|c__Clostridia|o__Clostridiales|f__Lachnospiraceae|g__Blautia|s__Blautia_hydrogenotrophica
-2.31141722036561	-2.23373205239036	-2.33776933515295	0.0480413698162359	5.52142648562062	0.00650219196766529	0.495137046896389	0.476545309556961	0.999129976746404	0.783817555933025	0.994483130771887	k__Bacteria|p__Firmicutes|c__Bacilli|o__Lactobacillales|f__Lactobacillaceae|g__Lactobacillus|s__Lactobacillus_vaginalis
-2.58415497434365	-2.36924963058423	-2.66047865476162	-0.213838128431007	4.67353946486573	-0.0381608598421095	0.477453581065393	0.745542246600797	0.999195495725996	0.585199248930721	0.962933455179231	k__Bacteria|p__Proteobacteria|c__Gammaproteobacteria|o__Enterobacterales|f__Enterobacteriaceae|g__Citrobacter|s__Citrobacter_farmeri
-2.38693540786133	-2.1115265768716	-2.48539532288143	-0.325968880689012	5.60502810241431	-0.0440705032749259	0.468455188908632	0.464086433070195	0.999214573744477	0.463614602359783	0.94944279170423	k__Bacteria|p__Proteobacteria|c__Gammaproteobacteria|o__Aeromonadales|f__Succinivibrionaceae|g__Succinatimonas|s__Succinatimonas_hippei
-2.03098144661994	-1.59228163109803	-2.176258878726	-0.81860717929858	10.7837997782251	-0.0682441614148339	0.44267609826898	0.213889704676471	0.999268804482634	0.298507183033048	0.918271317535533	k__Bacteria|p__Bacteroidetes|c__Bacteroidia|o__Bacteroidales|f__Barnesiellaceae|g__Coprobacter|s__Coprobacter_fastidiosus
-2.42410685622206	-2.22576903967619	-2.4900881610664	-0.297746317003497	5.02349920886854	-0.0437110146103708	0.471698113413191	0.691278977186821	0.999330090669535	0.562414879721966	0.969184877714595	k__Bacteria|p__Firmicutes|c__Firmicutes_unclassified|o__Firmicutes_unclassified|f__Firmicutes_unclassified|g__Firmicutes_unclassified|s__Firmicutes_bacterium_CAG_238
-2.00952613486304	-2.2144228222913	-1.93596409862551	0.4799337904808	6.43261430261055	0.0601251254392374	0.461379717262531	0.317685110665156	0.999335279542629	0.50806003311037	1	k__Bacteria|p__Actinobacteria|c__Actinobacteria|o__Micrococcales|f__Micrococcaceae|g__Rothia|s__Rothia_dentocariosa
-1.31329540859421	-1.57015977730865	-1.21162587549036	0.544148033421708	10.590848892552	0.0519509182043264	0.469929245501606	0.260992844960003	0.999351006787146	0.481408773952182	1	k__Bacteria|p__Firmicutes|c__Clostridia|o__Clostridiales|f__Peptostreptococcaceae|g__Romboutsia|s__Romboutsia_ilealis
4.25408980600199	10.1168098051997	1.06235530891919	-1.33697507883025	14.6550087133686	-0.102745949364142	0.436615566504315	0.200094131950158	0.999420112357993	0.183040013971379	0.934263573465333	k__Bacteria|p__Firmicutes|c__Clostridia|o__Clostridiales|f__Clostridiaceae|g__Clostridium|s__Clostridium_bolteae_CAG_59
7.73431892709208	9.12940956304341	6.96278344461928	-1.36674301630049	13.661231467747	-0.107858089186923	0.426760979026884	0.292269059485054	0.999490170385909	0.166587496547062	0.926125852197029	k__Bacteria|p__Firmicutes|c__Clostridia|o__Clostridiales|f__Lachnospiraceae|g__Lachnoclostridium|s__Clostridium_aldenense
-1.50030760005887	-1.68917890532637	-1.42931173957319	0.501516562515594	12.1264011404242	0.043542977104918	0.463306808401437	0.180608082052191	0.999514041500918	0.486684043577942	1	k__Bacteria|p__Bacteroidetes|c__Bacteroidia|o__Bacteroidales|f__Bacteroidaceae|g__Bacteroides|s__Bacteroides_sp_OM05_12
-2.61553703859915	-2.43165611382049	-2.69043754785688	-0.20999273279841	4.42178825586075	-0.0379626966799438	0.476864132204375	0.644579308291533	0.9995526643553	0.5811904011565	0.960218377338039	k__Bacteria|p__Firmicutes|c__Negativicutes|o__Selenomonadales|f__Selenomonadaceae|g__Mitsuokella|s__Mitsuokella_jalaludinii
-1.91446047472667	-1.45332483732884	-2.0562634396633	-0.782851155107268	10.48357628134	-0.0762996440680859	0.44090775168638	0.286193273495599	0.99956987151975	0.333411682171055	0.934750722613782	k__Bacteria|p__Firmicutes|c__Bacilli|o__Lactobacillales|f__Streptococcaceae|g__Streptococcus|s__Streptococcus_mutans
-2.45571192454602	-2.25724056730295	-2.52386508145125	-0.197782616022437	5.45009657283628	-0.0321086645292745	0.479363207696893	0.643949876841105	0.999617569337207	0.595033285686399	0.959924083681909	k__Bacteria|p__Firmicutes|c__Negativicutes|o__Veillonellales|f__Veillonellaceae|g__Dialister|s__Dialister_pneumosintes
-2.59364303550731	-2.43476017476327	-2.64804508237999	-0.177114449766185	4.47012288293696	-0.0329331409584868	0.480400825370499	0.666336590815445	0.999666688666131	0.627604782445297	0.978777011481113	k__Bacteria|p__Proteobacteria|c__Gammaproteobacteria|o__Cardiobacteriales|f__Cardiobacteriaceae|g__Cardiobacterium|s__Cardiobacterium_hominis
-1.85943294586083	-1.4507782260166	-2.00468268484176	-0.697135002689516	10.6831046986078	-0.0618389540051525	0.45210728004337	0.348749736271147	0.999716899939599	0.383981676209533	0.949236369936937	k__Bacteria|p__Proteobacteria|c__Betaproteobacteria|o__Burkholderiales|f__Sutterellaceae|g__Turicimonas|s__Turicimonas_muris
-2.55726673403926	-2.29090263826594	-2.65046360476933	-0.262761420215032	4.50651774930455	-0.0464574638682833	0.471853816885788	0.727713204582582	0.999716947129034	0.56593231054321	0.963340920262315	k__Bacteria|p__Bacteroidetes|c__Bacteroidia|o__Bacteroidales|f__Bacteroidaceae|g__Bacteroides|s__Bacteroides_sp_OM08_11
-2.135331025588	-1.93605577908559	-2.20013981619453	-0.22861408068777	7.02955835394168	-0.0280834428028415	0.482758620814606	0.801141385790393	0.99972717464411	0.645219036929474	0.975286779011936	k__Bacteria|p__Firmicutes|c__Clostridia|o__Clostridiales|f__Clostridiales_unclassified|g__Clostridiales_unclassified|s__Clostridiales_bacterium_1_7_47FAA
-0.791433694817098	-1.35136618846862	-0.585616492844501	0.939243802924503	11.1406086655092	0.0838311653639043	0.44133254760066	0.128134576320277	0.999773459697411	0.249904259197222	1	k__Bacteria|p__Actinobacteria|c__Actinobacteria|o__Actinomycetales|f__Actinomycetaceae|g__Actinomyces|s__Actinomyces_sp_HMSC035G02
-2.34755986901254	-2.31731050232267	-2.35232305385867	0.114394071395797	5.03217811224788	0.0185151123424349	0.490126731577538	0.63907748861849	0.999808603301187	0.730749801341542	0.988299379385088	k__Bacteria|p__Actinobacteria|c__Actinobacteria|o__Micrococcales|f__Micrococcaceae|g__Rothia|s__Rothia_aeria
-2.52464991089187	-2.36448375587509	-2.57555933732019	-0.268928690505634	4.64616956424088	-0.0454131081097384	0.475825471873615	0.720850394207083	0.999815387021402	0.618375606045913	0.973244043626035	k__Bacteria|p__Firmicutes|c__Bacilli|o__Lactobacillales|f__Lactobacillaceae|g__Lactobacillus|s__Lactobacillus_rhamnosus
-1.80574496640456	-1.42530220133991	-1.94899624940874	-0.660478290660789	10.7075119706834	-0.0620630046205032	0.453286177765226	0.339591109502155	0.999817221161252	0.393771490612836	0.939014596942313	k__Bacteria|p__Firmicutes|c__Clostridia|o__Clostridiales|f__Clostridiaceae|g__Lactonifactor|s__Lactonifactor_longoviformis
-2.52080582817289	-2.2859644708301	-2.60510136892503	-0.174848909303938	4.59430521071642	-0.029341266298572	0.483937518536666	0.723102624819693	0.999859003903668	0.601385760303945	0.963162831890137	k__Bacteria|p__Bacteroidetes|c__Bacteroidia|o__Bacteroidales|f__Prevotellaceae|g__Prevotella|s__Prevotella_sp_CAG_5226
-1.3621968694387	-1.67064732284865	-1.24745467819939	0.623716835360915	12.0254812350527	0.0544188107990894	0.457117595361336	0.196380530875232	0.999909102345865	0.424000111555381	0.996715654677371	k__Bacteria|p__Firmicutes|c__Clostridia|o__Clostridiales|f__Ruminococcaceae|g__Anaeromassilibacillus|s__Anaeromassilibacillus_sp_An250
-2.49163066611447	-2.35878963643621	-2.53474491666962	-0.168264931528416	4.86485701107144	-0.0299439035235214	0.481874447523064	0.67512435010235	0.999911799016238	0.636926979707529	0.980555675480153	k__Bacteria|p__Firmicutes|c__Bacilli|o__Lactobacillales|f__Streptococcaceae|g__Streptococcus|s__Streptococcus_sp_HMSC067H01
-2.40540009656685	-2.30820460289866	-2.43607461923095	-0.0952350903677175	4.91307720971008	-0.0160666117500401	0.49351415099038	0.685481467575294	0.999911799016238	0.720567433832128	0.986116778425601	k__Bacteria|p__Proteobacteria|c__Gammaproteobacteria|o__Enterobacterales|f__Enterobacteriaceae|g__Kluyvera|s__Kluyvera_georgiana
-2.26959041113559	-1.97456502884053	-2.37773571319958	-0.342664453735525	6.51527658585566	-0.0436204960499928	0.470518868138799	0.604974758822259	0.999911799016238	0.516928779452619	0.966553515211613	k__Bacteria|p__Bacteroidetes|c__Bacteroidia|o__Bacteroidales|f__Prevotellaceae|g__Prevotella|s__Prevotella_corporis
-2.49289044501322	-2.4473100803386	-2.50912212576758	0.0106759013737001	4.79822743553671	0.00231512669903798	0.499557913354217	0.449618027330353	0.99991202161198	0.754938512520479	0.987655418861006	k__Bacteria|p__Firmicutes|c__Clostridia|o__Clostridiales|f__Clostridiaceae|g__Clostridium|s__Clostridium_sp_CAG_253
-2.39908153697875	-2.38216167460224	-2.40903168395061	0.0305666417865424	4.96100015925984	0.0042963757490215	0.496757075495187	0.670671250652395	0.999918441322001	0.754913575780712	0.990303184486331	k__Bacteria|p__Firmicutes|c__Bacilli|o__Lactobacillales|f__Streptococcaceae|g__Streptococcus|s__Streptococcus_sp_M334
-1.66458401370184	-1.80763472003428	-1.61671126772514	0.561532785902049	9.60208519232818	0.0537362150909942	0.456233422069916	0.227033706723754	0.999928456626415	0.513982440457324	0.999797698078087	k__Bacteria|p__Bacteroidetes|c__Bacteroidia|o__Bacteroidales|f__Bacteroidaceae|g__Bacteroides|s__Bacteroides_galacturonicus
-2.41747335230048	-2.36393456233157	-2.43030930482823	0.1004999091162	5.12483965369883	0.0155409447420258	0.489386792529734	0.537397185507996	0.999928456626415	0.743116966462101	0.991868478127758	k__Bacteria|p__Proteobacteria|c__Epsilonproteobacteria|o__Campylobacterales|f__Campylobacteraceae|g__Campylobacter|s__Campylobacter_gracilis
-2.51596776848137	-2.32272870406214	-2.58656971180596	-0.241397319376786	4.52091376889621	-0.0413263709805992	0.477453581065393	0.73302344436101	0.999928456626415	0.621406318685272	0.980342358640709	k__Bacteria|p__Actinobacteria|c__Actinobacteria|o__Bifidobacteriales|f__Bifidobacteriaceae|g__Bifidobacterium|s__Bifidobacterium_pseudolongum
-2.56596083261105	-2.41708610361461	-2.61535670277338	-0.178034835855252	4.55357343371855	-0.030397055205225	0.483785377476053	0.700239994978208	0.999952981171305	0.646672414907887	0.974181008884064	k__Bacteria|p__Firmicutes|c__Clostridia|o__Clostridiales|f__Lachnospiraceae|g__Butyrivibrio|s__Butyrivibrio_crossotus
-2.54486237265981	-2.39455932616609	-2.58987749883964	-0.13959260020785	4.70072484238204	-0.0214632964869991	0.486884762841832	0.600827182123597	0.999964128520504	0.665052059061818	0.978155458485227	k__Bacteria|p__Firmicutes|c__Bacilli|o__Lactobacillales|f__Lactobacillaceae|g__Lactobacillus|s__Lactobacillus_reuteri
-1.31173555577948	-0.828370347110477	-1.48887622812087	-0.841232895508671	12.8661080611435	-0.0685487154331716	0.444575472104537	0.349154790415602	0.99996743773075	0.341327681719826	0.94774876616183	k__Bacteria|p__Synergistetes|c__Synergistia|o__Synergistales|f__Synergistaceae|g__Cloacibacillus|s__Cloacibacillus_porcorum
-2.49336150691444	-2.31221885692899	-2.55101193018785	-0.119668016861741	4.91393090069167	-0.0180677924896752	0.490271226485585	0.685426870641139	0.999976564570966	0.600863075231501	0.966225475456845	k__Bacteria|p__Firmicutes|c__Bacilli|o__Lactobacillales|f__Streptococcaceae|g__Streptococcus|s__Streptococcus_sp_HMSC034E03
-2.57645530814982	-2.39932137674319	-2.63637353428227	-0.181743103238334	4.52736977186312	-0.0319312551123916	0.482311320882993	0.738269631939606	0.999976564570966	0.600011202924429	0.97844800808281	k__Bacteria|p__Firmicutes|c__Clostridia|o__Clostridiales|f__Lachnospiraceae|g__Butyrivibrio|s__Butyrivibrio_sp_CAG_318
-2.32340520049291	-2.05577642322122	-2.41321504558611	-0.365186950474659	5.79504149546663	-0.0433970820780597	0.467432950428313	0.600905228039087	0.999985642244442	0.533191961953524	0.958936433192557	k__Bacteria|p__Actinobacteria|c__Actinobacteria|o__Actinomycetales|f__Actinomycetaceae|g__Actinobaculum|s__Actinobaculum_sp_oral_taxon_183
12.1913530597907	12.3155048809743	12.1352375318361	-0.286150193626105	16.4829891894059	-0.0179040518026898	0.489386792529734	0.857703473174591	1	0.680608774253185	1	k__Bacteria|p__Bacteroidetes|c__Bacteroidia|o__Bacteroidales|f__Bacteroidaceae|g__Bacteroides|s__Bacteroides_dorei
14.7559807295542	12.8811541006235	14.9168613514251	0.635636943047318	15.8975303380463	0.0446214565139242	0.466981132315669	0.71171526491229	1	0.609387332816403	1	k__Bacteria|p__Firmicutes|c__Clostridia|o__Clostridiales|f__Eubacteriaceae|g__Eubacterium|s__Eubacterium_eligens
-1.33812050822847	-1.09741128677575	-1.42079903251081	-0.489136856034945	13.9828441270191	-0.0363816700571271	0.468160377590039	0.421092579451627	1	0.531829120993537	0.979335766492203	k__Bacteria|p__Firmicutes|c__Clostridia|o__Clostridiales|f__Ruminococcaceae|g__Ruminococcaceae_unclassified|s__Eubacterium_siraeum
19.0766638138381	20.142147640476	18.9369064782694	-0.664159909440494	4.61099170967181	-0.110689957607018	0.440742924963603	0.341095737343809	1	0.18154960139103	0.973056471540225	k__Bacteria|p__Bacteroidetes|c__Bacteroidia|o__Bacteroidales|f__Bacteroidaceae|g__Bacteroides|s__Bacteroides_uniformis
10.4035774990413	1.05501501216527	10.9294156470799	1.21794064810206	16.773572006512	0.0766267576532522	0.452830189023955	0.199763657728913	1	0.253009134616117	1	k__Bacteria|p__Firmicutes|c__Clostridia|o__Clostridiales|f__Eubacteriaceae|g__Eubacterium|s__Eubacterium_sp_CAG_38
19.9301972597641	20.1654315887356	19.7353795748429	-0.185488059635086	4.39690317394616	-0.0274826336826553	0.471264368024785	0.480128639734822	1	0.749260843895288	1	k__Bacteria|p__Firmicutes|c__Clostridia|o__Clostridiales|f__Ruminococcaceae|g__Faecalibacterium|s__Faecalibacterium_prausnitzii
15.0335715618467	12.2409465037816	16.2935714538321	0.621223291608908	17.744262061322	0.0416321879811601	0.464780430553881	0.189525334268038	1	0.437752037338502	1	k__Bacteria|p__Bacteroidetes|c__Bacteroidia|o__Bacteroidales|f__Rikenellaceae|g__Alistipes|s__Alistipes_putredinis
14.7140462446247	15.4279999906992	14.5566543704625	-0.413090129629833	12.3053376158596	-0.0342817960345804	0.478632478787432	0.931296988292684	1	0.684903115926021	1	k__Bacteria|p__Bacteroidetes|c__Bacteroidia|o__Bacteroidales|f__Bacteroidaceae|g__Bacteroides|s__Bacteroides_fragilis
9.60896238547164	0.802298794904932	11.2022412171582	0.994039108829849	17.7356369774374	0.0626132438435828	0.453286177765226	0.260269964750857	1	0.360138475024258	1	k__Bacteria|p__Firmicutes|c__Clostridia|o__Clostridiales|f__Ruminococcaceae|g__Ruminococcus|s__Ruminococcus_bicirculans
11.5983010067308	12.0281169470619	11.5637624774246	-0.0669879726917229	15.5661529910005	-0.00451530703478877	0.497051886813806	0.861655813935988	1	0.920254241187106	1	k__Bacteria|p__Bacteroidetes|c__Bacteroidia|o__Bacteroidales|f__Bacteroidaceae|g__Bacteroides|s__Bacteroides_intestinalis
16.1599648871885	16.5194572667257	15.973512782592	-0.406594753392922	8.96363044905046	-0.0345485936945326	0.467727674858808	0.808437343677465	1	0.475327188305596	1	k__Bacteria|p__Firmicutes|c__Negativicutes|o__Acidaminococcales|f__Acidaminococcaceae|g__Phascolarctobacterium|s__Phascolarctobacterium_faecium
17.5827598678506	18.266344593622	17.3488307857514	-1.04635438140308	4.81552007251041	-0.142717152043441	0.404656646752145	0.813752927248457	1	0.0454310500445104	0.788474327802489	k__Bacteria|p__Bacteroidetes|c__Bacteroidia|o__Bacteroidales|f__Bacteroidaceae|g__Bacteroides|s__Bacteroides_thetaiotaomicron
16.1961405754948	16.929636678493	15.9116006329287	-0.486697782964743	6.26988809357577	-0.056246447148245	0.465369879414862	0.502237348703187	1	0.365763707646508	1	k__Bacteria|p__Bacteroidetes|c__Bacteroidia|o__Bacteroidales|f__Bacteroidaceae|g__Bacteroides|s__Bacteroides_ovatus
18.0941934842103	18.862056286536	17.8506441058063	-0.780690200507538	5.75257049778554	-0.0973571716212203	0.438844680673389	0.406637581822455	1	0.180136959124209	0.973102447183884	k__Bacteria|p__Firmicutes|c__Clostridia|o__Clostridiales|f__Lachnospiraceae|g__Blautia|s__Ruminococcus_gnavus
0.433112070427908	-0.503667286335389	1.0947911029595	1.3381549991212	16.1346393134084	0.0883121392460667	0.437794811778378	0.132224245788308	1	0.213474349152261	1	k__Bacteria|p__Firmicutes|c__Clostridia|o__Clostridiales|f__Eubacteriaceae|g__Eubacterium|s__Eubacterium_sp_CAG_251
16.3718630453061	16.3759245200536	16.3698793483823	0.178359342716801	17.4602712723815	0.011708390016382	0.48511641625873	0.55892377967061	1	0.838113689465701	1	k__Bacteria|p__Firmicutes|c__Clostridia|o__Clostridiales|f__Lachnospiraceae|g__Dorea|s__Dorea_longicatena
17.1717090282618	18.3039964824253	16.924740216585	-1.13453638065092	4.73675520619063	-0.175899608153542	0.393457118402947	0.445695040650967	1	0.0182179981069917	0.686840982557955	k__Bacteria|p__Bacteroidetes|c__Bacteroidia|o__Bacteroidales|f__Tannerellaceae|g__Parabacteroides|s__Parabacteroides_distasonis
-1.67856667729534	-1.42428360138051	-1.77027212516027	-0.447633659941792	12.5985167482296	-0.0365837009352158	0.466981132315669	0.468843889547133	1	0.497743137679557	0.978896318061609	k__Bacteria|p__Proteobacteria|c__Proteobacteria_unclassified|o__Proteobacteria_unclassified|f__Proteobacteria_unclassified|g__Proteobacteria_unclassified|s__Proteobacteria_bacterium_CAG_139
15.7709638320342	15.771879859816	15.7696144477863	0.0594373568571314	4.69052445828465	0.00859403288312286	0.49277925145222	0.428751991898723	1	0.900677727026753	1	k__Bacteria|p__Firmicutes|c__Clostridia|o__Clostridiales|f__Lachnospiraceae|g__Blautia|s__Blautia_wexlerae
14.5201127064415	14.8808654931467	14.4910214182718	-0.0542597300863106	15.4059176359481	-0.0038206310141534	0.496610669048997	0.564417374444754	1	0.942812903184435	1	k__Bacteria|p__Firmicutes|c__Clostridia|o__Clostridiales|f__Eubacteriaceae|g__Eubacterium|s__Eubacterium_hallii
13.3689188456258	15.1982499393616	13.0839577820276	-1.45502708785386	16.5345121514458	-0.0909925172722215	0.437665782951701	0.322094434989386	1	0.222490372849178	0.98209771128149	k__Bacteria|p__Actinobacteria|c__Actinobacteria|o__Bifidobacteriales|f__Bifidobacteriaceae|g__Bifidobacterium|s__Bifidobacterium_longum
0.93306902018414	0.281990169701499	1.40687155019868	0.252570972892704	14.7809041400087	0.0201032143133658	0.48717948727235	0.676987763710385	1	0.774571835965231	1	k__Bacteria|p__Firmicutes|c__Clostridia|o__Clostridiales|f__Oscillospiraceae|g__Oscillibacter|s__Oscillibacter_sp_CAG_241
16.6439715824618	16.4454167611763	16.7567724740935	0.692048814942249	14.7011328598807	0.0569278359298365	0.447391689156069	0.0539425547125054	1	0.265767222013798	1	k__Bacteria|p__Firmicutes|c__Clostridia|o__Clostridiales|f__Lachnospiraceae|g__Fusicatenibacter|s__Fusicatenibacter_saccharivorans
-1.03303266491839	-1.05693662184565	-1.02441905741338	0.110454205402254	14.8247028695647	0.00865671625170614	0.491450471760053	0.679693723960716	1	0.776634119838823	0.999791010675795	k__Bacteria|p__Proteobacteria|c__Betaproteobacteria|o__Burkholderiales|f__Sutterellaceae|g__Parasutterella|s__Parasutterella_excrementihominis
14.3947215690029	14.3091489747636	14.430196195553	0.538788437387634	14.6743729171493	0.0412203537586306	0.465959328275846	0.571797253851149	1	0.479891200352021	1	k__Bacteria|p__Firmicutes|c__Firmicutes_unclassified|o__Firmicutes_unclassified|f__Firmicutes_unclassified|g__Firmicutes_unclassified|s__Firmicutes_bacterium_CAG_83
12.7032791705463	12.3194244010054	12.7943969116977	0.414556199779414	15.9070505977191	0.0312951922428206	0.477453581065393	0.306472603631135	1	0.598316302010168	1	k__Bacteria|p__Bacteroidetes|c__Bacteroidia|o__Bacteroidales|f__Odoribacteraceae|g__Butyricimonas|s__Butyricimonas_virosa
13.2021847993662	12.5847014953397	13.4212807260536	-0.353177247135067	17.3510619304858	-0.0235137619044826	0.478337754356921	0.759542277219927	1	0.681129761730396	1	k__Bacteria|p__Bacteroidetes|c__Bacteroidia|o__Bacteroidales|f__Odoribacteraceae|g__Odoribacter|s__Odoribacter_splanchnicus
16.7058334315109	16.7010235852749	16.7082776376129	0.0160595112696749	10.2071673339083	0.00134122043915409	0.498525943406902	0.880595216331181	1	0.944471827766968	1	k__Bacteria|p__Firmicutes|c__Clostridia|o__Clostridiales|f__Lachnospiraceae|g__Anaerostipes|s__Anaerostipes_hadrus
15.9123219109416	15.1753219455193	16.0144748897188	0.54419017109849	16.6773434142185	0.0410819518122753	0.453286177765226	0.446941055014024	1	0.317854185452255	1	k__Bacteria|p__Firmicutes|c__Clostridia|o__Clostridiales|f__Lachnospiraceae|g__Dorea|s__Dorea_formicigenerans
-0.492443145225563	-0.199406708916596	-0.591658284063081	-0.16749201328906	16.0605934714285	-0.0121814153802873	0.490421456008057	0.913599647720976	1	0.79948863212031	1	k__Bacteria|p__Firmicutes|c__Clostridia|o__Clostridiales|f__Clostridiaceae|g__Clostridium|s__Clostridium_sp_CAG_299
18.4814408177367	18.6919555878872	18.428835518041	-0.189953142214547	4.15446004384086	-0.0390656646967352	0.482758620814606	0.222547343814263	1	0.688617134313336	1	k__Bacteria|p__Proteobacteria|c__Gammaproteobacteria|o__Enterobacterales|f__Enterobacteriaceae|g__Escherichia|s__Escherichia_coli
16.1907623611677	15.7439709725559	16.3641471287229	0.519086399978283	4.49576917429879	0.0531801405014139	0.431898585408229	0.234747710612233	1	0.150511790640932	1	k__Bacteria|p__Firmicutes|c__Clostridia|o__Clostridiales|f__Ruminococcaceae|g__Agathobaculum|s__Agathobaculum_butyriciproducens
-0.388871395346509	-0.387971073897601	-0.389153513814479	-0.175562599014084	16.702125023942	-0.0124104735152375	0.490126731577538	0.892337811965426	1	0.814618077971669	1	k__Bacteria|p__Firmicutes|c__Clostridia|o__Clostridiales|f__Clostridiaceae|g__Clostridium|s__Clostridium_sp_CAG_58
11.6343741906425	10.6467738641498	11.6617538892976	-0.764618802358508	15.3177991973194	-0.0516612352898218	0.464033019129782	0.901512967478503	1	0.415089661854108	0.998305685348378	k__Bacteria|p__Proteobacteria|c__Deltaproteobacteria|o__Desulfovibrionales|f__Desulfovibrionaceae|g__Bilophila|s__Bilophila_wadsworthia
11.6936345505155	9.62857146786613	12.3505443216355	1.3624941225719	14.8860220635623	0.102157984360429	0.419687592698126	0.0812317263548204	1	0.0851509140671075	1	k__Bacteria|p__Firmicutes|c__Erysipelotrichia|o__Erysipelotrichales|f__Erysipelotrichaceae|g__Holdemania|s__Holdemania_filiformis
12.5465759737581	13.2547002128195	12.2735247920635	-0.843353564807123	13.9034717543778	-0.069454544371173	0.432488208045225	0.269285952623685	1	0.119009142030248	0.906216437477128	k__Bacteria|p__Firmicutes|c__Clostridia|o__Clostridiales|f__Lachnospiraceae|g__Lachnoclostridium|s__Clostridium_citroniae
14.7175223512878	14.0040232899517	14.8940738513166	0.775057877226497	14.7622910553859	0.057698266496374	0.450338933460609	0.368468904985911	1	0.322554322786122	1	k__Bacteria|p__Firmicutes|c__Clostridia|o__Clostridiales|f__Lachnospiraceae|g__Blautia|s__Blautia_obeum
15.009511935823	15.0920375811872	14.9460317403996	-0.277891131019554	6.27473362634623	-0.0293051879523852	0.480542452971329	0.422247093895877	1	0.682604730299393	1	k__Bacteria|p__Firmicutes|c__Clostridia|o__Clostridiales|f__Lachnospiraceae|g__Lachnoclostridium|s__Clostridium_bolteae
-0.192902940873946	1.22903993251204	-0.523742712305946	-1.12074336902	13.2664497935494	-0.0874408872067632	0.441037736282131	0.227417544100882	1	0.250178663043092	0.947604159496416	k__Bacteria|p__Firmicutes|c__Clostridia|o__Clostridiales|f__Lachnospiraceae|g__Lachnoclostridium|s__Clostridium_lavalense
-0.712518198933116	-0.906500504712566	-0.638542740928045	0.479660645048329	15.7706208978235	0.0328897927514118	0.477004717148035	0.493590276993564	1	0.668726947880914	1	k__Bacteria|p__Firmicutes|c__Clostridia|o__Clostridiales|f__Lachnospiraceae|g__Blautia|s__Blautia_hansenii
0.128786967961366	-0.537353374647772	0.521887821420789	1.18004615738981	13.8058812439415	0.0931211738805851	0.437500000459861	0.124717064945768	1	0.19154833937329	1	k__Bacteria|p__Firmicutes|c__Clostridia|o__Clostridiales|f__Ruminococcaceae|g__Ruminococcaceae_unclassified|s__Clostridium_leptum
8.01465703337684	0.449307999792889	9.27743580273831	0.739337960981794	16.503355652487	0.0455144718887723	0.470224056820202	0.443594954560342	1	0.483785539283904	1	k__Bacteria|p__Bacteroidetes|c__Bacteroidia|o__Bacteroidales|f__Prevotellaceae|g__Prevotella|s__Prevotella_copri
7.0904837924023	5.42122116459668	7.22465074434038	-0.697095706743317	14.899785085157	-0.0501827270286438	0.466096698359897	0.693284858638023	1	0.490427542893503	0.999321412891952	k__Bacteria|p__Bacteroidetes|c__Bacteroidia|o__Bacteroidales|f__Rikenellaceae|g__Alistipes|s__Alistipes_indistinctus
-1.11999003823661	-0.614993004785372	-1.28585132618442	-0.702145324027787	15.4547130943771	-0.0487110307040343	0.464033019129782	0.453631017467479	1	0.415525751865896	0.976462753233527	k__Bacteria|p__Fusobacteria|c__Fusobacteriia|o__Fusobacteriales|f__Fusobacteriaceae|g__Fusobacterium|s__Fusobacterium_varium
-2.22572524029219	-2.08709882186639	-2.26384482540631	-0.136783216685036	6.3758284351085	-0.0162575368558777	0.488502358573885	0.836041902955975	1	0.70405034744994	0.988326350406138	k__Bacteria|p__Firmicutes|c__Clostridia|o__Clostridiales|f__Ruminococcaceae|g__Ruminococcaceae_unclassified|s__Ruminococcaceae_bacterium_D5
13.3602281347927	13.8625986851857	13.2219892783335	-0.667488405546415	4.90126276810904	-0.0842448550094231	0.428655660904832	0.227189482078874	1	0.124234737758689	0.915602280619927	k__Bacteria|p__Actinobacteria|c__Coriobacteriia|o__Eggerthellales|f__Eggerthellaceae|g__Gordonibacter|s__Gordonibacter_pamelaeae
-0.356199985611656	0.159300138918494	-0.533807035285657	-0.660405403161215	14.1288522866925	-0.0522509242951457	0.462853773855442	0.537792295061351	1	0.438756808540812	0.9819798089703	k__Bacteria|p__Firmicutes|c__Clostridia|o__Clostridiales|f__Lachnospiraceae|g__Eisenbergiella|s__Eisenbergiella_tayi
-1.13117005005158	-0.616593551644588	-1.31391761732627	-0.710370143275844	13.2921697142655	-0.0582225799512968	0.454599056935338	0.439757829092451	1	0.378219170536301	0.954377426033825	k__Bacteria|p__Firmicutes|c__Erysipelotrichia|o__Erysipelotrichales|f__Erysipelotrichaceae|g__Dielma|s__Dielma_fastidiosa
8.76006657057654	8.87424576091582	8.68254515244686	0.331032099614867	15.0628037725661	0.0233795048205388	0.48600058955028	0.75798932968286	1	0.689542901518691	1	k__Bacteria|p__Actinobacteria|c__Coriobacteriia|o__Eggerthellales|f__Eggerthellaceae|g__Adlercreutzia|s__Adlercreutzia_equolifaciens
-0.569571806372528	-0.557040224151546	-0.575761219728561	-0.109777628011051	13.3417033795969	-0.00766367022414066	0.492924528353143	0.842264419083483	1	0.829932129186468	1	k__Bacteria|p__Firmicutes|c__Clostridia|o__Clostridiales|f__Clostridiales_unclassified|g__Lawsonibacter|s__Lawsonibacter_asaccharolyticus
0.0863730275550179	0.696135764470222	-0.131838036601485	-0.717579531469505	14.4876487676951	-0.0511917069456698	0.462853773855442	0.458192330596241	1	0.421231963347351	0.98853326902883	k__Bacteria|p__Firmicutes|c__Clostridia|o__Clostridiales|f__Clostridiales_unclassified|g__Intestinimonas|s__Intestinimonas_butyriciproducens
12.4083650235408	14.0741735081917	12.1063567877011	-1.1591588321345	15.3038714143865	-0.0835415192317163	0.434846698593251	0.477952472809777	1	0.168500610135029	0.95397674966219	k__Bacteria|p__Firmicutes|c__Clostridia|o__Clostridiales|f__Lachnospiraceae|g__Lachnoclostridium|s__Clostridium_symbiosum
14.7847796853648	15.2518582741868	14.5369926717098	-0.891046029972792	5.79941798944698	-0.106071258924004	0.413915094982166	0.486928983186452	1	0.0961356684707127	0.883858885007507	k__Bacteria|p__Actinobacteria|c__Coriobacteriia|o__Eggerthellales|f__Eggerthellaceae|g__Eggerthella|s__Eggerthella_lenta
0.276137690986564	-0.0751089053989755	0.421628386394708	0.175100034615793	16.6560894895515	0.0105269528693177	0.491010904869097	0.79367785306398	1	0.811576491620098	1	k__Bacteria|p__Firmicutes|c__Clostridia|o__Clostridiales|f__Lachnospiraceae|g__Blautia|s__Blautia_sp_CAG_257
12.0524065082239	11.7378396355068	12.1322003639468	0.141159297895551	14.8043766477746	0.0117794440854986	0.490271226485585	0.569311159538517	1	0.830790669274865	1	k__Bacteria|p__Firmicutes|c__Clostridia|o__Clostridiales|f__Peptostreptococcaceae|g__Intestinibacter|s__Intestinibacter_bartlettii
12.8355972981864	13.1441575970993	12.7678362561914	-0.464806269027446	13.0547739951276	-0.032703492593631	0.477004717148035	0.669670391162813	1	0.542528385835838	1	k__Bacteria|p__Firmicutes|c__Clostridia|o__Clostridiales|f__Clostridiaceae|g__Hungatella|s__Hungatella_hathewayi
12.7976837193928	13.9157310103087	12.3653979145921	-1.20733221949059	12.4296018396079	-0.100474483324046	0.422759434535379	0.37914128126343	1	0.0797912058235583	0.85782453511541	k__Bacteria|p__Firmicutes|c__Erysipelotrichia|o__Erysipelotrichales|f__Erysipelotrichaceae|g__Erysipelatoclostridium|s__Clostridium_innocuum
15.8243480961453	16.0637564809395	15.7257639390462	-0.665349376179336	7.01428163421911	-0.0690514192703412	0.446933962652877	0.936796176961238	1	0.272907805043191	0.999405202073176	k__Bacteria|p__Bacteroidetes|c__Bacteroidia|o__Bacteroidales|f__Bacteroidaceae|g__Bacteroides|s__Bacteroides_xylanisolvens
6.5536165698294	1.33798225272029	7.08967788659002	0.699009619082015	13.7544030805866	0.0530967391066661	0.464485706123391	0.551832137184774	1	0.526552162236712	1	k__Bacteria|p__Actinobacteria|c__Coriobacteriia|o__Eggerthellales|f__Eggerthellaceae|g__Asaccharobacter|s__Asaccharobacter_celatus
-0.744214758308459	-0.33636471783529	-0.865703296304435	-0.361410891753678	16.1402661749544	-0.0246007615169475	0.478337754356921	0.741337782998419	1	0.648886826946384	0.994389454593461	k__Bacteria|p__Firmicutes|c__Clostridia|o__Clostridiales|f__Lachnospiraceae|g__Sellimonas|s__Sellimonas_intestinalis
-0.0122766179577773	-0.382157961938638	0.131102192673366	0.832424243677119	17.1450555260885	0.0524336719414448	0.455643973208972	0.317036811808154	1	0.49613409012313	1	k__Bacteria|p__Bacteroidetes|c__Bacteroidia|o__Bacteroidales|f__Bacteroidaceae|g__Bacteroides|s__Bacteroides_massiliensis
8.86666146384937	8.45464293060709	8.99511619310147	0.453484809451042	12.6437014261941	0.0333744143119744	0.476274683343359	0.64745847787578	1	0.599631914028436	1	k__Bacteria|p__Actinobacteria|c__Coriobacteriia|o__Coriobacteriales|f__Coriobacteriaceae|g__Collinsella|s__Collinsella_intestinalis
-1.01858738538906	-0.787412583629381	-1.10167689199781	-0.717571023815716	14.8750474390159	-0.0556117729467503	0.454009434298208	0.436643753432625	1	0.415710450848967	0.971494881211158	k__Bacteria|p__Firmicutes|c__Clostridia|o__Clostridiales|f__Lachnospiraceae|g__Blautia|s__Blautia_producta
16.4948207413156	16.1032386845466	16.7289976627632	0.401453887655761	5.09067015133932	0.0570695336280665	0.470224056820202	0.908748162472088	1	0.554153012253901	1	k__Bacteria|p__Firmicutes|c__Bacilli|o__Lactobacillales|f__Streptococcaceae|g__Streptococcus|s__Streptococcus_salivarius
13.0703570996252	11.9506780645559	13.1457110046738	0.0799754282446106	13.8203151355405	0.00530160475789847	0.495726495757432	0.82996045257415	1	0.930225388171692	1	k__Bacteria|p__Firmicutes|c__Negativicutes|o__Veillonellales|f__Veillonellaceae|g__Veillonella|s__Veillonella_parvula
16.8822368030652	14.4322786435141	18.0243779294989	1.62729317794345	14.4721324935046	0.112829467687313	0.417919246116052	0.076283586659468	1	0.0585185045754169	1	k__Bacteria|p__Firmicutes|c__Clostridia|o__Clostridiales|f__Ruminococcaceae|g__Ruminococcus|s__Ruminococcus_bromii
14.9224817352851	13.8791942017703	15.4847498729842	2.10042318471231	15.3423953475288	0.145483733243888	0.410551135357952	0.0463532822947386	1	0.0516386183135115	1	k__Bacteria|p__Firmicutes|c__Clostridia|o__Clostridiales|f__Lachnospiraceae|g__Lachnospiraceae_unclassified|s__Eubacterium_rectale
15.3132916435179	11.9983783827428	15.7961436167463	0.94345127040234	16.729844187264	0.0663293027530391	0.448113207927067	0.40440613460581	1	0.284792957123457	1	k__Bacteria|p__Firmicutes|c__Clostridia|o__Clostridiales|f__Lachnospiraceae|g__Coprococcus|s__Coprococcus_comes
-1.19100829328615	-1.1749441955073	-1.19675358826502	0.0252053291655425	14.5738069040525	0.00222133881220501	0.498379015632129	0.841761525866861	1	0.757400713857464	0.998837602459865	k__Bacteria|p__Actinobacteria|c__Actinobacteria|o__Bifidobacteriales|f__Bifidobacteriaceae|g__Bifidobacterium|s__Bifidobacterium_adolescentis
14.8629725391048	12.9670367992995	15.3061094586524	1.43112611747273	16.3942063743144	0.104449487904956	0.428950472223316	0.0772810712783001	1	0.157057260499477	1	k__Bacteria|p__Firmicutes|c__Clostridia|o__Clostridiales|f__Lachnospiraceae|g__Roseburia|s__Roseburia_faecis
14.7525275323191	13.3192880380554	15.5044704495069	1.29984474278434	16.6673327258402	0.090847634335767	0.441791924977675	0.189064607161345	1	0.236508512465699	1	k__Bacteria|p__Firmicutes|c__Clostridia|o__Clostridiales|f__Lachnospiraceae|g__Blautia|s__Ruminococcus_torques
20.0932558463032	20.5003554834806	19.9230171107272	-0.297624990382314	5.99748885967408	-0.0400220673267148	0.477299528466642	0.937150483255454	1	0.612396168215002	1	k__Bacteria|p__Bacteroidetes|c__Bacteroidia|o__Bacteroidales|f__Bacteroidaceae|g__Bacteroides|s__Bacteroides_vulgatus
15.5404153665372	14.6405930896822	15.8821435048371	0.301994961949083	13.5223662749648	0.0248939774967356	0.478927203217942	0.736903350136591	1	0.52726873192167	1	k__Bacteria|p__Actinobacteria|c__Coriobacteriia|o__Coriobacteriales|f__Coriobacteriaceae|g__Collinsella|s__Collinsella_aerofaciens
-0.440472197162819	-0.169905342696559	-0.541790357066409	-0.736297362991371	15.2851143892402	-0.0495868701187447	0.465075154984372	0.555248995525112	1	0.510272213832446	0.988881673031541	k__Bacteria|p__Bacteroidetes|c__Bacteroidia|o__Bacteroidales|f__Bacteroidaceae|g__Bacteroides|s__Bacteroides_eggerthii
7.58157956905155	0.543428185198055	8.8903190388625	1.32125202750219	13.5746405002617	0.101266584468197	0.428234601178797	0.182189425715467	1	0.155238056508246	1	k__Bacteria|p__Firmicutes|c__Bacilli|o__Lactobacillales|f__Streptococcaceae|g__Streptococcus|s__Streptococcus_australis
13.3989084434798	10.1305539947183	13.7921389581189	0.477245141080571	17.1681925205658	0.0365790329726408	0.470969643594284	0.481012423385651	1	0.620778503771743	1	k__Bacteria|p__Firmicutes|c__Clostridia|o__Clostridiales|f__Eubacteriaceae|g__Eubacterium|s__Eubacterium_ramulus
11.4918832136447	11.4201680097456	11.5217898673329	0.869078644232482	15.7459401313955	0.0614773318643632	0.457547170121031	0.243192630314039	1	0.361682835910846	1	k__Bacteria|p__Firmicutes|c__Clostridia|o__Clostridiales|f__Ruminococcaceae|g__Gemmiger|s__Gemmiger_formicilis
13.192593858642	11.6792050981116	13.8772951080771	1.20539487455094	15.9279300981235	0.0854287555356801	0.440153302326551	0.280870969583412	1	0.195106692704563	1	k__Bacteria|p__Firmicutes|c__Clostridia|o__Clostridiales|f__Eubacteriaceae|g__Eubacterium|s__Eubacterium_ventriosum
-0.607107134453848	-0.617897101235652	-0.602730001279699	0.196863477788072	15.3931743484024	0.0146343273617738	0.489681603848352	0.500077196232289	1	0.699683216890949	1	k__Bacteria|p__Bacteroidetes|c__Bacteroidia|o__Bacteroidales|f__Bacteroidaceae|g__Bacteroides|s__Bacteroides_finegoldii
12.2750184933041	10.0785552909226	13.0393739953083	0.502671046297034	17.4215798805226	0.0300514526192599	0.48024764165272	0.533321576469104	1	0.70486434360019	1	k__Bacteria|p__Bacteroidetes|c__Bacteroidia|o__Bacteroidales|f__Bacteroidaceae|g__Bacteroides|s__Bacteroides_plebeius
1.47942594073132	0.0311022984348437	9.30965468074617	1.15119302155447	16.5945400576332	0.0777962242472909	0.431308962771238	0.139332082949972	1	0.179717716466997	1	k__Bacteria|p__Firmicutes|c__Clostridia|o__Clostridiales|f__Lachnospiraceae|g__Coprococcus|s__Coprococcus_catus
9.54628117563112	1.73917054973459	9.76265518157935	0.534167524347642	14.5679022819866	0.0412931782460625	0.467727674858808	0.565515336334499	1	0.546220386534674	1	k__Bacteria|p__Firmicutes|c__Bacilli|o__Lactobacillales|f__Streptococcaceae|g__Streptococcus|s__Streptococcus_infantis
-2.01340644679651	-1.92535288146783	-2.05190789744681	0.0279651036141839	7.32406299228246	0.00316025885276723	0.497494842340563	0.745887373173962	1	0.753051317944337	0.993214060783742	k__Bacteria|p__Actinobacteria|c__Coriobacteriia|o__Eggerthellales|f__Eggerthellaceae|g__Slackia|s__Slackia_isoflavoniconvertens
9.82249417166811	10.1500354300147	9.69964382441166	-0.390256742148261	15.3432071351956	-0.0277525581958851	0.475979958912852	0.854430127575333	1	0.664373556447325	0.999638350419592	k__Bacteria|p__Firmicutes|c__Bacilli|o__Lactobacillales|f__Streptococcaceae|g__Streptococcus|s__Streptococcus_gordonii
10.3877987313285	0.781817469622176	10.8361848360678	1.8131403908378	17.2177701906592	0.109039510147694	0.426002359038519	0.087171977057117	1	0.113576894973304	1	k__Bacteria|p__Actinobacteria|c__Actinobacteria|o__Bifidobacteriales|f__Bifidobacteriaceae|g__Bifidobacterium|s__Bifidobacterium_pseudocatenulatum
11.8591222005606	11.9514679670022	11.8436922266579	0.390474223666057	13.9349114804084	0.0300945073025584	0.476569407773867	0.701084581872156	1	0.613673210632909	1	k__Bacteria|p__Firmicutes|c__Bacilli|o__Lactobacillales|f__Streptococcaceae|g__Streptococcus|s__Streptococcus_mitis
-1.4732671302801	-1.16548877601272	-1.57939806554018	-0.394774591516063	11.3648385665717	-0.0342963570881367	0.472737990177294	0.66939496132039	1	0.60008078706332	0.98850065373126	k__Bacteria|p__Firmicutes|c__Clostridia|o__Clostridiales|f__Lachnospiraceae|g__Roseburia|s__Roseburia_sp_CAG_471
10.9113229060225	9.92154690964098	11.0666746114134	0.547614544720062	13.5636253480557	0.0437318294159584	0.461243737388041	0.445615434075037	1	0.473849422919695	1	k__Bacteria|p__Firmicutes|c__Bacilli|o__Bacillales|f__Bacillales_unclassified|g__Gemella|s__Gemella_sanguinis
11.3919439878384	11.4410904724464	11.3785139553027	-0.169939359029318	15.1449787835783	-0.0145027349373062	0.488653109424942	0.776178369656509	1	0.891670849661219	1	k__Bacteria|p__Firmicutes|c__Bacilli|o__Lactobacillales|f__Streptococcaceae|g__Streptococcus|s__Streptococcus_oralis
11.4517794061787	10.6586194383059	11.5629247162643	0.0770623447434948	14.5120948510525	0.00671316152146283	0.49557783022071	0.832543496514239	1	0.925532374870693	1	k__Bacteria|p__Bacteroidetes|c__Bacteroidia|o__Bacteroidales|f__Rikenellaceae|g__Alistipes|s__Alistipes_shahii
-1.97509681898242	-1.90681128539031	-2.00179810739485	0.0721811857203303	8.42925725511158	0.00559023622747509	0.495283018902092	0.677826955482013	1	0.78194127291978	0.996236402167348	k__Bacteria|p__Proteobacteria|c__Gammaproteobacteria|o__Enterobacterales|f__Enterobacteriaceae|g__Citrobacter|s__Citrobacter_youngae
-2.03278502160137	-2.16262650636444	-1.99866923627807	0.254994456968443	7.72366386660152	0.0220389377447002	0.478632478787432	0.470669180598793	1	0.642003550298157	0.999504115789794	k__Bacteria|p__Firmicutes|c__Clostridia|o__Clostridiales|f__Lachnospiraceae|g__Coprococcus|s__Coprococcus_eutactus
-0.924232379652173	-0.677961151150726	-1.01142271886448	-0.458857011103198	12.0168232079149	-0.0412589652853928	0.470085470302786	0.603935012702027	1	0.517796401000594	0.988504546134684	k__Bacteria|p__Firmicutes|c__Bacilli|o__Lactobacillales|f__Streptococcaceae|g__Streptococcus|s__Streptococcus_sp_A12
13.3438489209885	12.4307358424722	13.6257437478161	0.44568757842266	17.0924437470285	0.030415809957543	0.478183962422462	0.298657528486999	1	0.609300760845474	1	k__Bacteria|p__Bacteroidetes|c__Bacteroidia|o__Bacteroidales|f__Tannerellaceae|g__Parabacteroides|s__Parabacteroides_merdae
-1.01073750703696	-1.30816730541646	-0.902211033291527	0.369831077115453	13.4330577460212	0.0329005967103019	0.4746462265992	0.496430131211994	1	0.624982198339239	1	k__Bacteria|p__Firmicutes|c__Bacilli|o__Lactobacillales|f__Streptococcaceae|g__Streptococcus|s__Streptococcus_cristatus
-2.01781106493292	-1.86679145397349	-2.06663813206445	-0.131595598067436	7.91762242159999	-0.0140686298584493	0.489537282716499	0.773983650084167	1	0.725717588144846	0.990730162223255	k__Bacteria|p__Proteobacteria|c__Gammaproteobacteria|o__Enterobacterales|f__Enterobacteriaceae|g__Citrobacter|s__Citrobacter_freundii
6.3620437785906	1.12291710731367	9.5984058704999	-0.0905078190928199	14.6207006259355	-0.0060603402830483	0.493219339671761	0.842991473804197	1	0.85615510228266	1	k__Bacteria|p__Firmicutes|c__Bacilli|o__Lactobacillales|f__Streptococcaceae|g__Streptococcus|s__Streptococcus_sanguinis
8.7948851808861	0.809016683971825	9.17817427571189	0.571481248938775	13.0616750387527	0.0492856993021874	0.469496021441788	0.236769139831777	1	0.550405879988791	1	k__Bacteria|p__Actinobacteria|c__Actinobacteria|o__Actinomycetales|f__Actinomycetaceae|g__Actinomyces|s__Actinomyces_odontolyticus
10.959627339682	1.95545956790941	11.2568355602888	1.48662338021675	15.3968952897244	0.100717493807186	0.431014151452744	0.128689779958529	1	0.143348812662628	1	k__Bacteria|p__Firmicutes|c__Bacilli|o__Lactobacillales|f__Streptococcaceae|g__Streptococcus|s__Streptococcus_anginosus_group
-0.79862328442263	-1.060747875965	-0.700959698378769	0.417490111396419	11.6677663469943	0.0392403013215529	0.4746462265992	0.411812099144238	1	0.555072392132772	1	k__Bacteria|p__Firmicutes|c__Bacilli|o__Bacillales|f__Bacillales_unclassified|g__Gemella|s__Gemella_morbillorum
13.9310384634984	13.9038714636172	13.9416537686973	-0.00220183796902518	9.88598685401572	-0.000118668697074855	0.499852637784739	0.935291270515079	1	0.873303401522424	1	k__Bacteria|p__Firmicutes|c__Bacilli|o__Lactobacillales|f__Streptococcaceae|g__Streptococcus|s__Streptococcus_parasanguinis
-1.98404506568667	-1.72020887248334	-2.0673943011986	-0.518967204496828	8.92532871440884	-0.0494972008182953	0.463148585174025	0.540495613272936	1	0.52972103834595	0.976675299070321	k__Bacteria|p__Proteobacteria|c__Gammaproteobacteria|o__Enterobacterales|f__Enterobacteriaceae|g__Klebsiella|s__Klebsiella_aerogenes
-2.02231350643682	-1.93385238874691	-2.05505513826517	-0.227967758862137	7.46532209227397	-0.0248638083227858	0.482169171953578	0.788681154649135	1	0.690779713677985	0.993042023618515	k__Bacteria|p__Firmicutes|c__Bacilli|o__Lactobacillales|f__Streptococcaceae|g__Streptococcus|s__Streptococcus_milleri
-1.34982753642292	-1.48924462598725	-1.30409098304785	0.214725288077563	14.3781935474908	0.0165299765643798	0.48511641625873	0.522892814985908	1	0.661466586013268	0.999321635017807	k__Bacteria|p__Proteobacteria|c__Deltaproteobacteria|o__Desulfovibrionales|f__Desulfovibrionaceae|g__Desulfovibrio|s__Desulfovibrio_piger
-1.82847490990182	-1.84882746634	-1.82253201777313	0.0729498915810165	8.04429274712549	0.00738312522508277	0.495137046896389	0.700645771083177	1	0.7668528343267	0.996916267058902	k__Bacteria|p__Firmicutes|c__Clostridia|o__Clostridiales|f__Peptostreptococcaceae|g__Peptostreptococcus|s__Peptostreptococcus_stomatis
-2.26434138481223	-2.0668773100177	-2.3374287056968	-0.401960072639325	6.21562861906777	-0.0506528097640925	0.464033019129782	0.556027691217397	1	0.553834245397417	0.963867367057764	k__Bacteria|p__Firmicutes|c__Bacilli|o__Lactobacillales|f__Streptococcaceae|g__Streptococcus|s__Streptococcus_viridans
15.8463663532139	14.7893412191773	16.2627799984406	0.994606991507478	9.92231643640394	0.0800054522477615	0.441037736282131	0.369243241031787	1	0.206572640659327	1	k__Bacteria|p__Firmicutes|c__Clostridia|o__Clostridiales|f__Lachnospiraceae|g__Roseburia|s__Roseburia_inulinivorans
0.104159220853225	-0.304783988238887	0.268790037988653	0.203572452868955	12.8169129843722	0.0155966360643697	0.486884762841832	0.624506718684172	1	0.779239376471109	1	k__Bacteria|p__Firmicutes|c__Bacilli|o__Bacillales|f__Bacillales_unclassified|g__Gemella|s__Gemella_haemolysans
-0.57630606949945	-0.640474865042172	-0.560785582264948	0.413960084418417	15.2357587990649	0.0263041598548761	0.478337754356921	0.525792138583906	1	0.702083344566554	1	k__Bacteria|p__Bacteroidetes|c__Bacteroidia|o__Bacteroidales|f__Bacteroidaceae|g__Bacteroides|s__Bacteroides_coprocola
-1.44309112113334	-1.2394845020269	-1.5131789505442	-0.253099916148981	12.6167011839015	-0.0211277843679585	0.48142688692716	0.828395395869483	1	0.678956107047104	0.997229187001242	k__Bacteria|p__Firmicutes|c__Clostridia|o__Clostridiales|f__Clostridiaceae|g__Clostridium|s__Clostridium_perfringens
-1.67466973449373	-1.74729701027194	-1.64531934686582	0.291165481388198	12.632334620394	0.0237690519999312	0.479658019015502	0.479309023510836	1	0.681668265546302	0.999132449852157	k__Bacteria|p__Bacteroidetes|c__Bacteroidia|o__Bacteroidales|f__Bacteroidaceae|g__Bacteroides|s__Bacteroides_clarus
-2.321049908266	-2.16942407122815	-2.37162595361476	-0.126411207534952	5.66102516489139	-0.0180003123227504	0.490126731577538	0.713679235080562	1	0.643169341252453	0.969532121755757	k__Bacteria|p__Firmicutes|c__Bacilli|o__Lactobacillales|f__Streptococcaceae|g__Streptococcus|s__Streptococcus_sinensis
-1.6865702858836	-1.700457547767	-1.67818550565477	0.393162064172753	10.3136534329492	0.0383739315574458	0.47199292473179	0.359687475955422	1	0.667715677716958	1	k__Bacteria|p__Firmicutes|c__Negativicutes|o__Veillonellales|f__Veillonellaceae|g__Veillonella|s__Veillonella_tobetsuensis
2.19539924311919	2.01238511704724	2.31694711772785	-0.187094374871839	13.485801053446	-0.0162616286033162	0.488358384994423	0.770398815450114	1	0.714644078252726	0.999298883685928	k__Bacteria|p__Actinobacteria|c__Actinobacteria|o__Micrococcales|f__Micrococcaceae|g__Rothia|s__Rothia_mucilaginosa
10.1273731879536	2.14891950743583	10.3062033314035	0.32857712003152	15.1735660303609	0.0244975585897725	0.484669811431892	0.471561045115848	1	0.765805441718481	1	k__Bacteria|p__Firmicutes|c__Bacilli|o__Lactobacillales|f__Streptococcaceae|g__Streptococcus|s__Streptococcus_vestibularis
0.0417596279272257	-0.245013885528842	0.153884310958892	0.402030498089808	13.8719936144055	0.0286776565805763	0.480542452971329	0.636237648471246	1	0.664922482911414	1	k__Bacteria|p__Firmicutes|c__Negativicutes|o__Veillonellales|f__Veillonellaceae|g__Veillonella|s__Veillonella_infantium
-1.78832210576872	-1.58842301047934	-1.85579016692345	-0.236888059892218	10.6151118253727	-0.0217208800389002	0.482463896384092	0.798774871842889	1	0.635596356280666	0.983910783788083	k__Bacteria|p__Firmicutes|c__Erysipelotrichia|o__Erysipelotrichales|f__Erysipelotrichaceae|g__Turicibacter|s__Turicibacter_sanguinis
11.1018776844736	9.25882916511091	11.7262399366371	0.769536240292881	15.7076287389133	0.0532603753327872	0.469044811545819	0.314434645025817	1	0.470608250064745	1	k__Bacteria|p__Bacteroidetes|c__Bacteroidia|o__Bacteroidales|f__Rikenellaceae|g__Alistipes|s__Alistipes_finegoldii
-0.557054904353274	-0.947916638924131	-0.400338616185442	0.793673809036895	14.0072695541352	0.0656374241885991	0.451812555612908	0.280098451819894	1	0.408570269710174	1	k__Bacteria|p__Firmicutes|c__Negativicutes|o__Veillonellales|f__Veillonellaceae|g__Veillonella|s__Veillonella_dispar
8.82181964551322	0.514624482156808	9.22983160355165	0.639021451044439	16.8828192191671	0.0439105450218216	0.466548777136831	0.315472384725239	1	0.540071452777019	1	k__Bacteria|p__Firmicutes|c__Clostridia|o__Clostridiales|f__Oscillospiraceae|g__Oscillibacter|s__Oscillibacter_sp_57_20
-2.36563688518892	-2.34212074355128	-2.37544977387036	-0.0819653873862904	5.07678108402598	-0.010827823345665	0.491305629299617	0.521648641124755	1	0.768031603825078	0.983945295020645	k__Bacteria|p__Proteobacteria|c__Gammaproteobacteria|o__Pasteurellales|f__Pasteurellaceae|g__Haemophilus|s__Haemophilus_sputorum
-1.8922876612042	-1.92226255856631	-1.88317126460139	0.0193360044576369	8.64340245695978	0.00213296975732121	0.498820754725522	0.548582762252123	1	0.71942173997692	0.996156908373478	k__Bacteria|p__Fusobacteria|c__Fusobacteriia|o__Fusobacteriales|f__Fusobacteriaceae|g__Fusobacterium|s__Fusobacterium_nucleatum
-0.575139464590045	-0.786477021993095	-0.492293383307977	0.323467027451725	12.3935581554527	0.0268151280677479	0.479363207696893	0.566372675287366	1	0.666052684288762	1	k__Bacteria|p__Firmicutes|c__Clostridia|o__Clostridiales|f__Clostridiales_Family_XIII_Incertae_Sedis|g__Mogibacterium|s__Mogibacterium_diversum
-2.4947927174464	-2.33785323568064	-2.53848354594682	-0.208839496283712	4.87155568786121	-0.0348178593734137	0.48157972309255	0.759563719831125	1	0.631230600159989	0.975405956479408	k__Bacteria|p__Proteobacteria|c__Gammaproteobacteria|o__Enterobacterales|f__Enterobacteriaceae|g__Escherichia|s__Escherichia_fergusonii
-1.8895954816542	-1.83853005861754	-1.90356840773067	-0.0279032188813595	7.94658089534676	-0.00338871225608551	0.496905393479519	0.819282335909042	1	0.759613013984108	0.990251289059674	k__Bacteria|p__Firmicutes|c__Bacilli|o__Lactobacillales|f__Carnobacteriaceae|g__Granulicatella|s__Granulicatella_adiacens
-1.33295645046906	-1.29867076011616	-1.3479062609439	-0.0468463549525016	11.5189675984107	-0.004975041416005	0.497936320769664	0.82274341021807	1	0.821368174027643	0.998769345506454	k__Bacteria|p__Firmicutes|c__Bacilli|o__Lactobacillales|f__Streptococcaceae|g__Streptococcus|s__Streptococcus_sp_F0442
-0.448327745167163	0.158646867296547	-0.623742139507881	-0.573040346212619	14.629809899455	-0.0473372753035679	0.46920129701129	0.648618363494334	1	0.596140115993556	0.995307233300091	k__Bacteria|p__Firmicutes|c__Erysipelotrichia|o__Erysipelotrichales|f__Erysipelotrichaceae|g__Coprobacillus|s__Coprobacillus_cateniformis
15.9050779346363	16.3072832994879	15.6263740457484	-0.778130272250966	14.0625044585295	-0.0545101395067192	0.46301208397095	0.570339658637023	1	0.395937409672631	1	k__Bacteria|p__Bacteroidetes|c__Bacteroidia|o__Bacteroidales|f__Bacteroidaceae|g__Bacteroides|s__Bacteroides_caccae
-2.18820287337493	-2.15145360974279	-2.20257307257284	0.0177455219363836	5.93059948096302	0.00225616140872407	0.499115566044142	0.67305187968272	1	0.780783535557494	0.990812051797749	k__Bacteria|p__Actinobacteria|c__Actinobacteria|o__Actinomycetales|f__Actinomycetaceae|g__Actinomyces|s__Actinomyces_naeslundii
-2.07925515506074	-2.2496087559859	-2.01936227341371	0.361847391390276	6.14298099322571	0.0485301413151807	0.468160377590039	0.301013442069593	1	0.523124643013895	1	k__Bacteria|p__Proteobacteria|c__Gammaproteobacteria|o__Pasteurellales|f__Pasteurellaceae|g__Haemophilus|s__Haemophilus_sp_HMSC71H05
-2.39920473752023	-2.30331571513329	-2.43741641180907	-0.153203445013721	4.92313018226202	-0.0237075679302928	0.485259434069121	0.606401093925257	1	0.694557531099511	0.975677918596151	k__Bacteria|p__Firmicutes|c__Bacilli|o__Lactobacillales|f__Streptococcaceae|g__Lactococcus|s__Lactococcus_garvieae
-2.22467580544945	-2.0442699543121	-2.28745018352239	-0.290262507221934	6.73377815552707	-0.0322884215918372	0.476864132204375	0.597015263960443	1	0.577032630838124	0.981018370682278	k__Bacteria|p__Firmicutes|c__Bacilli|o__Lactobacillales|f__Aerococcaceae|g__Abiotrophia|s__Abiotrophia_sp_HMSC24B09
-1.96465283897665	-2.00034531991445	-1.94667837485067	0.155002295316864	7.45499701027301	0.0186927387995085	0.486733490662192	0.524462816043055	1	0.691192035323818	0.996668445730092	k__Bacteria|p__Actinobacteria|c__Actinobacteria|o__Actinomycetales|f__Actinomycetaceae|g__Actinomyces|s__Actinomyces_oris
0.0300620614903124	-0.221328432403896	0.141690955795841	0.262908513216551	11.7991279575921	0.0242321218451395	0.482311320882993	0.679822028853996	1	0.725707730265903	1	k__Bacteria|p__Actinobacteria|c__Coriobacteriia|o__Eggerthellales|f__Eggerthellaceae|g__Enterorhabdus|s__Enterorhabdus_caecimuris
9.18060213570667	8.79264006537022	9.28059762273894	0.474715106821717	11.7832538162009	0.0447755633620355	0.459021226713903	0.214658644694152	1	0.324441522736841	1	k__Bacteria|p__Actinobacteria|c__Coriobacteriia|o__Coriobacteriales|f__Coriobacteriaceae|g__Enorma|s__Collinsella_massiliensis
-1.65750384122785	-1.75091748129782	-1.62991212858314	0.340157093440753	9.91922821543113	0.0352926866108268	0.471698113413191	0.45225590392054	1	0.633148121548212	0.999583242988057	k__Bacteria|p__Firmicutes|c__Tissierellia|o__Tissierellales|f__Peptoniphilaceae|g__Parvimonas|s__Parvimonas_micra
-1.08519165402142	-1.04726508346697	-1.10047279482407	0.133485761223572	12.9338236549528	0.0133650786642698	0.489976415166968	0.578784417474744	1	0.747348552377684	1	k__Bacteria|p__Firmicutes|c__Negativicutes|o__Veillonellales|f__Veillonellaceae|g__Veillonella|s__Veillonella_sp_T11011_6
-1.32666840848533	-1.30574308733666	-1.33826390421797	-0.164742470331356	11.2578299011098	-0.0143281373446527	0.490716180438577	0.835595676615745	1	0.736302764523059	0.993987756432001	k__Bacteria|p__Firmicutes|c__Erysipelotrichia|o__Erysipelotrichales|f__Erysipelotrichaceae|g__Solobacterium|s__Solobacterium_moorei
-1.9439145302391	-1.7945056877859	-2.00926182642768	-0.148259352652806	7.63037649389161	-0.0186975051970552	0.486884762841832	0.673966683381895	1	0.639262107320909	0.987960362209724	k__Bacteria|p__Actinobacteria|c__Actinobacteria|o__Corynebacteriales|f__Corynebacteriaceae|g__Corynebacterium|s__Corynebacterium_durum
-0.531806503045836	-0.959674228999495	-0.347293900908076	0.863600401044348	12.5074703939538	0.0774053028465977	0.44768641358652	0.294074581948553	1	0.354738260528486	1	k__Bacteria|p__Actinobacteria|c__Actinobacteria|o__Actinomycetales|f__Actinomycetaceae|g__Actinomyces|s__Actinomyces_sp_ICM47
-2.42118286175727	-2.22057573120093	-2.48827984969759	-0.220595606988141	5.01305422863556	-0.0353879539728693	0.478927203217942	0.684896856933812	1	0.600151303607089	0.971921953704683	k__Bacteria|p__Firmicutes|c__Clostridia|o__Clostridiales|f__Clostridiales_Family_XIII_Incertae_Sedis|g__Clostridiales_Family_XIII_Incertae_Sedis_unclassified|s__Eubacterium_infirmum
1.00932801327241	0.774786099282171	1.10856905672221	0.175384037441923	13.1507793020233	0.0149583220432276	0.491305629299617	0.750153089474658	1	0.744023808379122	1	k__Bacteria|p__Actinobacteria|c__Coriobacteriia|o__Coriobacteriales|f__Coriobacteriaceae|g__Enorma|s__Enorma_massiliensis
16.2548206667847	18.0605975957703	15.9816608992644	-0.666532224642081	12.0697663691979	-0.0473529472908775	0.467865566271445	0.92050915382966	1	0.554623466379961	1	k__Bacteria|p__Bacteroidetes|c__Bacteroidia|o__Bacteroidales|f__Bacteroidaceae|g__Bacteroides|s__Bacteroides_stercoris
1.00316827975094	0.204391955863526	2.05462017984582	0.678525587805878	14.9779582117357	0.0490583993178486	0.464485706123391	0.463626562372777	1	0.540752757966145	1	k__Bacteria|p__Firmicutes|c__Negativicutes|o__Veillonellales|f__Veillonellaceae|g__Veillonella|s__Veillonella_atypica
-1.89424382811472	-1.59368025506428	-1.99429192817186	-0.444044546119811	10.8740311664447	-0.0416319844921627	0.467570754952852	0.601926866288704	1	0.518590432886469	0.974605571075243	k__Bacteria|p__Firmicutes|c__Clostridia|o__Clostridiales|f__Lachnospiraceae|g__Lachnoclostridium|s__Clostridium_saccharolyticum
-1.62288553000991	-1.63935865017636	-1.61502684854509	0.0305468339654951	12.2593010651298	0.00285421225486434	0.498820754725522	0.783073705712357	1	0.775097885157895	0.997687137628952	k__Bacteria|p__Firmicutes|c__Erysipelotrichia|o__Erysipelotrichales|f__Erysipelotrichaceae|g__Erysipelatoclostridium|s__Clostridium_spiroforme
0.389338711506277	2.10578282443853	0.054486660059835	-1.10831119156694	14.4490272552647	-0.0811539903230917	0.441202476116811	0.29509487183281	1	0.282962533434824	0.971255722795304	k__Bacteria|p__Firmicutes|c__Clostridia|o__Clostridiales|f__Lachnospiraceae|g__Lachnoclostridium|s__Clostridium_asparagiforme
14.6942734094571	14.1101340910767	14.7774998823498	0.136080465613101	14.4138835343948	0.00908474180545572	0.493219339671761	0.766457944130657	1	0.891330574787337	1	k__Bacteria|p__Proteobacteria|c__Gammaproteobacteria|o__Enterobacterales|f__Enterobacteriaceae|g__Klebsiella|s__Klebsiella_pneumoniae
7.77104183952693	10.7739032181758	7.44576634176026	-1.10448949343569	16.768196825204	-0.0670026944679327	0.451945755068274	0.423883913475729	1	0.350110735938763	0.988627661045749	k__Bacteria|p__Firmicutes|c__Clostridia|o__Clostridiales|f__Eubacteriaceae|g__Eubacterium|s__Eubacterium_sp_CAG_180
12.2325451907716	11.4289378928528	12.5672771097081	1.11960559939482	16.1767099008286	0.0794917119985593	0.447818396608518	0.216843629458223	1	0.290352160810421	1	k__Bacteria|p__Proteobacteria|c__Gammaproteobacteria|o__Enterobacterales|f__Enterobacteriaceae|g__Klebsiella|s__Klebsiella_variicola
-2.23632471123247	-2.1789814000397	-2.25745381339242	0.0687468302217518	6.14273916688881	0.00751700674737814	0.493808962308998	0.591923759907946	1	0.766548542699899	0.994217042700911	k__Bacteria|p__Firmicutes|c__Negativicutes|o__Acidaminococcales|f__Acidaminococcaceae|g__Phascolarctobacterium|s__Phascolarctobacterium_sp_CAG_266
-1.71247824862013	-1.44231659469739	-1.81839963994671	-0.336745615493848	10.7404005194438	-0.0305003575258055	0.473622163468806	0.60562127032876	1	0.519666205107726	0.976276022067527	k__Archaea|p__Euryarchaeota|c__Methanobacteria|o__Methanobacteriales|f__Methanobacteriaceae|g__Methanobrevibacter|s__Methanobrevibacter_smithii
-2.14686359926131	-1.89486788750336	-2.23312011436034	-0.330377371286691	7.72768840862676	-0.0284945025045068	0.475685234482345	0.634537656312703	1	0.530284808742855	0.977806334514301	k__Bacteria|p__Bacteroidetes|c__Bacteroidia|o__Bacteroidales|f__Bacteroidaceae|g__Bacteroides|s__Bacteroides_coprophilus
-1.29864747621312	-1.29580416140937	-1.29956578545571	0.33948572263964	15.1730882472	0.0260661018984846	0.479068396378285	0.605551367790203	1	0.756722340510776	0.999223979267111	k__Bacteria|p__Bacteroidetes|c__Bacteroidia|o__Bacteroidales|f__Barnesiellaceae|g__Barnesiella|s__Barnesiella_intestinihominis
-1.6552198185967	-1.72463716746433	-1.63352316938579	0.25495898072699	11.1968392442332	0.0217029035718311	0.484669811431892	0.702599636640206	1	0.726263596800861	0.998521818030205	k__Bacteria|p__Firmicutes|c__Clostridia|o__Clostridiales|f__Ruminococcaceae|g__Ruminococcus|s__Ruminococcus_callidus
-2.09412307544519	-1.88361083515362	-2.15868169864684	-0.286516052089707	8.04344641284903	-0.0259585014218649	0.479516652078964	0.723822549148373	1	0.614499068495762	0.978998771570387	k__Bacteria|p__Firmicutes|c__Clostridia|o__Clostridiales|f__Lachnospiraceae|g__Roseburia|s__Roseburia_sp_CAG_303
-2.06867766046381	-2.08512830983678	-2.06201444654403	0.010586313592988	6.87408289514304	0.000829376427865962	0.499410377362761	0.622489407422633	1	0.726970770408875	0.993325918565791	k__Bacteria|p__Firmicutes|c__Negativicutes|o__Acidaminococcales|f__Acidaminococcaceae|g__Acidaminococcus|s__Acidaminococcus_intestini
-1.35416584506989	-1.43991773168149	-1.32707848159925	0.409398670642526	12.5518268487471	0.0354192868231675	0.475390510051838	0.349107283794758	1	0.608079127206988	0.99951043494016	k__Bacteria|p__Firmicutes|c__Firmicutes_unclassified|o__Firmicutes_unclassified|f__Firmicutes_unclassified|g__Firmicutes_unclassified|s__Firmicutes_bacterium_CAG_110
14.0103314609129	15.0956126936332	13.4671727379995	-1.30058426085907	14.1709247560462	-0.104507211699948	0.41909814383743	0.275122888286347	1	0.0891695235773945	0.874031976957441	k__Bacteria|p__Firmicutes|c__Erysipelotrichia|o__Erysipelotrichales|f__Erysipelotrichaceae|g__Erysipelatoclostridium|s__Erysipelatoclostridium_ramosum
-2.02742768113076	-1.81711040010946	-2.0920181022352	-0.266721773682137	8.99716637933823	-0.0264052927324893	0.479363207696893	0.653920277096617	1	0.59486217861106	0.974422765150999	k__Bacteria|p__Firmicutes|c__Erysipelotrichia|o__Erysipelotrichales|f__Erysipelotrichaceae|g__Faecalitalea|s__Faecalitalea_cylindroides
11.2592302296608	9.21058162279624	11.7095109095743	1.02025288970082	16.1447130108816	0.0685883434539302	0.456957547483887	0.307625327397274	1	0.361096499623062	1	k__Bacteria|p__Proteobacteria|c__Gammaproteobacteria|o__Enterobacterales|f__Enterobacteriaceae|g__Klebsiella|s__Klebsiella_quasipneumoniae
-1.84175397529607	-1.78039233444764	-1.86372848334447	-0.0717330112642713	9.65650878095138	-0.00681454441599966	0.495726495757432	0.838692561375234	1	0.759577594731047	0.998646976469411	k__Bacteria|p__Firmicutes|c__Clostridia|o__Clostridiales|f__Ruminococcaceae|g__Ruminococcaceae_unclassified|s__Ruminococcaceae_bacterium_D16
-1.5063154495118	-1.32744762955893	-1.57441985810208	-0.26515511068823	14.1255035275611	-0.0219806548578031	0.48142688692716	0.852110815157432	1	0.703311462922074	0.988510126371116	k__Bacteria|p__Firmicutes|c__Negativicutes|o__Veillonellales|f__Veillonellaceae|g__Megasphaera|s__Megasphaera_elsdenii
-1.48942522945879	-1.42795026489011	-1.507628512832	0.231371214811226	11.6329908975591	0.0197646499340176	0.482016509564382	0.63596859565511	1	0.746295370315804	0.99848632759471	k__Bacteria|p__Firmicutes|c__Clostridia|o__Clostridiales|f__Christensenellaceae|g__Christensenella|s__Christensenella_minuta
-0.272642976572099	-0.053866852136327	-0.341686783172038	-0.578379448082341	16.9235761233095	-0.0390954139788625	0.47228773605039	0.632144275901996	1	0.600854065163326	0.995405916668128	k__Bacteria|p__Fusobacteria|c__Fusobacteriia|o__Fusobacteriales|f__Fusobacteriaceae|g__Fusobacterium|s__Fusobacterium_mortiferum
0.176971474718556	0.263874528633023	0.133048905229579	-0.420459669214658	16.0566166517201	-0.0280929524363871	0.479516652078964	0.780060891797543	1	0.577459581355747	0.994984837446378	k__Bacteria|p__Bacteroidetes|c__Bacteroidia|o__Bacteroidales|f__Tannerellaceae|g__Parabacteroides|s__Parabacteroides_goldsteinii
-0.567597232686923	-0.455195697488378	-0.607736204604707	-0.00870099060526819	15.9577123769197	-0.000640870202754871	0.499410377362761	0.803232603961345	1	0.82920627645107	1	k__Bacteria|p__Firmicutes|c__Clostridia|o__Clostridiales|f__Clostridiaceae|g__Clostridium|s__Clostridium_sp_CAG_242
-2.26222370989601	-2.17125938744678	-2.29572939143786	0.0677948942666564	6.13462102865793	0.00747889126465758	0.49307397588274	0.746622542463073	1	0.727787899254051	0.99443849370262	k__Bacteria|p__Firmicutes|c__Firmicutes_unclassified|o__Firmicutes_unclassified|f__Firmicutes_unclassified|g__Firmicutes_unclassified|s__Firmicutes_bacterium_CAG_170
-1.59357103720728	-1.7418240407191	-1.54086865395685	0.551363494810159	10.6836646258757	0.0488357968676279	0.463896257262413	0.287658521896104	1	0.560141811948306	1	k__Bacteria|p__Proteobacteria|c__Betaproteobacteria|o__Burkholderiales|f__Oxalobacteraceae|g__Oxalobacter|s__Oxalobacter_formigenes
-2.47642890024078	-2.28784844525874	-2.54531024929729	-0.195895906191843	4.90886567667967	-0.0295834342490451	0.483490566157441	0.76533314166038	1	0.606249154977216	0.98784313862759	k__Bacteria|p__Firmicutes|c__Erysipelotrichia|o__Erysipelotrichales|f__Erysipelotrichaceae|g__Catenibacterium|s__Catenibacterium_mitsuokai
-1.47165140391718	-1.49122448137631	-1.46649835261952	0.240414188676329	11.4337389130403	0.0239814373118697	0.48142688692716	0.545152978517074	1	0.706179678153076	0.999636769807133	k__Bacteria|p__Proteobacteria|c__Gammaproteobacteria|o__Enterobacterales|f__Enterobacteriaceae|g__Enterobacter|s__Enterobacter_cloacae_complex
-1.72014004025742	-1.7775832711805	-1.70282605257441	0.44389914037542	10.4314509758699	0.0434354358600452	0.468750000227225	0.223813763127759	1	0.588482967837478	0.998858956593772	k__Bacteria|p__Firmicutes|c__Erysipelotrichia|o__Erysipelotrichales|f__Erysipelotrichaceae|g__Absiella|s__Absiella_dolichum
-1.77449408059102	-1.81017832397516	-1.76248870240224	0.42564549011948	10.132913374646	0.0402911090950728	0.469790745872287	0.244366308955703	1	0.602760275667583	1	k__Bacteria|p__Firmicutes|c__Clostridia|o__Clostridiales|f__Eubacteriaceae|g__Eubacterium|s__Eubacterium_dolichum_CAG_375
9.14261238537822	8.61058929713911	9.42118393958475	-0.432294316722809	16.5856181466565	-0.0279128660711017	0.482016509564382	0.924687504401878	1	0.844261585515982	1	k__Bacteria|p__Firmicutes|c__Negativicutes|o__Selenomonadales|f__Selenomonadaceae|g__Megamonas|s__Megamonas_funiformis
-2.2832558060309	-2.19607998873683	-2.30438246113069	-0.0133618362980155	5.43614079983235	-0.00164996750684833	0.498820754725522	0.632122728657425	1	0.726740128927098	0.989310607115435	k__Bacteria|p__Proteobacteria|c__Gammaproteobacteria|o__Enterobacterales|f__Enterobacteriaceae|g__Citrobacter|s__Citrobacter_werkmanii
11.1552088514241	11.2306803663321	11.1279187153678	0.00379398380545393	14.7492727687904	0.000216998974712466	0.499852637784739	0.692684871048715	1	0.890740681913871	1	k__Bacteria|p__Firmicutes|c__Clostridia|o__Clostridiales|f__Lachnospiraceae|g__Tyzzerella|s__Tyzzerella_nexilis
0.650986249953233	0.491614915741742	0.750984665606607	-0.14082336827855	17.2481891270533	-0.00891250385427872	0.493808962308998	0.900844579912021	1	0.79008893967897	0.999679342281411	k__Bacteria|p__Firmicutes|c__Negativicutes|o__Selenomonadales|f__Selenomonadaceae|g__Megamonas|s__Megamonas_hypermegale
-2.32925484313729	-2.11918125880659	-2.40887727553166	-0.314433469364424	5.7253651707261	-0.0453914876974732	0.471403302094592	0.799344497331297	1	0.619410386732732	0.982969016158892	k__Bacteria|p__Firmicutes|c__Clostridia|o__Clostridiales|f__Ruminococcaceae|g__Harryflintia|s__Harryflintia_acetispora
-2.40643599304119	-2.29691007358661	-2.44927817822893	-0.146862638776836	4.94595910038261	-0.0265350677947198	0.483785377476053	0.723520043619755	1	0.697410008067972	0.991252175607351	k__Bacteria|p__Bacteroidetes|c__Bacteroidia|o__Bacteroidales|f__Tannerellaceae|g__Parabacteroides|s__Parabacteroides_sp_426_9
-1.67982061396436	-1.64792275773988	-1.69249007198279	0.0825430807104315	10.6263290301136	0.00637954353536387	0.494842322465868	0.642129397169767	1	0.767826668575833	0.998089826189568	k__Bacteria|p__Bacteroidetes|c__Bacteroidia|o__Bacteroidales|f__Odoribacteraceae|g__Butyricimonas|s__Butyricimonas_synergistica
-2.23430927768494	-1.85991981669214	-2.36388226955124	-0.471977552545559	6.65602553350881	-0.050363962870252	0.461379717262531	0.38662318539187	1	0.455312304735101	0.946213140515023	k__Bacteria|p__Bacteroidetes|c__Bacteroidia|o__Bacteroidales|f__Prevotellaceae|g__Prevotella|s__Prevotella_sp_CAG_279
5.11505640878475	6.79182386578743	2.03368359899714	-0.568083577874329	16.053818568144	-0.0373299403339066	0.476864132204375	0.721916843562823	1	0.642445407967086	0.99951043494016	k__Bacteria|p__Verrucomicrobia|c__Verrucomicrobiae|o__Verrucomicrobiales|f__Akkermansiaceae|g__Akkermansia|s__Akkermansia_muciniphila
-0.789414859765582	-0.759366643045409	-0.803456848725954	-0.0395134948018594	13.2105368809728	-0.00317970101350763	0.498525943406902	0.787318087283082	1	0.836822706678139	1	k__Bacteria|p__Firmicutes|c__Clostridia|o__Clostridiales|f__Catabacteriaceae|g__Catabacter|s__Catabacter_hongkongensis
-2.08553936082322	-1.7218692829343	-2.21365754510407	-0.437016356319402	8.07303696690412	-0.0459667573035144	0.464033019129782	0.497644250613785	1	0.428212209732341	0.957646800268284	k__Bacteria|p__Bacteroidetes|c__Bacteroidia|o__Bacteroidales|f__Prevotellaceae|g__Prevotella|s__Prevotella_bivia
-2.27784053823405	-2.19047933089236	-2.30236863007334	0.0482768247912801	5.54339998358154	0.00790219559693413	0.496021220187953	0.585521148565898	1	0.776206753263886	0.996076828231771	k__Bacteria|p__Firmicutes|c__Clostridia|o__Clostridiales|f__Eubacteriaceae|g__Anaerofustis|s__Anaerofustis_stercorihominis
-2.13125780135544	-1.91581749779864	-2.19253038475914	-0.277897040966391	7.03730979856816	-0.0299456189026869	0.47612028319222	0.73344964241254	1	0.620324495752756	0.977094272812691	k__Bacteria|p__Firmicutes|c__Negativicutes|o__Acidaminococcales|f__Acidaminococcaceae|g__Phascolarctobacterium|s__Phascolarctobacterium_succinatutens
-2.03352666863049	-1.89732321155636	-2.08244733809914	-0.179873808250489	7.37326530143473	-0.0191972687523925	0.486733490662192	0.826021252284567	1	0.686608022349871	0.989949649021757	k__Bacteria|p__Firmicutes|c__Clostridia|o__Clostridiales|f__Lachnospiraceae|g__Dorea|s__Dorea_sp_CAG_317
-0.957303590745163	-0.486268160044519	-1.10807088225616	-0.419114441249279	12.033727542108	-0.0395924345995479	0.473032714607798	0.593148129741436	1	0.633965304007417	0.996651948137745	k__Bacteria|p__Firmicutes|c__Clostridia|o__Clostridiales|f__Lachnospiraceae|g__Lachnoclostridium|s__Clostridium_scindens
-1.9907832964892	-1.66948548607322	-2.1009066939251	-0.491228228762818	9.03831028789174	-0.0486586843288027	0.459770115235632	0.472046823499918	1	0.49283109425243	0.968713444998721	k__Bacteria|p__Firmicutes|c__Bacilli|o__Lactobacillales|f__Lactobacillaceae|g__Lactobacillus|s__Lactobacillus_crispatus
-1.13201656762811	-1.1823633988396	-1.10536847220562	0.121723764766342	14.5453951564889	0.00781454953892309	0.493368700313262	0.757060910449725	1	0.792514802523014	1	k__Bacteria|p__Firmicutes|c__Bacilli|o__Lactobacillales|f__Lactobacillaceae|g__Lactobacillus|s__Lactobacillus_mucosae
0.137008563911383	-0.243229751345671	0.291573901334473	0.630527568597038	15.7191892476055	0.0433055469110063	0.466548777136831	0.406489949136056	1	0.487852061664994	1	k__Bacteria|p__Firmicutes|c__Bacilli|o__Lactobacillales|f__Lactobacillaceae|g__Lactobacillus|s__Lactobacillus_salivarius
-2.35337167308026	-2.25099987508419	-2.38671335325708	0.00235411802510299	5.37234042705681	0.0006571031252158	0.499852637784739	0.652475105932852	1	0.718120279714139	0.982312545657087	k__Bacteria|p__Firmicutes|c__Bacilli|o__Lactobacillales|f__Lactobacillaceae|g__Lactobacillus|s__Lactobacillus_delbrueckii
-1.36523351921312	-1.33148918375967	-1.3861933554414	-0.166832638054805	14.1631579789361	-0.0116300811329491	0.490421456008057	0.878878303107657	1	0.770030210643097	0.998437190001279	k__Bacteria|p__Firmicutes|c__Negativicutes|o__Veillonellales|f__Veillonellaceae|g__Dialister|s__Dialister_sp_CAG_357
-2.28989011912794	-2.08991935710683	-2.35007853709368	-0.121772589910243	5.75128527628664	-0.0168327508287723	0.487323113299422	0.818150000257587	1	0.65023667935468	0.978892980448532	k__Bacteria|p__Firmicutes|c__Bacilli|o__Lactobacillales|f__Lactobacillaceae|g__Lactobacillus|s__Lactobacillus_gasseri
-1.54443085369444	-1.38246870830765	-1.60078462015851	-0.0248657704633999	11.8249780308298	-0.00190011290889893	0.498231132088283	0.734145669990041	1	0.799109232054921	0.998793709957506	k__Bacteria|p__Firmicutes|c__Bacilli|o__Lactobacillales|f__Lactobacillaceae|g__Lactobacillus|s__Lactobacillus_fermentum
-1.88515115055941	-2.07627229574277	-1.80875942552157	0.503725465127737	8.51303770867527	0.0498986488212015	0.459180666374673	0.199333669818146	1	0.504095255778818	0.999545925053388	k__Bacteria|p__Firmicutes|c__Clostridia|o__Clostridiales|f__Lachnospiraceae|g__Anaerotignum|s__Anaerotignum_lactatifermentans
-1.81115190443031	-1.52739005229479	-1.90762220955762	-0.642587689190483	11.7062227270174	-0.0569606207019154	0.452830189023955	0.341406677114176	1	0.404130094057046	0.947809930880664	k__Bacteria|p__Firmicutes|c__Erysipelotrichia|o__Erysipelotrichales|f__Erysipelotrichaceae|g__Candidatus_Stoquefichus|s__Candidatus_Stoquefichus_sp_KLE1796
-0.869376391745616	-1.19113567880321	-0.722169266072344	0.604597022358032	11.6344695211328	0.0555753968758332	0.463148585174025	0.309015027257035	1	0.464590171094116	1	k__Bacteria|p__Firmicutes|c__Clostridia|o__Clostridiales|f__Clostridiales_Family_XIII_Incertae_Sedis|g__Clostridiales_Family_XIII_Incertae_Sedis_unclassified|s__Eubacterium_sulci
-1.33312539160015	-1.08703291673709	-1.40912584854354	-0.570962380110243	14.5460080554958	-0.0426198322558943	0.464485706123391	0.6395299734342	1	0.560156045110001	0.990590482925043	k__Bacteria|p__Firmicutes|c__Clostridia|o__Clostridiales|f__Lachnospiraceae|g__Lachnoclostridium|s__Clostridium_clostridioforme
-2.54920896422142	-2.34199808325354	-2.6164831080693	-0.3229379495204	4.67587365009836	-0.0532085990761423	0.469634434183011	0.609631403474168	1	0.574415235003655	0.968405166531819	k__Bacteria|p__Firmicutes|c__Clostridia|o__Clostridiales|f__Peptostreptococcaceae|g__Paeniclostridium|s__Paeniclostridium_sordellii
-2.26516387161787	-2.09196365004292	-2.32987120886371	-0.341561647846305	6.42186968100706	-0.0438386528098249	0.469496021441788	0.742675826187609	1	0.605750506513119	0.978001648487311	k__Bacteria|p__Firmicutes|c__Clostridia|o__Clostridiales|f__Clostridiaceae|g__Clostridium|s__Clostridium_paraputrificum
-2.58979909329203	-2.37927355709013	-2.66652107881439	-0.284383786042326	4.87585114644552	-0.0418568250213523	0.472737990177294	0.782434200979336	1	0.599429954926616	0.973424367855215	k__Bacteria|p__Firmicutes|c__Clostridia|o__Clostridiales|f__Clostridiaceae|g__Clostridium|s__Clostridium_butyricum
-1.80369302367394	-1.71752375125017	-1.82586776561438	-0.0070856942419244	9.13591674246087	-0.000511587335365695	0.499852637784739	0.664715460594174	1	0.801612387099925	0.996952278951974	k__Bacteria|p__Firmicutes|c__Negativicutes|o__Veillonellales|f__Veillonellaceae|g__Veillonella|s__Veillonella_rogosae
-2.39462646987053	-2.24055012544019	-2.44860965090661	-0.139197586036504	5.32667479708505	-0.0199501947030819	0.487474211702868	0.666767809987952	1	0.675087388465996	0.970808634943305	k__Bacteria|p__Firmicutes|c__Clostridia|o__Clostridiales|f__Clostridiaceae|g__Clostridium|s__Clostridium_sp_chh4_2
-2.26422915499456	-1.9936810823767	-2.35806953283756	-0.318075291131102	6.38474011096395	-0.0355552497767524	0.472443265746792	0.787736701036759	1	0.610320961244302	0.978802904116494	k__Bacteria|p__Fusobacteria|c__Fusobacteriia|o__Fusobacteriales|f__Fusobacteriaceae|g__Fusobacterium|s__Fusobacterium_ulcerans
-0.926502560010904	-1.10786877686662	-0.855051398823656	0.257885656569593	11.6838435894823	0.0244467807268552	0.486143868024963	0.648321551940465	1	0.711210996145306	1	k__Bacteria|p__Actinobacteria|c__Actinobacteria|o__Actinomycetales|f__Actinomycetaceae|g__Actinomyces|s__Actinomyces_sp_oral_taxon_181
-2.01215675533423	-1.72097100186049	-2.11263328580971	-0.366984909931221	8.63605700265416	-0.0340206669569174	0.47199292473179	0.528942622117009	1	0.516072475549635	0.96111897940759	k__Bacteria|p__Synergistetes|c__Synergistia|o__Synergistales|f__Synergistaceae|g__Pyramidobacter|s__Pyramidobacter_piscolens
-2.48507843896824	-2.30684387324257	-2.54630790114621	-0.167818971551098	4.82327052247046	-0.0279072467290346	0.484526967397697	0.691637559895379	1	0.583348609223276	0.977578364438917	k__Bacteria|p__Firmicutes|c__Clostridia|o__Clostridiales|f__Lachnospiraceae|g__Roseburia|s__Roseburia_sp_CAG_182
-2.33271579023372	-2.22685516056724	-2.35980029990892	-0.117762112241627	5.74626615811594	-0.0150021289350495	0.491155660441436	0.808007224958558	1	0.694941666482416	0.986763517053127	k__Bacteria|p__Bacteroidetes|c__Bacteroidia|o__Bacteroidales|f__Prevotellaceae|g__Prevotella|s__Prevotella_stercorea
-2.39763806613339	-2.20609187468404	-2.4455992812813	-0.132268559990578	5.34177002551264	-0.0204943445959035	0.486143868024963	0.719467221386878	1	0.661589171989441	0.97562783078086	k__Bacteria|p__Proteobacteria|c__Gammaproteobacteria|o__Enterobacterales|f__Enterobacteriaceae|g__Enterobacter|s__Enterobacter_bugandensis
-2.28378692197908	-2.05278809173442	-2.36089442382759	-0.267010057558167	6.04156319086065	-0.0382533665119215	0.478183962422462	0.758167320168993	1	0.627418868555535	0.985944545506154	k__Bacteria|p__Actinobacteria|c__Actinobacteria|o__Bifidobacteriales|f__Bifidobacteriaceae|g__Aeriscardovia|s__Aeriscardovia_aeriphila
-2.03295196450788	-1.86348199764471	-2.09020180829401	-0.160035670985845	7.92677789335588	-0.0149499673768172	0.487028301980807	0.84503671283737	1	0.679604435288821	0.989231744551177	k__Bacteria|p__Firmicutes|c__Bacilli|o__Lactobacillales|f__Lactobacillaceae|g__Lactobacillus|s__Lactobacillus_paragasseri
-1.98343214963426	-1.85261148932904	-2.03342271965402	-0.112194053472765	8.54538791669096	-0.0105377423421435	0.492334905715907	0.832142303733696	1	0.721296079709546	0.983544664688921	k__Bacteria|p__Firmicutes|c__Negativicutes|o__Veillonellales|f__Veillonellaceae|g__Dialister|s__Dialister_invisus
-2.27222757371425	-1.91419465398478	-2.37849509288799	-0.503818227055916	6.6479635979727	-0.057793587944295	0.455778302209607	0.379950817155486	1	0.456163676371009	0.94390403163135	k__Bacteria|p__Actinobacteria|c__Actinobacteria|o__Bifidobacteriales|f__Bifidobacteriaceae|g__Bifidobacterium|s__Bifidobacterium_breve
-2.37186961800071	-2.23186184436047	-2.43072502766885	-0.107496740063986	5.18827237025361	-0.0154972142263386	0.487028301980807	0.729349968605616	1	0.670282973745781	0.982533620626841	k__Bacteria|p__Proteobacteria|c__Gammaproteobacteria|o__Enterobacterales|f__Enterobacteriaceae|g__Klebsiella|s__Klebsiella_michiganensis
-2.41358601144679	-2.26322563372705	-2.47015320209934	-0.180980848338013	5.1377310025467	-0.0248942684130552	0.483348069675636	0.81121102150951	1	0.667733649924127	0.977917670570447	k__Bacteria|p__Bacteroidetes|c__Bacteroidia|o__Bacteroidales|f__Rikenellaceae|g__Alistipes|s__Alistipes_inops
-1.72736329018484	-1.94657842423352	-1.64096777465853	0.310035871756478	10.2737585093392	0.0276583291816064	0.477299528466642	0.279814714582807	1	0.514812112943346	0.994427634046136	k__Bacteria|p__Firmicutes|c__Negativicutes|o__Veillonellales|f__Veillonellaceae|g__Megasphaera|s__Megasphaera_micronuciformis
-0.561365890954651	-1.11944783551852	-0.33012183781636	0.519270962390197	11.7266842620505	0.0470761049795642	0.464622641766955	0.336431212670871	1	0.449592082999393	1	k__Bacteria|p__Actinobacteria|c__Actinobacteria|o__Actinomycetales|f__Actinomycetaceae|g__Actinomyces|s__Actinomyces_sp_S6_Spd3
-2.34015409231273	-2.25092224919589	-2.36885416600218	-0.0637617271616246	5.34577417093313	-0.00942794011149375	0.493808962308998	0.749179687193157	1	0.710364707994765	0.986922450894279	k__Bacteria|p__Fusobacteria|c__Fusobacteriia|o__Fusobacteriales|f__Fusobacteriaceae|g__Fusobacterium|s__Fusobacterium_periodonticum
-2.33007567424226	-2.29893336780246	-2.33979567065712	0.0719553007244578	5.49015697365805	0.0105638322813779	0.493219339671761	0.602693138219738	1	0.728894797673054	0.995260332977713	k__Bacteria|p__Actinobacteria|c__Coriobacteriia|o__Coriobacteriales|f__Atopobiaceae|g__Olsenella|s__Olsenella_uli
-1.75820507611204	-1.83026320665027	-1.73179044375401	0.297393622576795	8.83638299260612	0.0358570109793928	0.479516652078964	0.571621486083461	1	0.674605493336043	0.997801252761537	k__Bacteria|p__Firmicutes|c__Clostridia|o__Clostridiales|f__Lachnospiraceae|g__Oribacterium|s__Oribacterium_parvum
-2.34038423789246	-2.19485298710488	-2.38377129543601	-0.136827508019753	5.58338468597552	-0.0197913795012607	0.486438679343577	0.762668451096145	1	0.677189953160269	0.984417355678663	k__Bacteria|p__Actinobacteria|c__Actinobacteria|o__Actinomycetales|f__Actinomycetaceae|g__Actinomyces|s__Actinomyces_sp_oral_taxon_180
-2.1553610689308	-2.00073090581891	-2.20544706668167	-0.207037602626293	6.34253788160893	-0.0244070217841331	0.48511641625873	0.6254550296978	1	0.644461178283509	0.986117549844516	k__Bacteria|p__Firmicutes|c__Negativicutes|o__Veillonellales|f__Veillonellaceae|g__Anaeroglobus|s__Anaeroglobus_geminatus
-2.40833458246138	-2.31988262157145	-2.43723126734958	-0.030234464518438	5.13823340814311	-0.00560610891436554	0.497936320769664	0.687393901821106	1	0.725749141712931	0.989672680557999	k__Bacteria|p__Firmicutes|c__Negativicutes|o__Veillonellales|f__Veillonellaceae|g__Megasphaera|s__Megasphaera_stantonii
-1.76828753550037	-1.61023700219967	-1.82442216302078	-0.136548352637343	9.54524671464755	-0.014180884442864	0.490421456008057	0.834001152596893	1	0.7062395889305	0.996501556653981	k__Bacteria|p__Actinobacteria|c__Actinobacteria|o__Bifidobacteriales|f__Bifidobacteriaceae|g__Scardovia|s__Scardovia_wiggsiae
-1.65258594360699	-1.58500569391313	-1.67060148668996	0.0612106714026872	8.79618292113299	0.00567812141835492	0.49557783022071	0.55364920234569	1	0.729476420198475	0.999438717797358	k__Bacteria|p__Firmicutes|c__Clostridia|o__Clostridiales|f__Lachnospiraceae|g__Oribacterium|s__Oribacterium_sinus
-2.47343495227623	-2.29890119883947	-2.52870083427135	-0.288445885700019	5.15613231529075	-0.0444007079915495	0.475685234482345	0.739614983729015	1	0.63050640248658	0.977646458510315	k__Bacteria|p__Proteobacteria|c__Gammaproteobacteria|o__Enterobacterales|f__Enterobacteriaceae|g__Kluyvera|s__Kluyvera_ascorbata
-2.4558183371312	-2.35845269709977	-2.49315807404809	-0.0846289044797999	4.90735478950973	-0.0138024011100993	0.49307397588274	0.693832928418127	1	0.700621851136659	0.98635546605063	k__Bacteria|p__Proteobacteria|c__Gammaproteobacteria|o__Enterobacterales|f__Enterobacteriaceae|g__Citrobacter|s__Citrobacter_pasteurii
-2.46949395064351	-2.31393482070754	-2.5364281610438	-0.161788781187791	5.16325425072548	-0.0223227758802069	0.48511641625873	0.757542768613356	1	0.634140231841956	0.974273244717632	k__Bacteria|p__Firmicutes|c__Tissierellia|o__Tissierellales|f__Peptoniphilaceae|g__Peptoniphilus|s__Peptoniphilus_lacrimalis
-2.05401766363905	-1.9586558647709	-2.09006032132269	-0.0861445665808489	7.92433996957878	-0.00972053925216249	0.493663424743782	0.856584565905938	1	0.744897828225072	0.994175790087133	k__Bacteria|p__Firmicutes|c__Bacilli|o__Lactobacillales|f__Enterococcaceae|g__Enterococcus|s__Enterococcus_faecium
-2.54417342061964	-2.34953819452015	-2.60831260993438	-0.245855752503713	4.57925791706086	-0.0401671210752988	0.474801061190825	0.731164639634196	1	0.592185916424564	0.968403204184886	k__Bacteria|p__Firmicutes|c__Clostridia|o__Clostridiales|f__Peptostreptococcaceae|g__Peptostreptococcaceae_unclassified|s__Clostridium_hiranonis
-1.32773099383805	-1.21781068535499	-1.36638931909917	-0.0522801168328613	11.0698914060065	-0.0050681165200222	0.497346698132425	0.872004589053847	1	0.755398181073874	0.998892432363449	k__Bacteria|p__Actinobacteria|c__Coriobacteriia|o__Coriobacteriales|f__Atopobiaceae|g__Atopobium|s__Atopobium_parvulum
-2.55350991951147	-2.33417993124376	-2.62852495879975	-0.15596423646727	4.54239577506588	-0.0295892024421878	0.48113207560855	0.775998744548569	1	0.594432291359936	0.974492134703018	k__Bacteria|p__Proteobacteria|c__Betaproteobacteria|o__Neisseriales|f__Neisseriaceae|g__Neisseria|s__Neisseria_sicca
-2.36377118356134	-2.27249713149317	-2.38850903762181	-0.0970987755534516	5.49632458037494	-0.0136263314870587	0.490271226485585	0.779655528993207	1	0.714888701399451	0.981146233832914	k__Bacteria|p__Actinobacteria|c__Actinobacteria|o__Propionibacteriales|f__Propionibacteriaceae|g__Pseudopropionibacterium|s__Pseudopropionibacterium_propionicum
-2.49508185154091	-2.38249036464696	-2.53115317307971	-0.124417633944425	4.69062834065944	-0.0218928857117715	0.486438679343577	0.737567450675041	1	0.698193684843089	0.985807905884154	k__Bacteria|p__Actinobacteria|c__Actinobacteria|o__Actinomycetales|f__Actinomycetaceae|g__Actinomyces|s__Actinomyces_cardiffensis
-2.02292743494487	-1.8751464060019	-2.08185273173351	-0.197402917330351	8.09972304027693	-0.0174298650143068	0.484375000113279	0.775983587285299	1	0.667184263327047	0.986627421290895	k__Bacteria|p__Actinobacteria|c__Actinobacteria|o__Bifidobacteriales|f__Bifidobacteriaceae|g__Bifidobacterium|s__Bifidobacterium_bifidum
-2.1481597485667	-2.23095639310764	-2.11547557281008	0.143279645696293	6.86063926720824	0.0161695282999665	0.485849056706348	0.540480420983562	1	0.661521080455617	0.996816129316061	k__Bacteria|p__Firmicutes|c__Bacilli|o__Lactobacillales|f__Streptococcaceae|g__Streptococcus|s__Streptococcus_infantarius
-2.52927367659514	-2.36569969574057	-2.58400660142278	-0.185329589834417	4.84089284168258	-0.0279668558665661	0.482016509564382	0.752466028814641	1	0.609494500332406	0.968540345275144	k__Bacteria|p__Firmicutes|c__Bacilli|o__Lactobacillales|f__Streptococcaceae|g__Streptococcus|s__Streptococcus_lutetiensis
-2.35158542646358	-2.15909557592879	-2.42518067994282	-0.285682455157366	5.40509699491218	-0.0355714296009151	0.474941037917803	0.61900396572549	1	0.594706764438776	0.971508551214552	k__Bacteria|p__Firmicutes|c__Bacilli|o__Lactobacillales|f__Streptococcaceae|g__Streptococcus|s__Streptococcus_thermophilus
-2.55859313569585	-2.39018551113686	-2.61542604475515	-0.150697308511031	4.63041127330809	-0.0261935966418954	0.484232242967182	0.686405565685777	1	0.631450537361065	0.978842307266258	k__Bacteria|p__Proteobacteria|c__Betaproteobacteria|o__Burkholderiales|f__Comamonadaceae|g__Comamonas|s__Comamonas_kerstersii
-2.45112297699217	-2.24283668652189	-2.5200706762596	-0.200627388057312	5.02336714662773	-0.0321150068232108	0.480542452971329	0.636444071535236	1	0.571734759395247	0.965907386173032	k__Bacteria|p__Firmicutes|c__Clostridia|o__Clostridiales|f__Ruminococcaceae|g__Pseudoflavonifractor|s__Pseudoflavonifractor_sp_An184
-2.34707096040648	-2.26329064441445	-2.37761834006919	0.00114283433114792	5.27558763537735	0.000199978134814807	0.49970518868138	0.720306521390112	1	0.743152167075804	0.990577107075386	k__Bacteria|p__Firmicutes|c__Bacilli|o__Lactobacillales|f__Streptococcaceae|g__Lactococcus|s__Lactococcus_lactis
-2.44624588927752	-2.2153572975787	-2.5139480760928	-0.28801473257233	5.08245686551161	-0.0407778224949994	0.47450633676032	0.685738744411101	1	0.583789085785355	0.974162925942743	k__Bacteria|p__Proteobacteria|c__Gammaproteobacteria|o__Enterobacterales|f__Enterobacteriaceae|g__Raoultella|s__Raoultella_ornithinolytica
-2.3840501599287	-2.24226214777003	-2.42826588764021	-0.16289017938773	5.29103628937283	-0.0204226607438146	0.484526967397697	0.658175589454048	1	0.682889111093455	0.98872967702346	k__Bacteria|p__Firmicutes|c__Negativicutes|o__Selenomonadales|f__Selenomonadaceae|g__Mitsuokella|s__Mitsuokella_multacida
-2.48139761256068	-2.30424923106055	-2.53144861324526	-0.158750230869476	4.82544159592257	-0.0240360937503972	0.483490566157441	0.785571278693224	1	0.633230222178077	0.97895113952197	k__Bacteria|p__Firmicutes|c__Clostridia|o__Clostridiales|f__Ruminococcaceae|g__Ruminococcus|s__Ruminococcus_sp_CAG_403
-2.47215700756689	-2.31324519630111	-2.52844725317533	-0.242676188424866	4.84051031897306	-0.040904885034601	0.477004717148035	0.800543696551243	1	0.646865013779769	0.989170922911155	k__Bacteria|p__Proteobacteria|c__Gammaproteobacteria|o__Enterobacterales|f__Enterobacteriaceae|g__Citrobacter|s__Citrobacter_amalonaticus
-2.52676811085662	-2.32460383505703	-2.59528402979649	-0.186082685201306	4.50154087876483	-0.0312261794605607	0.480837264289939	0.716103482841413	1	0.590693783980197	0.971039197243293	k__Bacteria|p__Firmicutes|c__Clostridia|o__Clostridiales|f__Clostridiaceae|g__Clostridium|s__Clostridium_sp_CAG_632
-2.44399999569124	-2.24226305693274	-2.50664308724758	-0.228317193679533	5.04249921652333	-0.0323195434448185	0.477594339785248	0.685300657030801	1	0.615329839952411	0.980022722937228	k__Bacteria|p__Bacteroidetes|c__Bacteroidia|o__Bacteroidales|f__Prevotellaceae|g__Prevotella|s__Prevotella_sp_AM42_24
-2.38013121849868	-2.1764510435616	-2.44587581837221	-0.353552169039526	5.44900891281298	-0.0498127430745121	0.468022399289304	0.709816817261852	1	0.582973204712953	0.956472900083914	k__Bacteria|p__Firmicutes|c__Bacilli|o__Lactobacillales|f__Lactobacillaceae|g__Pediococcus|s__Pediococcus_acidilactici
-2.56514840412524	-2.32049452936328	-2.63300581454501	-0.239971004552904	4.72970904927756	-0.0388766588581502	0.477158856634883	0.757035747089663	1	0.554863830429467	0.968515595863908	k__Bacteria|p__Firmicutes|c__Clostridia|o__Clostridiales|f__Ruminococcaceae|g__Anaerotruncus|s__Anaerotruncus_sp_CAG_528
-2.29442643058874	-2.24149507637483	-2.30624376679345	0.0353795426323931	5.38054516492193	0.00479051146994968	0.496905393479519	0.583167130726478	1	0.752118322707146	0.992682265568439	k__Bacteria|p__Firmicutes|c__Bacilli|o__Lactobacillales|f__Leuconostocaceae|g__Weissella|s__Weissella_cibaria
-2.53867406207154	-2.36354412516239	-2.60596571162276	-0.293072409139237	4.66462043338626	-0.0479216657834424	0.47228773605039	0.533702557961745	1	0.518584526144869	0.964920212592184	k__Bacteria|p__Firmicutes|c__Bacilli|o__Lactobacillales|f__Enterococcaceae|g__Enterococcus|s__Enterococcus_asini
-2.50175228473007	-2.4050424148737	-2.53877647757352	-0.0964553390164653	4.66075958196771	-0.0164024635578837	0.489681603848352	0.715723601583172	1	0.699764144624559	0.993087909700588	k__Bacteria|p__Firmicutes|c__Clostridia|o__Clostridiales|f__Clostridiales_Family_XIII_Incertae_Sedis|g__Clostridiales_Family_XIII_Incertae_Sedis_unclassified|s__Eubacterium_nodatum
-2.59012637362038	-2.42140274935676	-2.65228561849134	-0.178117231695754	4.41449798013719	-0.0347701288739727	0.482463896384092	0.626087749958552	1	0.583231008395079	0.964756500660248	k__Archaea|p__Euryarchaeota|c__Methanobacteria|o__Methanobacteriales|f__Methanobacteriaceae|g__Methanosphaera|s__Methanosphaera_cuniculi
