rab.all	rab.win.female	rab.win.male	diff.btw	diff.win	effect	overlap	we.ep	we.eBH	wi.ep	wi.eBH	feature
-1.66015105644704	-1.18506725970395	-2.22532993683969	-1.46814904861164	11.0702025085511	-0.139764680025943	0.400588768558237	0.00605330272949052	0.72522669664077	0.0584557206862805	0.92623594654047	k__Bacteria|p__Firmicutes|c__Firmicutes_unclassified|o__Firmicutes_unclassified|f__Firmicutes_unclassified|g__Firmicutes_unclassified|s__Firmicutes_bacterium_CAG_95
9.66796144501144	0.774883956221457	15.7387336770742	2.53631253169411	18.6557260862055	0.173967943566682	0.376585145489137	0.0102138022982164	0.892879898177096	0.0101955098285364	0.748890250483464	k__Bacteria|p__Bacteroidetes|c__Bacteroidia|o__Bacteroidales|f__Bacteroidaceae|g__Bacteroides|s__Bacteroides_massiliensis
-2.35745377963498	-2.16203826270631	-2.6316721507001	-0.706273537275541	5.71635387459372	-0.0955593269508901	0.442481884307057	0.0405613852138589	0.904363617846776	0.300037329765228	0.972692839245888	k__Bacteria|p__Firmicutes|c__Firmicutes_unclassified|o__Firmicutes_unclassified|f__Firmicutes_unclassified|g__Firmicutes_unclassified|s__Firmicutes_bacterium_CAG_145
-1.22110316292851	-0.680902110396541	-1.81580578498889	-1.66970519738771	15.5656197919709	-0.122164915040875	0.398686892006625	0.0151675126553603	0.92468619571749	0.0788021513079319	0.975908112814269	k__Bacteria|p__Verrucomicrobia|c__Verrucomicrobiae|o__Verrucomicrobiales|f__Akkermansiaceae|g__Akkermansia|s__Akkermansia_muciniphila
15.595119047076	13.3379864481654	16.7942982509555	1.84792226674847	18.1919654501546	0.127858907508545	0.363677536861208	0.0147129574687372	0.924776645179698	0.00405861244980571	0.678709906113398	k__Bacteria|p__Firmicutes|c__Clostridia|o__Clostridiales|f__Lachnospiraceae|g__Blautia|s__Ruminococcus_torques
0.27694296077679	-0.743362650959805	9.90332312553753	2.47901053276027	16.6544675955423	0.166875185626202	0.396422911940628	0.016984875201311	0.926736009150422	0.0419514464365856	0.922018827005713	k__Bacteria|p__Bacteroidetes|c__Bacteroidia|o__Bacteroidales|f__Bacteroidaceae|g__Bacteroides|s__Bacteroides_finegoldii
-1.9382703050152	-2.22860892083501	-1.41377312123269	1.17938998188651	12.1782155724563	0.104120819533902	0.41825181195313	0.0417368731728741	0.929848708693024	0.144673951041809	0.916625056116981	k__Bacteria|p__Firmicutes|c__Clostridia|o__Clostridiales|f__Eubacteriaceae|g__Eubacterium|s__Eubacterium_dolichum_CAG_375
-1.69179708496897	-2.06585177603229	-1.035766883597	1.41666270546671	11.4995695261307	0.133012470434839	0.407608696060944	0.0365652337050203	0.931165233303632	0.0999161477313783	0.89999566062593	k__Bacteria|p__Firmicutes|c__Clostridia|o__Clostridiales|f__Ruminococcaceae|g__Ruminococcaceae_unclassified|s__Ruminococcaceae_bacterium_D16
-1.9166447869616	-2.22015850136452	-1.42403817327718	1.20834364339066	12.3844082151021	0.111229994386923	0.417025130543305	0.0331759737169033	0.935610011663972	0.143087932765591	0.929426515702449	k__Bacteria|p__Firmicutes|c__Erysipelotrichia|o__Erysipelotrichales|f__Erysipelotrichaceae|g__Absiella|s__Absiella_dolichum
-1.83162319752035	-2.1326884266479	-1.30092276145348	1.17777683174878	13.0880363069379	0.101202448522939	0.418609916589844	0.0471958010883027	0.951940693460497	0.155227219836723	0.924130677160031	k__Bacteria|p__Bacteroidetes|c__Bacteroidia|o__Bacteroidales|f__Tannerellaceae|g__Parabacteroides|s__Parabacteroides_johnsonii
15.676482342801	14.8608626363575	16.5622655334306	1.46647266720666	13.0646906508489	0.122631353781008	0.399366086026436	0.0222292804561973	0.958555272930247	0.0266622634030282	0.975184090856911	k__Bacteria|p__Firmicutes|c__Negativicutes|o__Acidaminococcales|f__Acidaminococcaceae|g__Phascolarctobacterium|s__Phascolarctobacterium_faecium
14.511658420137	11.8988005275271	15.9844437196398	1.99275347896489	18.5923284702005	0.125101146932202	0.399139688019832	0.0280782266011344	0.966176260648527	0.0211373508425521	0.916561019403428	k__Bacteria|p__Firmicutes|c__Clostridia|o__Clostridiales|f__Eubacteriaceae|g__Eubacterium|s__Eubacterium_sp_CAG_38
-2.22618776857151	-2.02706260307497	-2.52439058224995	-0.680077869956353	6.16646792179897	-0.0925031055417561	0.441249717256945	0.0987081207472546	0.96686380313124	0.298077640480869	0.986955932589073	k__Bacteria|p__Firmicutes|c__Bacilli|o__Lactobacillales|f__Streptococcaceae|g__Streptococcus|s__Streptococcus_cristatus
-2.38896705988654	-2.53702323240423	-2.16471609443803	0.544806554706257	5.67935521441238	0.0811636452748419	0.447362463437676	0.192745161239622	0.968685347785766	0.389168952484391	0.984050940235914	k__Bacteria|p__Actinobacteria|c__Actinobacteria|o__Actinomycetales|f__Actinomycetaceae|g__Actinomyces|s__Actinomyces_sp_S6_Spd3
21.0209722656043	20.4034101848679	21.3221900475206	0.710907692744911	5.21285613125763	0.111401259848413	0.429703418916231	0.0225491688372728	0.969650602124901	0.0830224611312875	1	k__Bacteria|p__Bacteroidetes|c__Bacteroidia|o__Bacteroidales|f__Bacteroidaceae|g__Bacteroides|s__Bacteroides_vulgatus
-2.5692574419105	-2.4800771274576	-2.69569515897193	-0.378155971648043	4.89311484535582	-0.0609647342721374	0.463663119920577	0.228990556324955	0.970255832566138	0.534253064532877	1	k__Bacteria|p__Firmicutes|c__Bacilli|o__Lactobacillales|f__Streptococcaceae|g__Streptococcus|s__Streptococcus_milleri
-2.39168090413111	-2.30720471156164	-2.50732028907101	-0.392747430169793	5.87604238842125	-0.0490517112210903	0.463541666823296	0.141513977904064	0.972844760050955	0.513920798844251	1	k__Bacteria|p__Firmicutes|c__Negativicutes|o__Veillonellales|f__Veillonellaceae|g__Dialister|s__Dialister_invisus
-2.56676729195807	-2.69423638330744	-2.37676663845248	0.32126295868575	4.8093032206738	0.049356980750241	0.469429347957214	0.230487999171921	0.978746494935749	0.529672347030897	0.986663449559631	k__Bacteria|p__Proteobacteria|c__Deltaproteobacteria|o__Desulfovibrionales|f__Desulfovibrionaceae|g__Desulfovibrionaceae_unclassified|s__Desulfovibrionaceae_bacterium
-1.8623146947056	-1.53267638430503	-2.23663680856935	-0.924755504650991	11.1745934101369	-0.0878969187491448	0.432420194996314	0.0507316273138449	0.979057910184215	0.194759214160809	0.995379220678429	k__Bacteria|p__Actinobacteria|c__Actinobacteria|o__Bifidobacteriales|f__Bifidobacteriaceae|g__Bifidobacterium|s__Bifidobacterium_dentium
-2.3482971323255	-2.5378986234346	-2.05719670403527	0.605392657354635	6.12084384650467	0.0813706569780436	0.447362463437676	0.229868083784823	0.979247602741105	0.357359559476662	0.969748120081571	k__Bacteria|p__Firmicutes|c__Erysipelotrichia|o__Erysipelotrichales|f__Erysipelotrichaceae|g__Solobacterium|s__Solobacterium_moorei
-2.34926835555756	-2.20662865162326	-2.52550664445711	-0.508336467040859	5.70885992783639	-0.0703311194657689	0.456191985699094	0.159033946158391	0.980591611143848	0.405077740562987	0.987773246805525	k__Bacteria|p__Bacteroidetes|c__Bacteroidia|o__Bacteroidales|f__Rikenellaceae|g__Alistipes|s__Alistipes_timonensis
-2.36910012258186	-2.25793867878545	-2.5131078227583	-0.405969581333805	5.60842352265495	-0.0450995808346294	0.460597826256385	0.115955666814158	0.980935829951038	0.497069108546762	0.992726225335417	k__Bacteria|p__Bacteroidetes|c__Bacteroidia|o__Bacteroidales|f__Prevotellaceae|g__Prevotella|s__Prevotella_sp_CAG_279
-2.2209346497181	-2.41334641540361	-1.89087286608033	0.658000595303726	8.00356573341959	0.0699540015586243	0.446683269417584	0.100124096768548	0.980981156166909	0.298398183461706	0.963780114930853	k__Bacteria|p__Firmicutes|c__Clostridia|o__Clostridiales|f__Lachnospiraceae|g__Anaerotignum|s__Anaerotignum_lactatifermentans
8.4695114131862	7.75113843380839	8.92535330019835	2.52518074239343	13.0992292663378	0.201202917992209	0.395743717920842	0.0529001249557601	0.982425830857314	0.0328247015388188	0.946463496423465	k__Bacteria|p__Actinobacteria|c__Coriobacteriia|o__Coriobacteriales|f__Coriobacteriaceae|g__Collinsella|s__Collinsella_intestinalis
11.3775028310812	11.8589949664518	10.4691105959703	-1.48180715553391	13.4609529797315	-0.124354717047215	0.407969210277832	0.0239956609792163	0.982851187054483	0.0402234841211394	1	k__Bacteria|p__Firmicutes|c__Bacilli|o__Lactobacillales|f__Streptococcaceae|g__Streptococcus|s__Streptococcus_parasanguinis
-2.26149181342902	-2.12469665308076	-2.42713392137442	-0.539446233646999	6.32293150560818	-0.0648649137096101	0.454257246573933	0.105802156722627	0.983418205013384	0.441208855897209	0.993132974815051	k__Bacteria|p__Synergistetes|c__Synergistia|o__Synergistales|f__Synergistaceae|g__Pyramidobacter|s__Pyramidobacter_piscolens
-2.63244133741927	-2.65863720583086	-2.59186138953737	0.161921569495206	4.38920041840479	0.0322861497335123	0.484827898615619	0.62130185677381	0.985597683968111	0.701340569173357	0.992674504410546	k__Bacteria|p__Firmicutes|c__Negativicutes|o__Selenomonadales|f__Selenomonadaceae|g__Selenomonas|s__Selenomonas_noxia
-2.57292843111739	-2.4734166049525	-2.71066831700432	-0.319845175366071	4.7351141530825	-0.0580320133347586	0.469096672081791	0.409125232629357	0.985637258222394	0.549244841158019	0.99339806032966	k__Bacteria|p__Actinobacteria|c__Actinobacteria|o__Actinomycetales|f__Actinomycetaceae|g__Actinomyces|s__Actinomyces_naeslundii
-2.64398167663916	-2.65766986800993	-2.61603144363744	-0.0266781638142177	4.53847071955485	-0.00446905629246465	0.497735507256054	0.613835472703314	0.98618232224765	0.727307178474975	0.990363206103729	k__Bacteria|p__Proteobacteria|c__Gammaproteobacteria|o__Enterobacterales|f__Enterobacteriaceae|g__Cronobacter|s__Cronobacter_malonaticus
-2.63021876748159	-2.58473795197405	-2.70625979004309	-0.13948666443974	4.52813496986784	-0.0218828410295483	0.48494453255248	0.464665719049455	0.987241722987419	0.677870640836751	0.999347013918513	k__Bacteria|p__Firmicutes|c__Bacilli|o__Lactobacillales|f__Lactobacillaceae|g__Lactobacillus|s__Lactobacillus_delbrueckii
-2.55140291013411	-2.68309188110999	-2.37587793132594	0.423982928950329	5.00565174535627	0.0598968586306619	0.460040751813162	0.222556264789127	0.987691045092223	0.452282936037731	0.978994788008631	k__Bacteria|p__Bacteroidetes|c__Bacteroidia|o__Bacteroidales|f__Prevotellaceae|g__Prevotella|s__Prevotella_sp_CAG_891
-1.3673360309831	-1.017714883153	-1.77160947290837	-1.19873766593503	13.4370277267719	-0.0961357872439137	0.428118632869543	0.0714810362193481	0.987965953807873	0.205535006813694	0.992210056683697	k__Bacteria|p__Proteobacteria|c__Proteobacteria_unclassified|o__Proteobacteria_unclassified|f__Proteobacteria_unclassified|g__Proteobacteria_unclassified|s__Proteobacteria_bacterium_CAG_139
-2.72171732073739	-2.75785691102568	-2.65572879398414	0.0639729744265161	4.56872728688526	0.00985268663073483	0.494226850828375	0.613476448980143	0.987998255044577	0.702590423377808	0.986735007197996	k__Bacteria|p__Proteobacteria|c__Gammaproteobacteria|o__Pasteurellales|f__Pasteurellaceae|g__Haemophilus|s__Haemophilus_paraphrohaemolyticus
-2.66049068057616	-2.71377380980356	-2.57369670269657	0.235887813399437	4.55144881815478	0.0371652669411764	0.47520941826327	0.490787059465431	0.98815819485301	0.644949095824357	0.992139727711024	k__Bacteria|p__Firmicutes|c__Tissierellia|o__Tissierellia_unclassified|f__Tissierellia_unclassified|g__Tissierellia_unclassified|s__Bacteroides_coagulans
-2.65711002551715	-2.7304284357698	-2.56646593350368	0.184769536235102	4.7199731891931	0.0272783574030176	0.481431159499749	0.290160703113898	0.988864479282482	0.591072305946002	0.991224090332842	k__Bacteria|p__Spirochaetes|c__Spirochaetia|o__Brachyspirales|f__Brachyspiraceae|g__Brachyspira|s__Brachyspira_sp_CAG_700
-2.61417535618234	-2.65243707540643	-2.53646880714297	0.0161306994771575	4.61019218128434	0.004017755031341	0.498528412956252	0.724898824105916	0.98886694224093	0.742362490017822	0.985150748271018	k__Bacteria|p__Firmicutes|c__Tissierellia|o__Tissierellales|f__Peptoniphilaceae|g__Parvimonas|s__Parvimonas_sp_KA00067
-1.73684050710127	-1.44303393655557	-2.08843120081022	-0.853334170532859	9.99328669877974	-0.0933554809664846	0.436042563103175	0.10854677587081	0.98905862189456	0.264917050055414	0.988247073916701	k__Bacteria|p__Firmicutes|c__Clostridia|o__Clostridiales|f__Christensenellaceae|g__Christensenella|s__Christensenella_minuta
-2.58667245331511	-2.69167579869456	-2.45612331589853	0.204223105277231	4.6906318142804	0.0350632888679708	0.479963776404488	0.521084731150201	0.98939322774992	0.58234535741894	0.982552836004706	k__Bacteria|p__Firmicutes|c__Bacilli|o__Lactobacillales|f__Enterococcaceae|g__Enterococcus|s__Enterococcus_gallinarum
-2.65684672394329	-2.70814710067549	-2.59228592553161	0.0883846061864286	4.48857144515471	0.015170286132062	0.489019696673593	0.645320463269845	0.989809009829732	0.691564850028054	0.997175325886334	k__Bacteria|p__Firmicutes|c__Bacilli|o__Lactobacillales|f__Lactobacillaceae|g__Pediococcus|s__Pediococcus_stilesii
-2.55682237365444	-2.52700545056563	-2.5970697678535	-0.0442228230899602	4.48799054164238	-0.0085694602890912	0.495244565237715	0.56883482736492	0.989880927989108	0.689541359796436	0.992996074992239	k__Bacteria|p__Proteobacteria|c__Gammaproteobacteria|o__Enterobacterales|f__Enterobacteriaceae|g__Cronobacter|s__Cronobacter_sakazakii
-2.57146633988984	-2.62872327987425	-2.46329857844697	0.15308356921188	4.67545505574534	0.0276636244846296	0.484265338532296	0.455148604252281	0.990196630688188	0.601637200026727	0.9910952626842	k__Bacteria|p__Bacteroidetes|c__Bacteroidia|o__Bacteroidales|f__Tannerellaceae|g__Parabacteroides|s__Parabacteroides_chinchillae
-2.65102981899717	-2.66872558037425	-2.61134403433005	0.0402177630837137	4.47101313557749	0.00920807841744293	0.495244565237715	0.75828473907905	0.990411007637199	0.717925292775637	0.991884728833078	k__Bacteria|p__Firmicutes|c__Clostridia|o__Clostridiales|f__Ruminococcaceae|g__Gemmiger|s__Gemmiger_sp_An120
-2.68633621844972	-2.73711630654089	-2.58230814905449	0.168000473788545	4.34383400061909	0.0313788550199458	0.482789855146095	0.598566888627015	0.990934668915498	0.668761634441087	0.996974092898085	k__Bacteria|p__Fusobacteria|c__Fusobacteriia|o__Fusobacteriales|f__Fusobacteriaceae|g__Fusobacterium|s__Fusobacterium_necrophorum
-2.49105502981092	-2.44201581183219	-2.57675683817373	-0.269044583101572	5.1274503289574	-0.0376254861829393	0.474637681268079	0.305626981653133	0.991004071484736	0.599965922317413	0.993659755150628	k__Bacteria|p__Firmicutes|c__Firmicutes_unclassified|o__Firmicutes_unclassified|f__Firmicutes_unclassified|g__Firmicutes_unclassified|s__Firmicutes_bacterium_CAG_238
-2.6270345106558	-2.67947176978892	-2.56801028934557	0.157234704416515	4.38859332137912	0.0324047145930979	0.480416572417939	0.574779940158364	0.991060947736493	0.656863503359848	0.997494096381666	k__Bacteria|p__Proteobacteria|c__Gammaproteobacteria|o__Aeromonadales|f__Aeromonadaceae|g__Aeromonas|s__Aeromonas_dhakensis
-2.66487993834671	-2.72246896384598	-2.59145123448254	0.111998158731552	4.44447389206074	0.0202615048210456	0.490151686707239	0.567565862850333	0.991202727550326	0.633424046131515	0.990776726836714	k__Bacteria|p__Firmicutes|c__Clostridia|o__Clostridiales|f__Ruminococcaceae|g__Gemmiger|s__Gemmiger_sp_An87
-2.63943026158044	-2.70584099985689	-2.56537480004839	0.181364379194754	4.52375973040304	0.0293017819706374	0.483812542518841	0.532778679805781	0.991211574196761	0.630154725278198	0.98981799492265	k__Bacteria|p__Actinobacteria|c__Actinobacteria|o__Actinomycetales|f__Actinomycetaceae|g__Actinomyces|s__Actinomyces_sp_HPA0247
11.0338167534499	12.2394624583631	9.2674499850931	-2.06385130989113	14.8582851319718	-0.149686445817776	0.401403668085901	0.031896743043309	0.991483757929707	0.0276616277020273	0.996868978213717	k__Bacteria|p__Firmicutes|c__Negativicutes|o__Veillonellales|f__Veillonellaceae|g__Veillonella|s__Veillonella_parvula
-2.46380266046615	-2.56606222069976	-2.30049996466458	0.3624850963251	5.71950681454696	0.0488548472977967	0.467617753762149	0.282756661062824	0.991507048976222	0.523730161124078	0.988547885876295	k__Bacteria|p__Firmicutes|c__Clostridia|o__Clostridiales|f__Clostridiaceae|g__Clostridium|s__Clostridium_sp_chh4_2
-2.68397669574392	-2.74279641798509	-2.6043917336719	0.205633846824959	4.54196538210356	0.039633001432559	0.478605388364134	0.457466613288312	0.991838329113389	0.619897969737358	0.994458112105953	k__Bacteria|p__Bacteroidetes|c__Bacteroidia|o__Bacteroidales|f__Prevotellaceae|g__Prevotella|s__Prevotella_intermedia
-2.61893511551506	-2.69791298824654	-2.51372668998554	0.224071611377953	4.58371414153064	0.0440292304685887	0.477581521835124	0.498641170685907	0.992153863059988	0.605347722866952	0.995006648708179	k__Bacteria|p__Bacteroidetes|c__Bacteroidia|o__Bacteroidales|f__Porphyromonadaceae|g__Porphyromonas|s__Porphyromonas_sp_HMSC065F10
-2.33842247657238	-2.44729208971234	-2.18420889701976	0.434309536783211	5.93671715445135	0.0607407860245226	0.463663119920577	0.340027364304432	0.992165969346597	0.482873781982793	0.99050922491375	k__Bacteria|p__Firmicutes|c__Clostridia|o__Clostridiales|f__Ruminococcaceae|g__Pseudoflavonifractor|s__Pseudoflavonifractor_capillosus
-2.63427118787195	-2.65873560967898	-2.59003631579287	0.197144809300264	4.51920462426928	0.0341389595927427	0.481548562451571	0.566670284551083	0.992378824343652	0.676723545243172	0.992078454466539	k__Bacteria|p__Proteobacteria|c__Gammaproteobacteria|o__Enterobacterales|f__Enterobacteriaceae|g__Escherichia|s__Escherichia_albertii
-1.64399742846244	-1.39521357081986	-1.97276532235957	-0.87530446620978	11.411439364985	-0.0837768256386531	0.437400951143272	0.110512139879888	0.992609310320269	0.27274992405344	0.99942424057077	k__Bacteria|p__Firmicutes|c__Bacilli|o__Lactobacillales|f__Streptococcaceae|g__Streptococcus|s__Streptococcus_anginosus_group
-2.58562122232285	-2.64438648299116	-2.48191706155588	0.207499893502362	4.90793576517284	0.0319048880950763	0.480525362402187	0.469545546646609	0.992950382102339	0.604557947794914	0.987534307456534	k__Bacteria|p__Firmicutes|c__Firmicutes_unclassified|o__Firmicutes_unclassified|f__Firmicutes_unclassified|g__Firmicutes_unclassified|s__Firmicutes_bacterium_CAG_646
-2.63905811374297	-2.57041336284695	-2.74204981458134	-0.2476921198711	4.64702997632586	-0.0397056711294543	0.476567806303613	0.281392893821966	0.993096224189651	0.590825858339248	0.995826682614022	k__Bacteria|p__Firmicutes|c__Clostridia|o__Clostridiales|f__Ruminococcaceae|g__Ruminococcus|s__Ruminococcus_sp_CAG_488
-2.65078477977815	-2.69273637289355	-2.59328214510275	0.107210498876414	4.49366220201337	0.0184051065370303	0.49048913047544	0.658522900372147	0.993139386700436	0.696453142353599	0.994478585801196	k__Bacteria|p__Firmicutes|c__Bacilli|o__Lactobacillales|f__Enterococcaceae|g__Enterococcus|s__Enterococcus_thailandicus
-2.39479727313937	-2.5524695879681	-2.18282787702429	0.538074570038708	5.83914385875375	0.0666955333209549	0.451211229551578	0.159291069079244	0.993214697572188	0.430173886670531	0.994127108714292	k__Bacteria|p__Firmicutes|c__Bacilli|o__Lactobacillales|f__Streptococcaceae|g__Streptococcus|s__Streptococcus_pasteurianus
-2.53945499366866	-2.47558835728312	-2.65022110979363	-0.285889845953387	4.89074892448969	-0.042654002160905	0.471014492877904	0.323968588070488	0.993325054816223	0.610448808825824	0.999452256408515	k__Bacteria|p__Bacteroidetes|c__Bacteroidia|o__Bacteroidales|f__Prevotellaceae|g__Prevotella|s__Prevotella_sp_885
-2.46478244373108	-2.3789764612714	-2.5900467285157	-0.257740387114959	5.11519999907317	-0.0413891714159777	0.472719040189322	0.293062627164316	0.993339685799114	0.528587653026421	0.998732479086587	k__Bacteria|p__Firmicutes|c__Bacilli|o__Lactobacillales|f__Streptococcaceae|g__Streptococcus|s__Streptococcus_sinensis
-2.66117860683718	-2.69285362273564	-2.59824481907033	0.0352351604440759	4.35703935000023	0.00665249461225754	0.495585238868757	0.73865051848896	0.993533694923413	0.726294408547431	0.99770964848144	k__Bacteria|p__Tenericutes|c__Mollicutes|o__Mycoplasmatales|f__Mycoplasmataceae|g__Mycoplasma|s__Mycoplasma_bovis
-2.66930705866088	-2.71531273421574	-2.60151737874795	0.171664154870861	4.51695755380737	0.0341818086692826	0.481204710225359	0.627794927915512	0.993545660279471	0.662392459660209	0.992373055171247	k__Bacteria|p__Firmicutes|c__Tissierellia|o__Tissierellales|f__Peptoniphilaceae|g__Anaerococcus|s__Anaerococcus_vaginalis
-2.66318301956153	-2.69604191783532	-2.5996543615988	0.00264617305828274	4.45530581070148	0.000668524019212768	0.499886800996634	0.736237056080299	0.993595515766585	0.739235878357042	0.994373676659855	k__Bacteria|p__Proteobacteria|c__Betaproteobacteria|o__Neisseriales|f__Neisseriaceae|g__Morococcus|s__Morococcus_cerebrosus
-2.49156983503809	-2.41576071909579	-2.59672344086412	-0.185041263269705	5.02291821312022	-0.026481255492751	0.482336956597312	0.390954454876144	0.993625284848236	0.595483079400489	0.998732479086587	k__Bacteria|p__Proteobacteria|c__Gammaproteobacteria|o__Enterobacterales|f__Enterobacteriaceae|g__Enterobacter|s__Enterobacter_mori
13.7903379222136	13.1951253961846	13.993933379966	1.00155127495346	15.7413559660077	0.0782473340211577	0.424496264762901	0.0711257816988231	0.993873557254123	0.0921527270201604	1	k__Bacteria|p__Firmicutes|c__Clostridia|o__Clostridiales|f__Eubacteriaceae|g__Eubacterium|s__Eubacterium_ramulus
-2.54096420991985	-2.60744526167544	-2.45377383686345	0.239594610381149	5.00182546200056	0.0353099605820006	0.480525362402187	0.488338748072459	0.994003283882412	0.61992036061186	0.996151711636824	k__Archaea|p__Euryarchaeota|c__Methanobacteria|o__Methanobacteriales|f__Methanobacteriaceae|g__Methanosphaera|s__Methanosphaera_stadtmanae
-1.64409578169035	-1.37732196667509	-1.97074016061103	-0.996341233358971	11.5660730301466	-0.0792689254568598	0.434684175063091	0.0721609491151469	0.994041085654756	0.252272230017633	0.997441050604552	k__Bacteria|p__Firmicutes|c__Clostridia|o__Clostridiales|f__Lachnospiraceae|g__Coprococcus|s__Coprococcus_eutactus
-2.60118804288088	-2.67050376606015	-2.52674999392857	0.220732362827679	4.70850488246738	0.0369783434632277	0.476902174011958	0.617743070290749	0.994071884326206	0.650802880121461	0.994042694260965	k__Bacteria|p__Actinobacteria|c__Actinobacteria|o__Actinomycetales|f__Actinomycetaceae|g__Actinomyces|s__Actinomyces_turicensis
-2.66895714958175	-2.65836921447221	-2.68618920371697	-0.0506656582834584	4.41128736099075	-0.0117293243474334	0.494000452821645	0.647851426638756	0.994083264496619	0.692573075316243	0.999650712021521	k__Bacteria|p__Firmicutes|c__Clostridia|o__Clostridiales|f__Clostridiales_unclassified|g__Clostridiales_unclassified|s__Clostridiales_bacterium_CHKCI006
-2.59764524833614	-2.64250109959537	-2.54719460546322	0.0929083441102296	4.71205458358814	0.0154790225624878	0.49048913047544	0.618872143437428	0.994084553585087	0.70891359541103	0.996926945954029	k__Bacteria|p__Firmicutes|c__Clostridia|o__Clostridiales|f__Clostridiaceae|g__Clostridium|s__Clostridium_sp_D5
-2.65961587164304	-2.74351440172465	-2.52569841310551	0.234217107824769	4.49992371853155	0.0429931258546205	0.477581521835124	0.521752648368284	0.99409636050831	0.58579532072357	0.995169051086777	k__Bacteria|p__Proteobacteria|c__Epsilonproteobacteria|o__Campylobacterales|f__Campylobacteraceae|g__Campylobacter|s__Campylobacter_ureolyticus
-2.64032454427663	-2.72496543119572	-2.4942614263432	0.285410990033331	4.62721000379974	0.0566603491400714	0.471240942152289	0.462408933362866	0.994117612668166	0.572573540334754	0.994244625865003	k__Bacteria|p__Firmicutes|c__Bacilli|o__Lactobacillales|f__Lactobacillaceae|g__Sharpea|s__Sharpea_azabuensis
-2.65590578654756	-2.68898551451917	-2.60220463155409	0.139223444902887	4.45211051251634	0.0260052030461493	0.486413043536365	0.651313869684136	0.994125928638315	0.686317723318813	0.995150993997599	k__Bacteria|p__Bacteroidetes|c__Bacteroidia|o__Bacteroidales|f__Porphyromonadaceae|g__Porphyromonas|s__Porphyromonas_uenonis
-2.65188753069829	-2.64608021436379	-2.66039567677066	0.0284443668476637	4.37363279162306	0.00710812468192288	0.496603260884081	0.70962329654045	0.994173650370175	0.740181583695318	0.991242908237044	k__Bacteria|p__Proteobacteria|c__Gammaproteobacteria|o__Enterobacterales|f__Enterobacteriaceae|g__Pseudocitrobacter|s__Pseudocitrobacter_faecalis
-2.59627713833493	-2.54217744339865	-2.66550572863656	-0.199181342175166	4.67482153654786	-0.0282133940938536	0.480869368431392	0.331897077764414	0.994175786997966	0.617569344140775	0.996060174358713	k__Bacteria|p__Firmicutes|c__Clostridia|o__Clostridiales|f__Clostridiaceae|g__Clostridium|s__Clostridium_neonatale
-2.62428603011218	-2.62441343966098	-2.62393302539361	-0.0403131412112536	4.53814034172517	-0.00621552185951008	0.496376811609686	0.674034906526166	0.994294277799919	0.741687533853848	0.999456379523272	k__Bacteria|p__Proteobacteria|c__Gammaproteobacteria|o__Enterobacterales|f__Enterobacteriaceae|g__Kluyvera|s__Kluyvera_cryocrescens
-2.6742588030489	-2.67553850137554	-2.67409770243035	-0.0123739962650298	4.44973419910807	-0.00329681797612661	0.497961956530448	0.71909359977756	0.994304257979087	0.766865010460638	0.993333441433651	k__Bacteria|p__Firmicutes|c__Clostridia|o__Clostridiales|f__Clostridiaceae|g__Clostridium|s__Clostridium_sp_CAG_167
-2.5940669255629	-2.66662267379538	-2.51289468047243	0.114147928165465	4.79845097138975	0.0190226847725865	0.490604482720698	0.496530252356136	0.994388443794937	0.656504112276819	0.993168753385081	k__Bacteria|p__Proteobacteria|c__Gammaproteobacteria|o__Enterobacterales|f__Morganellaceae|g__Morganella|s__Morganella_morganii
-2.6119218310326	-2.65226674232593	-2.54373177408785	0.126751074480461	4.58292543200252	0.0228362914554443	0.487092391359542	0.53010013517218	0.994399746729804	0.673800865996465	0.997560400553189	k__Bacteria|p__Actinobacteria|c__Actinobacteria|o__Bifidobacteriales|f__Bifidobacteriaceae|g__Parascardovia|s__Parascardovia_denticolens
-2.59423636297449	-2.6675387478304	-2.49779569455175	0.257761613132431	4.82395392393147	0.0404677152210139	0.473958333444919	0.43067560952548	0.994519105930095	0.577606447911156	0.989187665590261	k__Bacteria|p__Bacteroidetes|c__Bacteroidia|o__Bacteroidales|f__Prevotellaceae|g__Prevotella|s__Prevotella_buccalis
-2.6327845328674	-2.67575544643314	-2.57216696213391	0.0759130587187506	4.48396096230663	0.0131773333366097	0.493094860794725	0.596603204193523	0.994565112423774	0.684044284660396	0.999070093141673	k__Archaea|p__Euryarchaeota|c__Methanobacteria|o__Methanobacteriales|f__Methanobacteriaceae|g__Methanobrevibacter|s__Methanobrevibacter_woesei
-2.63629353300019	-2.70115488178141	-2.52986206956714	0.137006173301902	4.56716718172233	0.0239457611005664	0.48686594208515	0.46101308213206	0.99459391494495	0.617340106414464	0.993575006782706	k__Bacteria|p__Bacteroidetes|c__Bacteroidia|o__Bacteroidales|f__Bacteroidaceae|g__Bacteroides|s__Bacteroides_fluxus
-2.34019221443865	-2.45076926939284	-2.18199598235237	0.334792859023793	5.83654701367901	0.0435778821887068	0.470788043603519	0.355353421325328	0.994651387478098	0.544963169976356	0.980503476664146	k__Bacteria|p__Proteobacteria|c__Gammaproteobacteria|o__Enterobacterales|f__Enterobacteriaceae|g__Citrobacter|s__Citrobacter_werkmanii
-2.55051435089476	-2.65418915159166	-2.41347668228519	0.278643822664186	4.98014092124238	0.0424566997247377	0.471014492877904	0.395391156471633	0.994713952506872	0.544877835375604	0.993144324184276	k__Bacteria|p__Firmicutes|c__Firmicutes_unclassified|o__Firmicutes_unclassified|f__Firmicutes_unclassified|g__Firmicutes_unclassified|s__Firmicutes_bacterium_CAG_424
-2.63440151333998	-2.70731441004749	-2.53083736460541	0.234672717247129	4.54273310970725	0.0415270622730672	0.474864130542467	0.499685967513889	0.994823577676626	0.629760285719276	0.995073687399599	k__Bacteria|p__Firmicutes|c__Tissierellia|o__Tissierellales|f__Peptoniphilaceae|g__Peptoniphilus|s__Peptoniphilus_lacrimalis
-2.69061701748122	-2.72167984869349	-2.64401279219736	0.167115330803743	4.38210526746056	0.0300519501664093	0.484718134545752	0.581769494460275	0.994933433326707	0.680410327023058	0.999327405408676	k__Bacteria|p__Firmicutes|c__Clostridia|o__Clostridiales|f__Eubacteriaceae|g__Eubacterium|s__Eubacterium_sp_An11
-2.63943782476671	-2.70006777064384	-2.55564752982177	0.145145358244863	4.41069481937146	0.0247095369029666	0.485960144987579	0.523546453786162	0.994933668491304	0.623995452199737	0.99196573300017	k__Bacteria|p__Firmicutes|c__Clostridia|o__Clostridiales|f__Ruminococcaceae|g__Anaerofilum|s__Anaerofilum_sp_An201
-2.66391562177614	-2.72156502593988	-2.59986786349862	0.105946410668489	4.41137118922288	0.0193389819519661	0.490830880727428	0.606065133138748	0.994999366953013	0.677349449593282	0.997195160634671	k__Bacteria|p__Firmicutes|c__Clostridia|o__Clostridiales|f__Peptostreptococcaceae|g__Terrisporobacter|s__Terrisporobacter_othiniensis
-2.55896798770661	-2.60675315454719	-2.50187526217219	0.0701164247325643	4.87302647072604	0.0122899242597694	0.492642064781265	0.732106805142219	0.995054206578242	0.724756082943046	0.994430303544246	k__Bacteria|p__Actinobacteria|c__Coriobacteriia|o__Coriobacteriales|f__Atopobiaceae|g__Atopobium|s__Atopobium_parvulum
-2.69893498043708	-2.71971362361767	-2.66591307485776	0.0185130966179816	4.39950484904021	0.00274395935277084	0.498754810962982	0.664545522436966	0.995251356924618	0.718762197499054	1	k__Bacteria|p__Firmicutes|c__Bacilli|o__Lactobacillales|f__Lactobacillaceae|g__Lactobacillus|s__Lactobacillus_senioris
-2.67176419173149	-2.64935396398426	-2.69587852853381	-0.0856805643674345	4.49215971787708	-0.0144686154869929	0.490830880727428	0.643401258852063	0.99532447226747	0.713173537880081	0.997625262776873	k__Bacteria|p__Firmicutes|c__Clostridia|o__Clostridiales|f__Lachnospiraceae|g__Shuttleworthia|s__Shuttleworthia_satelles
-2.56094549381012	-2.63772982685385	-2.43839674853285	0.243485487032384	4.80099977671316	0.0419864111168084	0.477926194343959	0.430116304634872	0.995347041593633	0.611408586508075	0.994476889109478	k__Bacteria|p__Firmicutes|c__Bacilli|o__Lactobacillales|f__Lactobacillaceae|g__Lactobacillus|s__Lactobacillus_amylovorus
-2.62478467546259	-2.61799780359868	-2.63523605194729	-0.0304073854326639	4.39875253230806	-0.00579324467742578	0.497282608707265	0.665936922330896	0.995371081529107	0.738772272001809	0.992938819074078	k__Bacteria|p__Actinobacteria|c__Actinobacteria|o__Bifidobacteriales|f__Bifidobacteriaceae|g__Bifidobacterium|s__Bifidobacterium_ruminantium
-2.2427462174835	-2.1054934984427	-2.41741362700291	-0.529514654505732	6.07893501693401	-0.0659947361420228	0.459135159786317	0.175554840325555	0.99538235175086	0.405965291321514	1	k__Bacteria|p__Actinobacteria|c__Coriobacteriia|o__Eggerthellales|f__Eggerthellaceae|g__Slackia|s__Slackia_isoflavoniconvertens
-2.62474672918583	-2.68373861084784	-2.53816013294848	0.146557205819956	4.48094231753981	0.0273620920915226	0.486302920592848	0.662854825140855	0.995494294947793	0.674119717902507	0.995166476499668	k__Bacteria|p__Actinobacteria|c__Coriobacteriia|o__Eggerthellales|f__Eggerthellaceae|g__Denitrobacterium|s__Denitrobacterium_detoxificans
-2.55283626927836	-2.59455134696794	-2.50337152642835	0.0247654034916529	4.60591856350562	0.00449407016671929	0.49762282092933	0.746799753643286	0.995539726095406	0.738228403693129	0.995475179236967	k__Bacteria|p__Firmicutes|c__Clostridia|o__Clostridiales|f__Clostridiales_Family_XIII_Incertae_Sedis|g__Mogibacterium|s__Mogibacterium_pumilum
-2.63353773970734	-2.68624154195987	-2.57470467563309	0.0674140721998331	4.4103634906262	0.0141308669655887	0.491057278734157	0.613550259811018	0.9955809637425	0.691196160829818	0.996684667230313	k__Bacteria|p__Firmicutes|c__Tissierellia|o__Tissierellales|f__Peptoniphilaceae|g__Peptoniphilus|s__Peptoniphilus_coxii
-2.63524069050038	-2.67536996703016	-2.58043142827131	0.0901327131580256	4.40016213564517	0.0181443421118038	0.490715579749833	0.592986065867709	0.995626423455366	0.699061937364997	0.994420171700868	k__Bacteria|p__Firmicutes|c__Bacilli|o__Lactobacillales|f__Enterococcaceae|g__Enterococcus|s__Enterococcus_asini
-2.67605775168032	-2.65711618731785	-2.72179792151535	-0.126556063856903	4.54181908270366	-0.0213799374524011	0.484038940525569	0.561908338910401	0.995689766854791	0.689914740769748	0.997882802498374	k__Bacteria|p__Firmicutes|c__Bacilli|o__Lactobacillales|f__Lactobacillaceae|g__Lactobacillus|s__Lactobacillus_oris
-2.67312822617628	-2.71512892723598	-2.60965551190571	0.145922199118093	4.48827847704195	0.0260922295905584	0.48369565224366	0.61968083599689	0.995697529914674	0.683612109539703	0.998336020353061	k__Bacteria|p__Firmicutes|c__Bacilli|o__Lactobacillales|f__Streptococcaceae|g__Lactococcus|s__Lactococcus_raffinolactis
-2.68586850508343	-2.68830424949307	-2.6743331521201	-0.0350666796236361	4.45097835501768	-0.00653960306082039	0.495358840862026	0.663793182054368	0.99572648271832	0.731624854131858	0.995301084383667	k__Bacteria|p__Bacteroidetes|c__Bacteroidia|o__Bacteroidales|f__Porphyromonadaceae|g__Porphyromonas|s__Porphyromonas_gingivalis
-2.67215784841989	-2.69655165201194	-2.63876841970911	0.0578415611750742	4.46240283094115	0.0121787848568195	0.494338768140137	0.757681456527089	0.995745576811037	0.756784968368768	0.994854165690177	k__Eukaryota|p__Ascomycota|c__Saccharomycetes|o__Saccharomycetales|f__Saccharomycetaceae|g__Saccharomyces|s__Saccharomyces_cerevisiae
-2.68636005990347	-2.72598661589958	-2.6298775555552	0.143999742913826	4.46453848842736	0.0276814001695172	0.485054347890011	0.578699865454023	0.995747006814743	0.644364174725525	0.99707117035925	k__Bacteria|p__Firmicutes|c__Bacilli|o__Lactobacillales|f__Streptococcaceae|g__Streptococcus|s__Streptococcus_macedonicus
-2.67079380602924	-2.65732313833762	-2.68669572414017	-0.128577103611091	4.41871971086104	-0.0209135053314235	0.486302920592848	0.660337379888562	0.995798258911962	0.721153152540049	0.994060688315956	k__Bacteria|p__Proteobacteria|c__Gammaproteobacteria|o__Enterobacterales|f__Morganellaceae|g__Proteus|s__Proteus_penneri
-2.5059770528293	-2.61104071434131	-2.34938518781528	0.321167938466793	5.23350464540055	0.0499752638361847	0.470108695780366	0.500553347745561	0.99584882262366	0.576166339459838	0.99167376757987	k__Bacteria|p__Firmicutes|c__Clostridia|o__Clostridiales|f__Lachnospiraceae|g__Faecalicatena|s__Faecalicatena_orotica
-2.61167494921658	-2.56495481511569	-2.67153937185778	-0.133734820369943	4.73492359045328	-0.0223562859730361	0.48777173918272	0.357785145217432	0.995868300620948	0.629581549274811	1	k__Bacteria|p__Firmicutes|c__Negativicutes|o__Veillonellales|f__Veillonellaceae|g__Anaeroglobus|s__Anaeroglobus_geminatus
-2.61656335471094	-2.60776577907214	-2.62476189514832	-0.0465203494724769	4.43126919727135	-0.00782922019331843	0.495923913060898	0.621677477766121	0.995876703723626	0.72725857305115	0.999225280789714	k__Bacteria|p__Proteobacteria|c__Gammaproteobacteria|o__Enterobacterales|f__Hafniaceae|g__Hafnia|s__Hafnia_paralvei
-2.62870652147167	-2.61033726912996	-2.64895862888849	-0.0584375404800017	4.45535141822234	-0.0106173565837892	0.494453248835105	0.632244739715289	0.995877820957648	0.725462316422635	0.999183848892522	k__Bacteria|p__Firmicutes|c__Clostridia|o__Clostridiales|f__Lachnospiraceae|g__Murimonas|s__Murimonas_intestini
-2.50747522744857	-2.45777258681075	-2.59022726445366	-0.229270128685355	5.06702473704059	-0.0349735412069654	0.475888612283441	0.370397337146682	0.995879906133684	0.593183277513684	1	k__Bacteria|p__Firmicutes|c__Bacilli|o__Lactobacillales|f__Lactobacillaceae|g__Lactobacillus|s__Lactobacillus_ruminis
-2.46911711491718	-2.5289746236931	-2.37957784653787	0.271388275873528	5.53290856975606	0.0370468487685426	0.474864130542467	0.379963819517395	0.995937020589685	0.596853535113355	0.99217557584946	k__Bacteria|p__Bacteroidetes|c__Bacteroidia|o__Bacteroidales|f__Prevotellaceae|g__Prevotella|s__Prevotella_corporis
-2.53713099205303	-2.65506010235177	-2.37620186954844	0.254040229863433	4.84487951801079	0.0403092211073078	0.474077428229655	0.409584805042702	0.995956962519066	0.547498416332048	0.995731146510063	k__Bacteria|p__Firmicutes|c__Bacilli|o__Lactobacillales|f__Enterococcaceae|g__Enterococcus|s__Enterococcus_casseliflavus
-2.67420870161423	-2.69620133923481	-2.64134397786636	0.117452406977312	4.44120439981849	0.0219409172035924	0.489809782652259	0.660562850866395	0.995972611355673	0.72179990554983	0.992527919187331	k__Bacteria|p__Firmicutes|c__Bacilli|o__Lactobacillales|f__Lactobacillaceae|g__Pediococcus|s__Pediococcus_acidilactici
-2.65524689761548	-2.6538820158213	-2.65805099432678	-0.0888668537095949	4.39775682355732	-0.0147647764743279	0.49048913047544	0.718540533241925	0.995992949416885	0.756200886085257	0.994272529220055	k__Bacteria|p__Firmicutes|c__Bacilli|o__Lactobacillales|f__Leuconostocaceae|g__Leuconostoc|s__Leuconostoc_lactis
-1.02665323662378	-1.44997932484297	-0.295068344703768	1.16892149410762	16.8780266511497	0.0826251859931386	0.433552185029698	0.121271600440109	0.996150294421225	0.190840983138786	0.9805006096011	k__Bacteria|p__Bacteroidetes|c__Bacteroidia|o__Bacteroidales|f__Bacteroidaceae|g__Bacteroides|s__Bacteroides_salyersiae
-2.6134628259167	-2.64488463848365	-2.56939745534812	0.0866323746188442	4.56332095956936	0.0151435864042727	0.491621376847408	0.701957045252921	0.996160286002224	0.739264520339866	0.989631275557005	k__Bacteria|p__Proteobacteria|c__Gammaproteobacteria|o__Pasteurellales|f__Pasteurellaceae|g__Haemophilus|s__Haemophilus_pittmaniae
-2.6051386050327	-2.5582035169901	-2.66386055512553	-0.27507669237246	4.65480022507727	-0.0436321437201738	0.474530224243101	0.418400370213004	0.996217349765712	0.654305656718447	1	k__Bacteria|p__Firmicutes|c__Clostridia|o__Clostridiales|f__Lachnospiraceae|g__Lachnoclostridium|s__Clostridium_hylemonae
-2.62195734850807	-2.60720025876368	-2.6515299821857	-0.0917058517373484	4.51316298029829	-0.0176488931971845	0.489809782652259	0.561068611443749	0.996320349915467	0.694250121188529	0.996060174358713	k__Bacteria|p__Synergistetes|c__Synergistia|o__Synergistales|f__Synergistaceae|g__Pyramidobacter|s__Pyramidobacter_sp_C12_8
-2.69877836381661	-2.71847473455467	-2.67919165440285	0.0872857539923366	4.38605130432899	0.0166667679383836	0.490036231926652	0.600596288461199	0.996326773001386	0.692782491162093	0.998848801927431	k__Bacteria|p__Bacteroidetes|c__Bacteroidia|o__Bacteroidales|f__Porphyromonadaceae|g__Porphyromonas|s__Porphyromonas_endodontalis
-2.62972635460791	-2.61249545766807	-2.65378019917736	-0.0362478915764068	4.59294391061854	-0.00737233751245534	0.496264432888948	0.627062059516844	0.996328157513495	0.709581003630878	0.993459335307538	k__Bacteria|p__Proteobacteria|c__Deltaproteobacteria|o__Desulfovibrionales|f__Desulfovibrionaceae|g__Desulfovibrio|s__Desulfovibrio_fairfieldensis
-2.60007910043439	-2.5669169723499	-2.65458963998906	-0.137764297098807	4.7249799022255	-0.022190064445533	0.488566900660135	0.479201819929501	0.996389198172214	0.636410214117414	0.99725857807972	k__Bacteria|p__Firmicutes|c__Bacilli|o__Lactobacillales|f__Streptococcaceae|g__Lactococcus|s__Lactococcus_garvieae
-2.62314450985374	-2.64481181709328	-2.58635565308615	-0.0205189673579831	4.71684339479185	-0.00353366167678834	0.498075616942791	0.581710067831304	0.996417616211812	0.740264790830167	0.994764841515882	k__Bacteria|p__Bacteroidetes|c__Bacteroidia|o__Bacteroidales|f__Bacteroidaceae|g__Bacteroides|s__Bacteroides_faecis_CAG_32
-2.6155764794502	-2.65979173138316	-2.5556297406977	0.134738875118453	4.53062005848758	0.02369721513546	0.485850124579392	0.672249967058025	0.996472362792287	0.696177521477874	0.99929783439017	k__Bacteria|p__Firmicutes|c__Bacilli|o__Lactobacillales|f__Streptococcaceae|g__Streptococcus|s__Streptococcus_sp_HMSC071D03
-2.61058091831689	-2.55641102543686	-2.68584594874998	-0.114335604302077	4.50484967848654	-0.0190136069057337	0.489246094680322	0.535816484243714	0.996491636434421	0.655135610945898	0.999989300991704	k__Bacteria|p__Actinobacteria|c__Actinobacteria|o__Corynebacteriales|f__Corynebacteriaceae|g__Corynebacterium|s__Corynebacterium_argentoratense
-0.653163595032261	-1.13979795104942	0.337319996949921	1.21383437855738	13.3327670523854	0.0997559375754816	0.431288204962939	0.141599319026159	0.996503097412193	0.177384730324079	0.994830163575277	k__Bacteria|p__Firmicutes|c__Clostridia|o__Clostridiales|f__Lachnospiraceae|g__Lachnoclostridium|s__Clostridium_lavalense
-2.66405967397017	-2.64149054076052	-2.68530367173895	-0.0181886372249558	4.39164395523875	-0.00333302791626035	0.498528412956252	0.66005004162145	0.996549127075499	0.706618937076935	1	k__Bacteria|p__Firmicutes|c__Bacilli|o__Lactobacillales|f__Streptococcaceae|g__Lactococcus|s__Lactococcus_piscium
-2.67035537348928	-2.69467213709601	-2.63191871696713	0.0718828290138411	4.39284178609405	0.0133234237135013	0.493547656808185	0.638590262034482	0.9966536873916	0.701596600781688	0.994735617186035	k__Bacteria|p__Firmicutes|c__Bacilli|o__Lactobacillales|f__Streptococcaceae|g__Streptococcus|s__Streptococcus_parauberis
18.0374996054383	16.8526411263796	19.7501533268732	2.23361604944393	11.563439898109	0.183723462927929	0.368802355141106	0.0594637969970612	0.996672207333024	0.00453383900548827	0.705171227330488	k__Bacteria|p__Bacteroidetes|c__Bacteroidia|o__Bacteroidales|f__Bacteroidaceae|g__Bacteroides|s__Bacteroides_stercoris
-2.63826549547342	-2.67313589305291	-2.58611094984968	0.164250245248658	4.47297591086831	0.0296524690635773	0.484038940525569	0.579429727965636	0.996702309028684	0.664398148656194	1	k__Bacteria|p__Firmicutes|c__Clostridia|o__Clostridiales|f__Clostridiaceae|g__Clostridium|s__Butyribacterium_methylotrophicum
-2.6425387237428	-2.68050969398258	-2.58827391828886	0.156946953445274	4.51837061679793	0.0318546827466718	0.482110507322921	0.604657206572514	0.996704186969432	0.663900648147258	0.99546597770734	k__Bacteria|p__Firmicutes|c__Bacilli|o__Lactobacillales|f__Lactobacillaceae|g__Lactobacillus|s__Lactobacillus_gasseri
-2.25495307880273	-2.16638100755697	-2.36108878486007	-0.360751591660112	6.58176331899533	-0.0452343570861416	0.468070652310915	0.218857271193512	0.99673900700214	0.510393041122044	0.999456379523272	k__Bacteria|p__Bacteroidetes|c__Bacteroidia|o__Bacteroidales|f__Bacteroidaceae|g__Bacteroides|s__Bacteroides_sp_D2
-2.63320188295529	-2.68426588436983	-2.55415612875887	0.149278496228142	4.68448207337624	0.0272386122594644	0.483586144512114	0.559991712590323	0.996765109551817	0.662217386327398	0.997823777843592	k__Bacteria|p__Firmicutes|c__Clostridia|o__Clostridiales|f__Peptostreptococcaceae|g__Peptostreptococcaceae_unclassified|s__Clostridium_hiranonis
0.239237374028368	1.37278189862408	-0.571222381650117	-1.56350644330939	14.2765672022794	-0.117083766418633	0.426307448816208	0.095828309170926	0.99678678081939	0.150874442580884	0.995667771805692	k__Bacteria|p__Firmicutes|c__Clostridia|o__Clostridiales|f__Oscillospiraceae|g__Oscillibacter|s__Oscillibacter_sp_CAG_241
-2.64412941344648	-2.61044958313222	-2.69377079141207	-0.123622727063291	4.5583200927893	-0.0226192092165778	0.487434910626491	0.535707571058544	0.996871042258289	0.671579857568071	0.99716893316063	k__Bacteria|p__Firmicutes|c__Clostridia|o__Clostridiales|f__Lachnospiraceae|g__Butyrivibrio|s__Butyrivibrio_crossotus
-2.65419663694986	-2.68180784380582	-2.61326413677902	-0.0193114084253239	4.57380141967949	-0.0026842318063192	0.49784921893606	0.7272381425074	0.99688224958946	0.73403550948722	0.9960655124251	k__Bacteria|p__Bacteroidetes|c__Bacteroidia|o__Bacteroidales|f__Bacteroidaceae|g__Bacteroides|s__Bacteroides_sp_CAG_633
-2.68221878848252	-2.67072445687732	-2.69908157276687	0.00201745363167838	4.44108116038901	0.000542698755305041	0.499660402989904	0.690949904110973	0.996926410729578	0.750759367973367	0.996525670405783	k__Archaea|p__Euryarchaeota|c__Methanobacteria|o__Methanobacteriales|f__Methanobacteriaceae|g__Methanosphaera|s__Methanosphaera_sp_SHI1033
-2.59219178072065	-2.60095492770428	-2.57688909464186	-0.0406716506088376	4.32061732874203	-0.00768876690692759	0.496264432888948	0.74986785070331	0.996951246213716	0.752132346403363	0.993994524320675	k__Bacteria|p__Firmicutes|c__Clostridia|o__Clostridiales|f__Clostridiales_Family_XIII_Incertae_Sedis|g__Mogibacterium|s__Mogibacterium_timidum
-2.66157010823703	-2.66562790511705	-2.65392748706317	0.0347073313818829	4.47794850019691	0.00665894784231816	0.496603260884081	0.728106167682431	0.997114707739655	0.737188457810867	0.999632286589525	k__Bacteria|p__Proteobacteria|c__Gammaproteobacteria|o__Enterobacterales|f__Enterobacteriaceae|g__Kosakonia|s__Kosakonia_sacchari
-2.69799816021498	-2.69171659141774	-2.7050419408699	0.0216555537875553	4.5103577414751	0.00363441879088801	0.498188405804843	0.679425976186223	0.997114707739655	0.707133083373913	0.998287838334731	k__Bacteria|p__Bacteroidetes|c__Bacteroidia|o__Bacteroidales|f__Bacteroidaceae|g__Bacteroides|s__Bacteroides_heparinolyticus
-2.55818534490068	-2.4978047199948	-2.65054809392293	-0.192601067192044	4.91641079557982	-0.0293220537995332	0.481322164444844	0.462050321458755	0.997127075836778	0.622379706639909	0.998732479086587	k__Bacteria|p__Firmicutes|c__Erysipelotrichia|o__Erysipelotrichales|f__Erysipelotrichaceae|g__Erysipelothrix|s__Erysipelothrix_larvae
-2.45276298708959	-2.53025213989414	-2.33506300014849	0.270751531600235	5.38813309025669	0.0394410066701905	0.477128623286346	0.491427938619907	0.997161091210015	0.647294279170932	0.994188142344252	k__Bacteria|p__Firmicutes|c__Clostridia|o__Clostridiales|f__Ruminococcaceae|g__Ruminococcaceae_unclassified|s__Clostridium_methylpentosum
-2.66182439750955	-2.72809721685195	-2.57821715744143	0.199731720763708	4.48899269895676	0.034584683264647	0.481774960458297	0.527201001388884	0.997163746920866	0.61910076655993	0.992272909937785	k__Bacteria|p__Proteobacteria|c__Epsilonproteobacteria|o__Campylobacterales|f__Campylobacteraceae|g__Arcobacter|s__Arcobacter_cryaerophilus
-2.63646558128065	-2.6009928675456	-2.69303124312842	-0.126920862126495	4.54224619519196	-0.0229473143717628	0.487092391359542	0.597993396316308	0.997197828985722	0.699940272580905	1	k__Bacteria|p__Proteobacteria|c__Epsilonproteobacteria|o__Campylobacterales|f__Helicobacteraceae|g__Helicobacter|s__Helicobacter_pullorum
-2.60265726098839	-2.60701429307731	-2.59980530724105	0.0164551430031832	4.60731375564886	0.00329071330087503	0.498528412956252	0.72256142070968	0.99720769572146	0.750507412299369	0.998261818524588	k__Bacteria|p__Firmicutes|c__Bacilli|o__Lactobacillales|f__Streptococcaceae|g__Streptococcus|s__Streptococcus_lutetiensis
-2.62114140651297	-2.64047003792404	-2.60203025545428	-0.00538561660816939	4.64667830610589	-0.0010470519997218	0.499434004983174	0.74894350046616	0.997264261550291	0.764528350933768	0.998051896203839	k__Bacteria|p__Proteobacteria|c__Gammaproteobacteria|o__Enterobacterales|f__Enterobacteriaceae|g__Citrobacter|s__Citrobacter_braakii
-2.654002762207	-2.64899102495062	-2.66204039309138	-0.0789613554086142	4.46557062747342	-0.0136549744469019	0.493659420316955	0.677912486584611	0.997273179530267	0.753190344100344	0.9944259483467	k__Bacteria|p__Proteobacteria|c__Gammaproteobacteria|o__Aeromonadales|f__Succinivibrionaceae|g__Anaerobiospirillum|s__Anaerobiospirillum_thomasii
-2.64979132727289	-2.71022533746429	-2.56595594110032	0.168093489031385	4.4951001646486	0.0309242028447269	0.484038940525569	0.593075592872605	0.997324647355351	0.638039944204906	0.996300081446163	k__Bacteria|p__Proteobacteria|c__Gammaproteobacteria|o__Aeromonadales|f__Aeromonadaceae|g__Aeromonas|s__Aeromonas_hydrophila
-2.65192987847471	-2.69310349528829	-2.58824406778408	0.109095701616811	4.60886550556802	0.01879682680044	0.489809782652259	0.642770719811007	0.997332190793365	0.656363890765328	0.996104993737831	k__Bacteria|p__Bacteroidetes|c__Bacteroidia|o__Bacteroidales|f__Porphyromonadaceae|g__Porphyromonas|s__Porphyromonas_asaccharolytica
-2.67342710918461	-2.68832991827746	-2.65238974278359	-0.0363944477988856	4.46509491593254	-0.00677953747714801	0.496943626909139	0.714816896091508	0.997344554380426	0.7320301330396	0.996452575289758	k__Bacteria|p__Firmicutes|c__Bacilli|o__Lactobacillales|f__Enterococcaceae|g__Enterococcus|s__Enterococcus_italicus
-2.68959750811286	-2.68469758783993	-2.69929471037928	-0.00403076559013194	4.43821168888749	-0.00112619934135992	0.499434004983174	0.663565092034531	0.997380292330743	0.710626021637787	0.996085585364322	k__Bacteria|p__Firmicutes|c__Bacilli|o__Lactobacillales|f__Streptococcaceae|g__Streptococcus|s__Streptococcus_sp_HMSC067H01
-2.65398156677299	-2.66411093129107	-2.63786914142318	0.0515446184568908	4.54218460562252	0.00814775218982172	0.495244565237715	0.703207629244833	0.997380292330743	0.735548357002315	0.997481351601331	k__Bacteria|p__Firmicutes|c__Tissierellia|o__Tissierellales|f__Peptoniphilaceae|g__Finegoldia|s__Finegoldia_magna
-2.63290646610448	-2.6599199917505	-2.58537572645237	0.0961713580266359	4.47672079226144	0.0192537339147151	0.48992528870051	0.634367910628151	0.997380292330743	0.723111827348344	0.996170377996084	k__Bacteria|p__Proteobacteria|c__Gammaproteobacteria|o__Enterobacterales|f__Enterobacteriaceae|g__Kosakonia|s__Kosakonia_cowanii
-2.56027784547031	-2.65516604584077	-2.4174836402087	0.218706845330578	4.90483961118371	0.0323298722573557	0.479510980391036	0.572934286075547	0.997380292330743	0.590850324659387	0.994902461464396	k__Bacteria|p__Bacteroidetes|c__Bacteroidia|o__Bacteroidales|f__Porphyromonadaceae|g__Sanguibacteroides|s__Sanguibacteroides_justesenii
-2.65720083676146	-2.69004668960457	-2.60847703379019	-0.0214394882004321	4.42889558050465	-0.00502760726448892	0.497509057981659	0.773329057940388	0.997453133293879	0.759876608021213	0.995998512856704	k__Bacteria|p__Firmicutes|c__Clostridia|o__Clostridiales|f__Eubacteriaceae|g__Eubacterium|s__Eubacterium_maltosivorans
-2.67898857600541	-2.70876336878813	-2.63774855339587	0.084661216507472	4.4903288124301	0.0150935329076439	0.492415666774536	0.629415591763273	0.99745553579738	0.728345568909856	0.995662972582946	k__Bacteria|p__Firmicutes|c__Bacilli|o__Lactobacillales|f__Lactobacillaceae|g__Lactobacillus|s__Lactobacillus_acidipiscis
-2.60698101745105	-2.60875633232252	-2.60645396806634	-0.067938532759916	4.55959616714218	-0.0116713508141553	0.493432971042561	0.608351593606468	0.997498063613769	0.716751730743813	0.997548467618612	k__Bacteria|p__Firmicutes|c__Bacilli|o__Lactobacillales|f__Enterococcaceae|g__Enterococcus|s__Enterococcus_hirae
-2.63380644311639	-2.64323657724943	-2.6212848351168	0.00606291035736461	4.44502266026944	0.00102340936006403	0.499773550725605	0.732291608046418	0.997507410324694	0.729468084277214	1	k__Bacteria|p__Firmicutes|c__Clostridia|o__Clostridiales|f__Clostridiales_Family_XIII_Incertae_Sedis|g__Clostridiales_Family_XIII_Incertae_Sedis_unclassified|s__Eubacterium_saphenum
-2.6363472553467	-2.62968758503207	-2.64457403327744	-0.0375964821188468	4.44502170167454	-0.00563469170959041	0.496490830895678	0.682808743741475	0.997540467298633	0.715709523560637	0.99698499694691	k__Bacteria|p__Firmicutes|c__Bacilli|o__Lactobacillales|f__Lactobacillaceae|g__Lactobacillus|s__Lactobacillus_reuteri
-2.63733846982766	-2.70464159125039	-2.52531825134279	0.216454571366175	4.57182814891042	0.0379313684378491	0.478940217481459	0.61159177080327	0.997575697837278	0.63664737913933	0.996346508050283	k__Bacteria|p__Actinobacteria|c__Actinobacteria|o__Actinomycetales|f__Actinomycetaceae|g__Actinobaculum|s__Actinobaculum_sp_oral_taxon_183
-2.63506714504507	-2.64989891955024	-2.60950500658845	-0.0140362117596471	4.70261946723191	-0.00243091761711712	0.498188405804843	0.698888590705223	0.997693337672711	0.740290751333279	1	k__Bacteria|p__Bacteroidetes|c__Bacteroidia|o__Bacteroidales|f__Prevotellaceae|g__Prevotella|s__Prevotella_timonensis
-2.66829780871187	-2.64658401202121	-2.70332673938081	-0.0619706821215313	4.55218841719058	-0.0111122936414099	0.494112318865743	0.616964191214067	0.997874055824825	0.673748707598756	0.998732479086587	k__Bacteria|p__Firmicutes|c__Negativicutes|o__Veillonellales|f__Veillonellaceae|g__Megasphaera|s__Megasphaera_stantonii
-2.63468758504688	-2.63322049054257	-2.63789670252961	-0.0543222565207788	4.50935207673403	-0.00798003892687702	0.496264432888948	0.628730889812245	0.998002804983949	0.71369879356365	1	k__Bacteria|p__Firmicutes|c__Clostridia|o__Clostridiales|f__Ruminococcaceae|g__Flavonifractor|s__Flavonifractor_sp_An10
-2.64221910283255	-2.65979447475351	-2.61444743167383	0.0833998264509148	4.59060111974556	0.0131725625095099	0.493432971042561	0.699357149366467	0.998046199036726	0.715504619856004	0.99670463225831	k__Bacteria|p__Actinobacteria|c__Actinobacteria|o__Micrococcales|f__Micrococcales_unclassified|g__Tropheryma|s__Tropheryma_whipplei
-0.96515732900218	-0.547877892570614	-1.40529263476601	-0.971351363829749	12.9805756310524	-0.0809859939272367	0.444519927776269	0.170479412214198	0.998072602992433	0.23866522172242	0.999748269916118	k__Bacteria|p__Firmicutes|c__Negativicutes|o__Veillonellales|f__Veillonellaceae|g__Veillonella|s__Veillonella_infantium
-2.59477391349964	-2.5732574972093	-2.62988333154987	-0.0741148228492623	4.55450160127606	-0.0135763216639513	0.492642064781265	0.524440893758043	0.998076432026082	0.662195246649993	0.999976425252202	k__Bacteria|p__Proteobacteria|c__Gammaproteobacteria|o__Enterobacterales|f__Enterobacteriaceae|g__Kluyvera|s__Kluyvera_ascorbata
-1.97639033864128	-1.77699168362134	-2.26112002784821	-0.652090863601767	8.82514921188769	-0.0622367943321945	0.450181159635314	0.150903920048489	0.998078502053147	0.34724829811143	0.998732479086587	k__Bacteria|p__Firmicutes|c__Bacilli|o__Lactobacillales|f__Lactobacillaceae|g__Lactobacillus|s__Lactobacillus_salivarius
-2.69159836719425	-2.73504613979695	-2.61499685236294	0.0532675999439238	4.51581325930792	0.0106204574522157	0.494112318865743	0.586991535339054	0.998121135317128	0.653499516099829	1	k__Bacteria|p__Firmicutes|c__Tissierellia|o__Tissierellales|f__Peptoniphilaceae|g__Peptoniphilus|s__Peptoniphilus_sp_HMSC062D09
-2.64520149312428	-2.69371153369845	-2.58407638287409	0.129718826004854	4.74009594834255	0.0223178269369456	0.484491736539024	0.610202172812072	0.998140381538486	0.695606671885651	0.995394220557305	k__Bacteria|p__Proteobacteria|c__Betaproteobacteria|o__Burkholderiales|f__Burkholderiaceae|g__Lautropia|s__Lautropia_mirabilis
-2.69428566304042	-2.72044551658023	-2.65683638635315	0.024138205349983	4.48197060885443	0.00371137455773902	0.496829710158476	0.685300905971474	0.998179248730685	0.760176889028353	1	k__Bacteria|p__Firmicutes|c__Clostridia|o__Clostridiales|f__Lachnospiraceae|g__Cellulosilyticum|s__Cellulosilyticum_lentocellum
-2.66380535958427	-2.67633255964573	-2.64833815361474	-0.0659178311540476	4.37269726023421	-0.0149958412837227	0.493094860794725	0.743620224887694	0.998179248730685	0.759054840989867	1	k__Bacteria|p__Actinobacteria|c__Actinobacteria|o__Bifidobacteriales|f__Bifidobacteriaceae|g__Bifidobacterium|s__Bifidobacterium_catenulatum
-2.59294168887211	-2.5779532778827	-2.61644960942466	-0.0735055289311752	4.59525461778174	-0.0144948688590588	0.492753623219378	0.589443849089441	0.998210589128625	0.680503005506555	0.999032216469529	k__Bacteria|p__Firmicutes|c__Clostridia|o__Clostridiales|f__Ruminococcaceae|g__Ruminococcus|s__Ruminococcus_sp_CAG_563
-2.65024972645147	-2.72310081373502	-2.55149395802079	0.159723366245638	4.51171616545979	0.0307893669198286	0.483242753694877	0.600072512445157	0.998326241850455	0.635327258755642	0.997258659087961	k__Bacteria|p__Firmicutes|c__Bacilli|o__Lactobacillales|f__Lactobacillaceae|g__Pediococcus|s__Pediococcus_pentosaceus
-2.48786693114463	-2.36376758207552	-2.65736367354034	-0.314848136640311	4.97834313035964	-0.0465244178659276	0.471813448162435	0.353163941356487	0.998336359191763	0.531606032228269	1	k__Bacteria|p__Firmicutes|c__Bacilli|o__Lactobacillales|f__Enterococcaceae|g__Enterococcus|s__Enterococcus_faecalis
-2.68202869225541	-2.68954981080661	-2.67152276223105	-0.0344481631020113	4.4995040703767	-0.00512873599812146	0.496376811609686	0.687868402957593	0.998358725643323	0.740004879144996	1	k__Bacteria|p__Proteobacteria|c__Betaproteobacteria|o__Neisseriales|f__Neisseriaceae|g__Eikenella|s__Eikenella_corrodens
-2.67806277697888	-2.65595950150828	-2.69943763699928	-0.129386661168168	4.41404496647852	-0.0263246608958172	0.4884510870059	0.697824728670189	0.99845974050761	0.723003022659848	0.996925242423201	k__Bacteria|p__Firmicutes|c__Bacilli|o__Lactobacillales|f__Streptococcaceae|g__Streptococcus|s__Streptococcus_sp_HMSC034E03
-2.5486102165331	-2.52718148159572	-2.58467617199715	-0.128659800840607	4.83232933060075	-0.0204972629820752	0.486186594261972	0.469095500846389	0.998467449835467	0.662064526616572	1	k__Bacteria|p__Proteobacteria|c__Betaproteobacteria|o__Burkholderiales|f__Comamonadaceae|g__Comamonas|s__Comamonas_kerstersii
-2.64392728334172	-2.69451105727222	-2.58958046292437	0.0652289014198484	4.44266537336228	0.0115578800512322	0.493547656808185	0.699072759394869	0.998469326326299	0.677248436765649	0.995181511329957	k__Bacteria|p__Firmicutes|c__Clostridia|o__Clostridiales|f__Clostridiaceae|g__Clostridium|s__Clostridium_butyricum
-2.58825255662522	-2.64541834889053	-2.51121413040677	0.0814072584372774	5.00030271499633	0.0124620767823372	0.492527173944984	0.622386993052737	0.998548522565391	0.659915617990815	0.996925242423201	k__Bacteria|p__Firmicutes|c__Firmicutes_unclassified|o__Firmicutes_unclassified|f__Firmicutes_unclassified|g__Firmicutes_unclassified|s__Firmicutes_bacterium_CAG_94
-2.64102916013293	-2.6656194383723	-2.60838539938536	0.0255083174221831	4.42117523131854	0.00520678258615803	0.4973964229226	0.682815263190945	0.998626365347628	0.743359247041559	0.997506922551205	k__Bacteria|p__Firmicutes|c__Bacilli|o__Lactobacillales|f__Leuconostocaceae|g__Weissella|s__Weissella_viridescens
-2.60790352013678	-2.64580843626517	-2.54243421019154	0.105015895486567	4.50729880238548	0.019316207170888	0.487998188457114	0.606669769479586	0.998628803747477	0.696040512653353	0.992814423067505	k__Bacteria|p__Firmicutes|c__Bacilli|o__Lactobacillales|f__Lactobacillaceae|g__Lactobacillus|s__Lactobacillus_pentosus
-2.5192603640067	-2.56476839682881	-2.44839611297699	0.173555283958452	5.03256705441789	0.0254956265800234	0.483922101518052	0.54269667715492	0.998630237243591	0.657801319536237	0.990594512569509	k__Bacteria|p__Bacteroidetes|c__Bacteroidia|o__Bacteroidales|f__Prevotellaceae|g__Prevotella|s__Prevotella_sp_CAG_924
-2.64160753358509	-2.65977670999656	-2.61797310478186	0.0683525785061043	4.59156825418929	0.0103656641139827	0.493774054814915	0.572346849259616	0.998675363524304	0.724188571191532	0.999955508385237	k__Bacteria|p__Bacteroidetes|c__Bacteroidia|o__Bacteroidales|f__Bacteroidaceae|g__Bacteroides|s__Bacteroides_sp_CAG_462
-2.63098056480804	-2.62971413875638	-2.63160917366539	-0.131938332371428	4.56801941500198	-0.0252770829907043	0.485170930559207	0.530674297797436	0.99870556700321	0.707111296849072	0.997923507970079	k__Bacteria|p__Proteobacteria|c__Gammaproteobacteria|o__Enterobacterales|f__Enterobacteriaceae|g__Klebsiella|s__Klebsiella_variicola_CAG_634
-2.63417525904768	-2.71055197047288	-2.51753852278431	0.223356638129131	4.60035655985577	0.0385185750278978	0.479737378397762	0.520583750739607	0.998716115434617	0.612102402047978	1	k__Bacteria|p__Firmicutes|c__Bacilli|o__Bacillales|f__Bacillales_unclassified|g__Gemella|s__Gemella_asaccharolytica
-2.65978279517964	-2.60755174881147	-2.7228102776899	-0.094179183503746	4.45464049648523	-0.0191789444030786	0.490378084713969	0.685719980363596	0.998743734809505	0.70486809273006	0.996078798433459	k__Bacteria|p__Proteobacteria|c__Gammaproteobacteria|o__Enterobacterales|f__Enterobacteriaceae|g__Leclercia|s__Leclercia_adecarboxylata
-2.62790150326777	-2.74385721344775	-2.44958280700814	0.32291008238581	4.79012639307174	0.0549741279398549	0.468870274075072	0.413527856559414	0.998754560226867	0.526193580855448	0.996626601298315	k__Bacteria|p__Fusobacteria|c__Fusobacteriia|o__Fusobacteriales|f__Fusobacteriaceae|g__Fusobacterium|s__Fusobacterium_periodonticum
-2.61532286030689	-2.596704162675	-2.6457023388889	-0.0310819644315501	4.62942858750143	-0.00550433179796263	0.49705615943287	0.728419912627929	0.99876173738967	0.720738575019105	1	k__Bacteria|p__Firmicutes|c__Clostridia|o__Clostridiales|f__Ruminococcaceae|g__Ruminococcus|s__Ruminococcus_obeum_CAG_39
-2.04341064841624	-2.2779811235377	-1.69241066506061	0.874968244489439	11.7589806464009	0.0760009015154675	0.441928911277016	0.185005909457759	0.998774248557483	0.317170982060852	0.982317172357216	k__Bacteria|p__Fusobacteria|c__Fusobacteriia|o__Fusobacteriales|f__Fusobacteriaceae|g__Fusobacterium|s__Fusobacterium_varium
-2.67212922070077	-2.69307523233597	-2.64098795510428	0.106170173073084	4.56077496204645	0.020779642349146	0.487545289908328	0.602254197130719	0.998774248557483	0.722075936380414	0.995349124719496	k__Bacteria|p__Firmicutes|c__Bacilli|o__Lactobacillales|f__Lactobacillaceae|g__Lactobacillus|s__Lactobacillus_sanfranciscensis
-2.62146473263455	-2.67484097056723	-2.54077296709092	0.0727850517713406	4.46645809756791	0.0148019697993678	0.491057278734157	0.719501727413101	0.998774248557483	0.709371774052725	0.99557079533224	k__Bacteria|p__Firmicutes|c__Clostridia|o__Clostridiales|f__Ruminococcaceae|g__Gemmiger|s__Gemmiger_sp_An194
-2.65104628670715	-2.64959869972008	-2.6528486097695	-0.0160770224618894	4.49560994485817	-0.00313701865547786	0.49784921893606	0.629906629773984	0.998788174282919	0.73466868991263	0.997102115379856	k__Bacteria|p__Firmicutes|c__Clostridia|o__Clostridiales|f__Clostridiaceae|g__Clostridium|s__Clostridium_sp_CAG_632
-2.64749318032207	-2.62298454113309	-2.68449085691953	-0.075674453556422	4.49324530465752	-0.0147722080551735	0.49230072467059	0.693032023805397	0.998805022486591	0.742560844327121	0.99646590112828	k__Bacteria|p__Firmicutes|c__Bacilli|o__Lactobacillales|f__Enterococcaceae|g__Enterococcus|s__Enterococcus_cecorum
-2.5978759984662	-2.61300269164425	-2.57299755967025	0.0917398307370618	4.63144825443742	0.0171577247805055	0.490036231926652	0.713624685055273	0.998817290179305	0.704192992174124	0.997786856783892	k__Bacteria|p__Bacteroidetes|c__Bacteroidia|o__Bacteroidales|f__Prevotellaceae|g__Prevotella|s__Prevotella_buccae
-2.66213850883408	-2.67311165794334	-2.64495253893083	-0.0388058618994709	4.46254328954925	-0.00636889981130234	0.494906044848565	0.70916767130586	0.998817290179305	0.729689294158691	0.997998385068169	k__Bacteria|p__Proteobacteria|c__Gammaproteobacteria|o__Pasteurellales|f__Pasteurellaceae|g__Haemophilus|s__Haemophilus_parahaemolyticus
-2.65262489153948	-2.66979685662912	-2.62581149609503	0.000819296160230465	4.58453923368501	0.000148321774761812	0.499886800996634	0.736851610384702	0.998824337434753	0.741547321142227	0.999950336761301	k__Bacteria|p__Firmicutes|c__Negativicutes|o__Veillonellales|f__Veillonellaceae|g__Megasphaera|s__Megasphaera_hexanoica
-2.37105569408436	-2.31253021721055	-2.44551097570895	-0.247271801863112	5.67290562730874	-0.0296867962535424	0.479166666755848	0.414150396005871	0.998881211825026	0.613093675539424	1	k__Bacteria|p__Firmicutes|c__Bacilli|o__Lactobacillales|f__Lactobacillaceae|g__Lactobacillus|s__Lactobacillus_mucosae
-2.58759149035051	-2.55415282437834	-2.62411943171303	-0.191495173258525	4.5559134852073	-0.0312506282675436	0.481322164444844	0.453211775127221	0.998881725995007	0.63047280328165	1	k__Bacteria|p__Firmicutes|c__Clostridia|o__Clostridiales|f__Clostridiales_Family_XIII_Incertae_Sedis|g__Clostridiales_Family_XIII_Incertae_Sedis_unclassified|s__Eubacterium_brachy
-2.68728272984736	-2.70631289885235	-2.66418563986521	-0.0195628999177195	4.45120402013222	-0.00340064476982434	0.497961956530448	0.704193906078328	0.998881725995007	0.744482346094421	1	k__Bacteria|p__Bacteroidetes|c__Bacteroidia|o__Bacteroidales|f__Prevotellaceae|g__Prevotella|s__Prevotella_melaninogenica
-2.6152468508243	-2.55690026929086	-2.68839153757008	-0.162052334472287	4.57392664939209	-0.0337357568963988	0.485280797164403	0.609226366134138	0.998912867608483	0.664440796360698	1	k__Bacteria|p__Actinobacteria|c__Actinobacteria|o__Corynebacteriales|f__Corynebacteriaceae|g__Corynebacterium|s__Corynebacterium_durum
-1.35569074524017	-1.18266089919199	-1.58620716828372	-0.791163708174592	13.1691525151512	-0.0666732612488623	0.450079239518069	0.221886140672334	0.998913304823949	0.333865290290588	0.998880771671583	k__Bacteria|p__Proteobacteria|c__Betaproteobacteria|o__Burkholderiales|f__Sutterellaceae|g__Turicimonas|s__Turicimonas_muris
-2.65474401336972	-2.65784773670132	-2.64737294575147	-0.0194587218065614	4.43606372638028	-0.00367788337300138	0.497170024915869	0.706417581700402	0.998918560555713	0.748918653693156	0.998457293515109	k__Bacteria|p__Proteobacteria|c__Gammaproteobacteria|o__Enterobacterales|f__Erwiniaceae|g__Pantoea|s__Pantoea_dispersa
-2.66234972114757	-2.64089406004215	-2.69824339749696	-0.0435304464401511	4.52285294052704	-0.00861359454828804	0.49501811596332	0.675069869452483	0.99893499309097	0.726942629659412	0.997241420675365	k__Bacteria|p__Proteobacteria|c__Betaproteobacteria|o__Neisseriales|f__Neisseriaceae|g__Neisseria|s__Neisseria_elongata
-2.65206187092589	-2.68341887455757	-2.60750257057562	0.0944944286350928	4.39076550262529	0.017045431534397	0.489809782652259	0.734028417820875	0.99893499309097	0.715352657748196	1	k__Bacteria|p__Firmicutes|c__Bacilli|o__Lactobacillales|f__Leuconostocaceae|g__Weissella|s__Weissella_cibaria
-2.64966811087049	-2.6465097618668	-2.6522540215749	-0.0949499888679313	4.39429586770441	-0.0177242541578796	0.487998188457114	0.65102044800992	0.99896038502522	0.719202197837201	0.99674372520299	k__Bacteria|p__Fusobacteria|c__Fusobacteriia|o__Fusobacteriales|f__Leptotrichiaceae|g__Sneathia|s__Sneathia_amnii
-1.7428590268602	-1.6033664372651	-1.90508420745362	-0.571874222264587	11.6498168825215	-0.0527898496874895	0.45981435380645	0.227359563424992	0.999069436668127	0.457251399450683	1	k__Bacteria|p__Firmicutes|c__Clostridia|o__Clostridiales|f__Lachnospiraceae|g__Blautia|s__Blautia_producta
-2.60782756595906	-2.63700575804081	-2.56539119765621	0.046499007730052	4.54319480442696	0.00808487768398108	0.494906044848565	0.74029012190428	0.999070737814916	0.731058353186726	1	k__Bacteria|p__Firmicutes|c__Clostridia|o__Clostridiales|f__Lachnospiraceae|g__Oribacterium|s__Oribacterium_parvum
-2.51921905973801	-2.45556837142296	-2.63686049471098	-0.249488038514508	5.01377461643832	-0.0393051770667415	0.478713768207069	0.409095035075362	0.999091352576165	0.581746674583553	1	k__Bacteria|p__Bacteroidetes|c__Bacteroidia|o__Bacteroidales|f__Prevotellaceae|g__Prevotella|s__Prevotella_sp_CAG_1185
-2.10978990155981	-2.03518323165737	-2.22014956987295	-0.277841196552846	7.43738195636786	-0.0344359854786037	0.475888612283441	0.42783429328798	0.999121078988942	0.586043725679143	0.995301084383667	k__Bacteria|p__Firmicutes|c__Bacilli|o__Lactobacillales|f__Streptococcaceae|g__Streptococcus|s__Streptococcus_sp_A12
-2.50782832003453	-2.52056571485048	-2.49233684938304	0.015451420975797	5.02590153800039	0.00224345647059478	0.498641304353632	0.783232423491105	0.999132577139903	0.744046046522039	0.997199973916892	k__Bacteria|p__Firmicutes|c__Clostridia|o__Clostridiales|f__Peptostreptococcaceae|g__Peptostreptococcus|s__Peptostreptococcus_stomatis
-2.66438690010564	-2.65805090847407	-2.67086187929621	-0.037767611003078	4.58242031897401	-0.00796602471279462	0.495585238868757	0.771668676653561	0.999132577139903	0.764944811627545	0.994400046181051	k__Bacteria|p__Bacteroidetes|c__Bacteroidia|o__Bacteroidales|f__Bacteroidaceae|g__Bacteroides|s__Bacteroides_sp_CAG_144
-2.68220728694387	-2.65892923700269	-2.71508157973401	-0.119495976576596	4.40185178393831	-0.0216631571171481	0.486186594261972	0.649631702161515	0.999201537573508	0.684756785415291	0.999204914327899	k__Bacteria|p__Proteobacteria|c__Gammaproteobacteria|o__Enterobacterales|f__Enterobacteriaceae|g__Kosakonia|s__Kosakonia_oryzae
-0.528447309763136	-0.872864755694453	0.157667063330528	1.1081535070852	16.169768528127	0.0802980922309264	0.441023319250256	0.147883553946739	0.999202026492591	0.201237205970361	0.996759054119299	k__Bacteria|p__Firmicutes|c__Clostridia|o__Clostridiales|f__Clostridiaceae|g__Clostridium|s__Clostridium_sp_CAG_242
-2.6698665489313	-2.68845083841287	-2.64855237328664	0.0219091345138089	4.4092323085272	0.0030797337776297	0.4973964229226	0.720833129070052	0.999202026492591	0.744656302677933	1	k__Bacteria|p__Proteobacteria|c__Betaproteobacteria|o__Neisseriales|f__Neisseriaceae|g__Neisseria|s__Neisseria_mucosa
-2.55532697300724	-2.55609158152494	-2.55070968138465	-0.0301878891104206	4.74170216646774	-0.00615829252287819	0.497170024915869	0.703106165176545	0.9992056927293	0.768662335960995	0.99766548436708	k__Bacteria|p__Proteobacteria|c__Epsilonproteobacteria|o__Campylobacterales|f__Campylobacteraceae|g__Campylobacter|s__Campylobacter_hominis
-2.56203828692724	-2.48539722030007	-2.66082053239197	-0.153550372268448	4.93698697161052	-0.0269614377839408	0.484491736539024	0.517857235686262	0.999210152991489	0.652224535620769	1	k__Bacteria|p__Actinobacteria|c__Actinobacteria|o__Actinomycetales|f__Actinomycetaceae|g__Actinomyces|s__Actinomyces_sp_oral_taxon_414
-2.64301449503142	-2.6544914053465	-2.62492380020854	0.0920718171917017	4.44400187909138	0.0205840952512653	0.491168478298621	0.65359565823098	0.999210152991489	0.716278482595222	0.998545298580568	k__Bacteria|p__Firmicutes|c__Clostridia|o__Clostridiales|f__Ruminococcaceae|g__Subdoligranulum|s__Subdoligranulum_variabile
-2.0902979568919	-2.01987780231308	-2.19915017909875	-0.40904320157205	7.945060982386	-0.0438096064391108	0.465806159567096	0.421426089352205	0.999243165578463	0.5691029422108	0.99818885860986	k__Bacteria|p__Firmicutes|c__Negativicutes|o__Veillonellales|f__Veillonellaceae|g__Veillonella|s__Veillonella_tobetsuensis
-2.63907222885107	-2.68243692038914	-2.57696468802021	0.0194109780096436	4.46277200103011	0.00415770907304393	0.497961956530448	0.671385693050729	0.999243165578463	0.756929969919087	0.991853004333043	k__Bacteria|p__Firmicutes|c__Negativicutes|o__Veillonellales|f__Veillonellaceae|g__Megasphaera|s__Megasphaera_cerevisiae
-1.75593426838241	-1.91728052534854	-1.51022008698629	0.634183833916785	11.1328591394006	0.0540333816803903	0.45765398568951	0.287785093537786	0.999289610887827	0.407353038610965	0.992920114014496	k__Bacteria|p__Firmicutes|c__Clostridia|o__Clostridiales|f__Clostridiaceae|g__Clostridium|s__Clostridium_disporicum
-2.52408207674447	-2.58129541340245	-2.43310516920224	0.143511471644802	5.21581947188155	0.0185420789978368	0.487998188457114	0.658076084268806	0.999289610887827	0.661089863403789	0.992632939244726	k__Bacteria|p__Firmicutes|c__Clostridia|o__Clostridiales|f__Lachnospiraceae|g__Lachnospiraceae_unclassified|s__Lachnospiraceae_bacterium_2_1_46FAA
-2.59390371039953	-2.6231943296309	-2.55421692168168	0.0134027811697806	4.62603940662137	0.0031857921817016	0.498414855079238	0.744893305150128	0.999323661838982	0.735252722815242	0.996604029258685	k__Bacteria|p__Firmicutes|c__Clostridia|o__Clostridiales|f__Clostridiales_Family_XIII_Incertae_Sedis|g__Clostridiales_Family_XIII_Incertae_Sedis_unclassified|s__Eubacterium_infirmum
15.0299279166793	15.5301535717198	13.6862608871681	-1.44927406638795	16.7661632367128	-0.0951222976334681	0.422232284696305	0.0735338706143783	0.99935202051997	0.080556530534828	1	k__Bacteria|p__Actinobacteria|c__Actinobacteria|o__Bifidobacteriales|f__Bifidobacteriaceae|g__Bifidobacterium|s__Bifidobacterium_pseudocatenulatum
-2.69604346110777	-2.67137110732363	-2.73291564024159	-0.0536631110922556	4.55044922985108	-0.0103889147212584	0.493885869591348	0.582597265272278	0.999368353590729	0.669961636152856	0.994825765315713	k__Bacteria|p__Firmicutes|c__Negativicutes|o__Veillonellales|f__Veillonellaceae|g__Veillonella|s__Veillonella_rodentium
-2.51985056818824	-2.56300871164237	-2.47131062060615	0.0704530579022489	5.07127165694571	0.0105720051659885	0.493547656808185	0.711042983381551	0.999371663339031	0.711802473150091	0.995652521152642	k__Bacteria|p__Actinobacteria|c__Actinobacteria|o__Bifidobacteriales|f__Bifidobacteriaceae|g__Scardovia|s__Scardovia_wiggsiae
-2.58865421867787	-2.60010710474008	-2.56975249376234	-0.0364291411852555	4.64539711791331	-0.00616281101308765	0.496717228902409	0.764813947296622	0.999397284602202	0.758619153387033	0.996717217544521	k__Bacteria|p__Firmicutes|c__Clostridia|o__Clostridiales|f__Lachnospiraceae|g__Lachnoclostridium|s__Lachnoclostridium_sp_An118
-2.6048769556993	-2.60775560950101	-2.60030137397944	-0.0775017870537553	4.53172617849435	-0.0172984300543025	0.492189268767805	0.547259284152964	0.99940031679248	0.737664121512404	1	k__Bacteria|p__Firmicutes|c__Bacilli|o__Lactobacillales|f__Enterococcaceae|g__Enterococcus|s__Enterococcus_avium
-1.43649914008114	-1.66992022880557	-1.03501650706992	0.91883562563912	12.8865449886966	0.0813664515997226	0.439311594466115	0.199218654718007	0.99940306857831	0.270438587184238	0.997894779878129	k__Bacteria|p__Firmicutes|c__Erysipelotrichia|o__Erysipelotrichales|f__Erysipelotrichaceae|g__Dielma|s__Dielma_fastidiosa
-2.63371124581417	-2.5941462358438	-2.68824598214176	-0.0641085245058992	4.42981428773155	-0.0120182691471808	0.493659420316955	0.652763762636249	0.99940306857831	0.689802642180655	1	k__Bacteria|p__Actinobacteria|c__Actinobacteria|o__Micrococcales|f__Micrococcaceae|g__Rothia|s__Rothia_dentocariosa
-2.65223196357328	-2.69053139475701	-2.59805131218191	0.120966090608629	4.69225388930739	0.0203306827987837	0.488114104646677	0.559466118347919	0.99940306857831	0.638910802986074	0.99704212654228	k__Bacteria|p__Bacteroidetes|c__Bacteroidia|o__Bacteroidales|f__Prevotellaceae|g__Prevotella|s__Prevotella_sp_CAG_5226
-2.52908233731758	-2.57754472703473	-2.46561200685965	0.133063357326797	5.02211952900281	0.0190675208779784	0.488903985554686	0.702523221122331	0.99940306857831	0.690994237106011	0.996058927426012	k__Bacteria|p__Firmicutes|c__Bacilli|o__Lactobacillales|f__Streptococcaceae|g__Lactococcus|s__Lactococcus_lactis
-2.66216341315612	-2.64127108517372	-2.69926718438409	-0.0904401560163581	4.41072893579449	-0.019933187437306	0.489130434829079	0.672282627801461	0.999409776111817	0.696880904157581	0.99806221087391	k__Bacteria|p__Firmicutes|c__Bacilli|o__Lactobacillales|f__Streptococcaceae|g__Streptococcus|s__Streptococcus_agalactiae
11.3319128704107	12.0115620678389	9.64233632379843	-1.35146506364815	15.0829014653023	-0.0969014747277637	0.425628254796215	0.059644432771385	0.999429180909982	0.10992453760132	1	k__Bacteria|p__Proteobacteria|c__Gammaproteobacteria|o__Pasteurellales|f__Pasteurellaceae|g__Haemophilus|s__Haemophilus_parainfluenzae
-2.391498814667	-2.4229055449949	-2.3529931923163	0.122947630904335	5.64434154258643	0.0158214827903138	0.487661308633219	0.657574568301628	0.999462582892873	0.7228160581676	0.994761706940381	k__Bacteria|p__Firmicutes|c__Negativicutes|o__Selenomonadales|f__Selenomonadaceae|g__Megamonas|s__Megamonas_rupellensis
-2.62727193272892	-2.64891019705085	-2.59568875417997	0.0598396864118342	4.41021808840458	0.00961172075226331	0.494679646841835	0.720888440365407	0.999497547069183	0.738827007535661	1	k__Bacteria|p__Firmicutes|c__Clostridia|o__Clostridiales|f__Lachnospiraceae|g__Roseburia|s__Roseburia_sp_CAG_309
-2.28071196723116	-2.1891875621896	-2.39682514299433	-0.432740534349676	6.07907396554461	-0.0562592456593643	0.460946343840011	0.331195433485919	0.999499812128237	0.516171486061676	0.999886660422787	k__Bacteria|p__Firmicutes|c__Bacilli|o__Bacillales|f__Bacillales_unclassified|g__Gemella|s__Gemella_morbillorum
-2.58163672047151	-2.6364859857242	-2.4854600170499	0.1709153818615	4.50371458402114	0.0321005994976367	0.482001358465024	0.556619112303497	0.999505824171132	0.6350432222574	0.998107091223241	k__Bacteria|p__Bacteroidetes|c__Flavobacteriia|o__Flavobacteriales|f__Flavobacteriaceae|g__Chryseobacterium|s__Chryseobacterium_sp_VAUSW3
-2.63300289072744	-2.6813625239182	-2.56589232575207	0.13010618695666	4.82776149070795	0.0201468362119896	0.48607652258612	0.558282969492136	0.999514088942026	0.660451451299907	0.999955508385237	k__Bacteria|p__Bacteroidetes|c__Bacteroidia|o__Bacteroidales|f__Bacteroidaceae|g__Bacteroides|s__Bacteroides_sp_CAG_598
-2.66512416327901	-2.68531892739009	-2.63602617920616	0.110208578869974	4.76684629590295	0.0175235425825922	0.490830880727428	0.64765794100269	0.999537038072976	0.715750340414176	0.998429186647502	k__Bacteria|p__Proteobacteria|c__Gammaproteobacteria|o__Enterobacterales|f__Enterobacterales_unclassified|g__Plesiomonas|s__Plesiomonas_shigelloides
-2.4908314506385	-2.47992487528562	-2.51146634122601	-0.0333335506749233	4.90820905268178	-0.00586360508761908	0.496943626909139	0.65954699681903	0.999576390200728	0.753552826062264	0.996742277681149	k__Bacteria|p__Firmicutes|c__Negativicutes|o__Veillonellales|f__Veillonellaceae|g__Dialister|s__Dialister_succinatiphilus
-2.45894400037028	-2.43277766539481	-2.50379693699895	-0.115646428442812	5.2184769451822	-0.0172937077673195	0.488114104646677	0.593450917877516	0.999576390200728	0.694037956224508	1	k__Bacteria|p__Firmicutes|c__Bacilli|o__Lactobacillales|f__Streptococcaceae|g__Streptococcus|s__Streptococcus_mutans
-2.66691255621045	-2.67006001047721	-2.65809983245201	-0.0424639213391487	4.40737906174856	-0.00779084332579234	0.495471014512109	0.744333182788071	0.999596661027234	0.757968271602312	0.998215969393497	k__Bacteria|p__Firmicutes|c__Clostridia|o__Clostridiales|f__Clostridiaceae|g__Clostridium|s__Clostridium_sp_CAG_411
-2.65108860782818	-2.59735431518254	-2.74024736987492	-0.0660869733905383	4.50922422577623	-0.0121567078066895	0.491962870761075	0.601062649409936	0.99964172155947	0.655986084763585	1	k__Bacteria|p__Actinobacteria|c__Actinobacteria|o__Propionibacteriales|f__Propionibacteriaceae|g__Pseudopropionibacterium|s__Pseudopropionibacterium_propionicum
-2.69025139594699	-2.73051350009689	-2.6301205300335	0.027023835792841	4.43150032787426	0.00329325946496665	0.4973964229226	0.761010893277973	0.99964172155947	0.710235367603853	1	k__Bacteria|p__Actinobacteria|c__Coriobacteriia|o__Eggerthellales|f__Eggerthellaceae|g__Slackia|s__Slackia_exigua
-2.63229040425239	-2.59257129198379	-2.68737849100654	-0.0658332574592713	4.3900450299998	-0.0110152994519717	0.492753623219378	0.626142021805751	0.99964172155947	0.701401054708684	1	k__Bacteria|p__Proteobacteria|c__Gammaproteobacteria|o__Enterobacterales|f__Enterobacteriaceae|g__Raoultella|s__Raoultella_ornithinolytica
-2.63257013507346	-2.62844559012004	-2.6379016826557	-0.0268071706627993	4.39156242326233	-0.00729538649825139	0.496603260884081	0.666207261988919	0.99964172155947	0.711259174547903	1	k__Bacteria|p__Firmicutes|c__Clostridia|o__Clostridiales|f__Lachnospiraceae|g__Lachnoclostridium|s__Lachnoclostridium_sp_An14
-2.6373880986505	-2.68284776304311	-2.57627195358067	0.0810655333548276	4.33162808565839	0.0152000310353522	0.492980072493772	0.753084775007767	0.99964172155947	0.704709715400033	1	k__Bacteria|p__Proteobacteria|c__Gammaproteobacteria|o__Enterobacterales|f__Enterobacteriaceae|g__Kosakonia|s__Kosakonia_sp_S29
-2.64410505104491	-2.62423376383997	-2.67542364162049	-0.114035279671636	4.72381701807556	-0.0210822185376564	0.48686594208515	0.599551559641583	0.999686360396059	0.683782919112655	1	k__Bacteria|p__Proteobacteria|c__Gammaproteobacteria|o__Enterobacterales|f__Enterobacteriaceae|g__Enterobacter|s__Enterobacter_bugandensis
-2.48509230030908	-2.42245964859602	-2.58315858046854	-0.252903284918318	5.17259501146743	-0.0340650481948817	0.475769927640017	0.405116229878993	0.999686360396059	0.609280100821351	1	k__Bacteria|p__Firmicutes|c__Negativicutes|o__Veillonellales|f__Veillonellaceae|g__Dialister|s__Dialister_pneumosintes
-2.58460356454066	-2.53414951417632	-2.66585097627301	-0.160111409394792	4.6666055075365	-0.0279076287534812	0.482227756471751	0.46978252630695	0.999717502817998	0.632835398683072	1	k__Bacteria|p__Firmicutes|c__Bacilli|o__Lactobacillales|f__Carnobacteriaceae|g__Granulicatella|s__Granulicatella_adiacens
-0.60982491683003	-0.173644411190159	-1.09059638871115	-0.962676259550152	10.7606866261525	-0.0971791774438165	0.439764493014817	0.190868675419684	0.999717502817998	0.231319264452617	1	k__Bacteria|p__Actinobacteria|c__Coriobacteriia|o__Eggerthellales|f__Eggerthellaceae|g__Enterorhabdus|s__Enterorhabdus_caecimuris
-2.53297210021321	-2.51347046045726	-2.56281895765462	-0.152143926043097	4.74183898282739	-0.0255151579910464	0.482336956597312	0.534512496502929	0.999744100174805	0.65430543908151	0.998093668857559	k__Bacteria|p__Firmicutes|c__Bacilli|o__Lactobacillales|f__Lactobacillaceae|g__Lactobacillus|s__Lactobacillus_crispatus
15.0165336146636	14.9172241793468	15.206055672689	0.225621901820586	4.83826103399653	0.0236453280038245	0.477807971109512	0.0756150674132574	0.999748180482749	0.559608370748467	1	k__Bacteria|p__Firmicutes|c__Clostridia|o__Clostridiales|f__Eubacteriaceae|g__Eubacterium|s__Eubacterium_hallii
-2.68992113767337	-2.67725502483346	-2.7051702369312	-0.0442157813496298	4.45222516031606	-0.00717643523583457	0.496038034882217	0.686641951400506	0.999761487173899	0.741334938786495	1	k__Bacteria|p__Proteobacteria|c__Gammaproteobacteria|o__Enterobacterales|f__Enterobacteriaceae|g__Cronobacter|s__Cronobacter_dublinensis
-2.49951871990258	-2.50326594617141	-2.49140341513463	-0.128120324630617	5.15323782199928	-0.017100920489803	0.490036231926652	0.595295281966249	0.999769933784881	0.699392144013785	1	k__Bacteria|p__Firmicutes|c__Negativicutes|o__Selenomonadales|f__Selenomonadaceae|g__Mitsuokella|s__Mitsuokella_jalaludinii
-1.9106601539731	-1.75308968891151	-2.13619393548275	-0.568370124700325	10.5430599242809	-0.0573729311919731	0.455615942220157	0.154234681658537	0.999776476789583	0.395572539288308	1	k__Bacteria|p__Firmicutes|c__Erysipelotrichia|o__Erysipelotrichales|f__Erysipelotrichaceae|g__Erysipelatoclostridium|s__Clostridium_spiroforme
-2.53458205758762	-2.51903850036705	-2.55352638688634	-0.126494109781373	4.95734331074	-0.019602079032962	0.490604482720698	0.7130649062974	0.999778321570694	0.737880677157108	0.997548467618612	k__Bacteria|p__Actinobacteria|c__Actinobacteria|o__Actinomycetales|f__Actinomycetaceae|g__Actinomyces|s__Actinomyces_oris
-2.55759721124538	-2.58472514965277	-2.51331068347653	0.0657173421310873	4.82405454512662	0.0106690277988186	0.493659420316955	0.780855375707556	0.99984367147239	0.724540302708611	0.997987453936762	k__Bacteria|p__Proteobacteria|c__Gammaproteobacteria|o__Enterobacterales|f__Enterobacteriaceae|g__Kluyvera|s__Kluyvera_georgiana
-2.34237800264643	-2.42640732206687	-2.22895769784186	0.337424706081993	6.15521760205725	0.0396411285613265	0.473171836202765	0.417483978922775	0.999870674242815	0.57657049746058	0.998904518792404	k__Bacteria|p__Bacteroidetes|c__Bacteroidia|o__Bacteroidales|f__Rikenellaceae|g__Alistipes|s__Alistipes_onderdonkii
-2.66225193492988	-2.66410978940976	-2.6539188608561	-0.100843019310455	4.45201244967248	-0.01859337871856	0.489583333377866	0.682909330448645	0.999918386220816	0.724676356274577	0.999158607350578	k__Bacteria|p__Firmicutes|c__Bacilli|o__Lactobacillales|f__Streptococcaceae|g__Streptococcus|s__Streptococcus_viridans
-2.6993536994277	-2.72198845707397	-2.66907541542086	0.0481751517141387	4.49311123584475	0.00828884825307035	0.494112318865743	0.707944095610067	0.999935119093219	0.717360139836566	0.997958333445612	k__Bacteria|p__Firmicutes|c__Clostridia|o__Clostridiales|f__Clostridiaceae|g__Clostridium|s__Clostridium_sp_CAG_510
-2.67298398915338	-2.69128263267344	-2.64574180452643	0.0581779378317435	4.35230409534605	0.0104472011005864	0.494112318865743	0.698498129112539	0.999972137656853	0.741596630912752	1	k__Bacteria|p__Actinobacteria|c__Actinobacteria|o__Bifidobacteriales|f__Bifidobacteriaceae|g__Bifidobacterium|s__Bifidobacterium_gallinarum
11.6757969694204	11.8807729224849	11.1579668879817	-0.282026632465506	18.3259524485586	-0.0170437401777794	0.487545289908328	0.853631728058463	1	0.784483368285297	1	k__Bacteria|p__Bacteroidetes|c__Bacteroidia|o__Bacteroidales|f__Bacteroidaceae|g__Bacteroides|s__Bacteroides_dorei
18.4155431725572	18.4378486818647	18.3946989876494	-0.141088324353154	17.2967829426324	-0.0119839865720082	0.485733695713188	0.777521647817594	1	0.807754368732578	1	k__Bacteria|p__Firmicutes|c__Clostridia|o__Clostridiales|f__Eubacteriaceae|g__Eubacterium|s__Eubacterium_eligens
-1.0202232640019	-0.860280021783613	-1.22762258668068	-0.726692377724293	14.458363730534	-0.0536340172793704	0.461399139853437	0.30166364013652	1	0.441056783499591	0.999128731849673	k__Bacteria|p__Firmicutes|c__Clostridia|o__Clostridiales|f__Ruminococcaceae|g__Ruminococcaceae_unclassified|s__Eubacterium_siraeum
20.4106441503789	20.3323475436923	20.5828917682379	0.113150006529061	3.54421025340793	0.027377905330686	0.486413043536365	0.246208289389832	1	0.871710058521059	1	k__Bacteria|p__Bacteroidetes|c__Bacteroidia|o__Bacteroidales|f__Bacteroidaceae|g__Bacteroides|s__Bacteroides_uniformis
19.9693154460886	19.7910541785258	20.0977674463026	0.217860480223049	2.64601074570945	0.044883241402571	0.457323975732637	0.412003779250926	1	0.36523429493305	1	k__Bacteria|p__Firmicutes|c__Clostridia|o__Clostridiales|f__Ruminococcaceae|g__Faecalibacterium|s__Faecalibacterium_prausnitzii
14.7043078032928	14.5521298145723	15.028122133383	0.636789268842022	16.467608524756	0.0470440373569453	0.455389492945785	0.516194528881519	1	0.310947660014103	1	k__Bacteria|p__Firmicutes|c__Clostridia|o__Clostridiales|f__Lachnospiraceae|g__Roseburia|s__Roseburia_hominis
16.6179048606408	18.2477157617199	13.4850374462502	-1.21375576076161	19.4050603642615	-0.0772400777666872	0.419384058324702	0.141466629344095	1	0.0819569189892134	1	k__Bacteria|p__Bacteroidetes|c__Bacteroidia|o__Bacteroidales|f__Rikenellaceae|g__Alistipes|s__Alistipes_putredinis
12.6382220049309	12.7615329714302	12.511080999315	-0.905203993735896	17.0442195637673	-0.0582449212825347	0.463889517927292	0.38844643401432	1	0.426698005710921	1	k__Bacteria|p__Bacteroidetes|c__Bacteroidia|o__Bacteroidales|f__Bacteroidaceae|g__Bacteroides|s__Bacteroides_fragilis
13.0575868384866	13.6881534275095	12.1274110974112	-0.597902857631757	18.4151921233146	-0.03797182165447	0.468643876068353	0.730488030543323	1	0.654470511105397	1	k__Bacteria|p__Firmicutes|c__Clostridia|o__Clostridiales|f__Ruminococcaceae|g__Ruminococcus|s__Ruminococcus_bicirculans
13.6822304533951	14.0480152667793	12.1343527535301	-1.63829977564722	16.3127585612189	-0.107983782921884	0.425175458782887	0.134367577952698	1	0.100675192205665	1	k__Bacteria|p__Bacteroidetes|c__Bacteroidia|o__Bacteroidales|f__Bacteroidaceae|g__Bacteroides|s__Bacteroides_intestinalis
17.9136398449534	17.8880045883183	18.0320216481425	0.266920163747361	3.75866715251875	0.0516013575020916	0.468976449408447	0.575238865626025	1	0.467595659365154	1	k__Bacteria|p__Bacteroidetes|c__Bacteroidia|o__Bacteroidales|f__Bacteroidaceae|g__Bacteroides|s__Bacteroides_thetaiotaomicron
16.6299302239888	16.5245334067628	16.7690400945621	0.453581604270648	5.76007220157145	0.0539712695697377	0.462409420451403	0.29181796055218	1	0.429835846949341	1	k__Bacteria|p__Bacteroidetes|c__Bacteroidia|o__Bacteroidales|f__Bacteroidaceae|g__Bacteroides|s__Bacteroides_ovatus
15.6431550821522	14.9590545520827	16.35174088287	1.18441832089564	11.3279113602896	0.0953111438603054	0.426307448816208	0.153739930486243	1	0.0934961641496291	1	k__Bacteria|p__Firmicutes|c__Clostridia|o__Clostridiales|f__Lachnospiraceae|g__Blautia|s__Ruminococcus_gnavus
-1.1548788716424	-1.11739520613617	-1.2046086634584	-0.0309080438340583	18.5332780846637	-0.00164770631850312	0.498528412956252	0.885532426817305	1	0.800123911990351	1	k__Bacteria|p__Firmicutes|c__Clostridia|o__Clostridiales|f__Eubacteriaceae|g__Eubacterium|s__Eubacterium_sp_CAG_251
15.9820252720664	16.1465569752286	15.8233142369531	-0.294698524858149	14.5188552356604	-0.0247169374155634	0.464447463920813	0.850136773923851	1	0.462561371483869	1	k__Bacteria|p__Firmicutes|c__Clostridia|o__Clostridiales|f__Lachnospiraceae|g__Dorea|s__Dorea_longicatena
16.2444650685276	16.1946100964542	16.4093036258257	0.145514930918885	3.70287135630668	0.0328511551191042	0.482336956597312	0.616085928678846	1	0.664130605961491	1	k__Bacteria|p__Firmicutes|c__Clostridia|o__Clostridiales|f__Ruminococcaceae|g__Flavonifractor|s__Flavonifractor_plautii
17.8752014152744	17.6985069788976	18.0737882994578	0.595271346687825	3.45065902626584	0.111108281855681	0.426630435103037	0.21016637042554	1	0.101148668456954	1	k__Bacteria|p__Bacteroidetes|c__Bacteroidia|o__Bacteroidales|f__Tannerellaceae|g__Parabacteroides|s__Parabacteroides_distasonis
15.6670672311691	15.9163003494908	15.3773148861855	-0.303648966068251	3.85063564162109	-0.0611988342157345	0.469323070088511	0.409839244342849	1	0.448922622384534	1	k__Bacteria|p__Firmicutes|c__Clostridia|o__Clostridiales|f__Lachnospiraceae|g__Blautia|s__Blautia_wexlerae
14.8950153131473	15.1434756887947	14.5949976164271	-0.640095962638471	17.1141146091362	-0.040711497250097	0.465579710292715	0.310230232905962	1	0.383778138865218	1	k__Bacteria|p__Actinobacteria|c__Actinobacteria|o__Bifidobacteriales|f__Bifidobacteriaceae|g__Bifidobacterium|s__Bifidobacterium_longum
16.6271269995406	16.8722562758516	16.2340161630741	-0.782971338634411	5.93547389892124	-0.0738662410083057	0.411591578383922	0.370796398958444	1	0.0514263079634225	1	k__Bacteria|p__Firmicutes|c__Clostridia|o__Clostridiales|f__Lachnospiraceae|g__Fusicatenibacter|s__Fusicatenibacter_saccharivorans
-0.270543198060798	0.0700342393716316	-0.663316393069943	-1.15778462202601	15.7423472518141	-0.0768455318925421	0.445098483370714	0.225052584620448	1	0.271319811416838	1	k__Bacteria|p__Proteobacteria|c__Betaproteobacteria|o__Burkholderiales|f__Sutterellaceae|g__Parasutterella|s__Parasutterella_excrementihominis
14.4560634666975	14.8505476296283	13.9633686236262	-0.941809931961224	16.1094717780737	-0.064062036547288	0.438759339183381	0.114838239898417	1	0.225534832404148	1	k__Bacteria|p__Firmicutes|c__Firmicutes_unclassified|o__Firmicutes_unclassified|f__Firmicutes_unclassified|g__Firmicutes_unclassified|s__Firmicutes_bacterium_CAG_83
14.0817162683434	14.2610619026835	13.5423232168181	-0.185431289935758	14.9510718982563	-0.0141142896358523	0.48494453255248	0.841553549541453	1	0.8378568622751	1	k__Bacteria|p__Bacteroidetes|c__Bacteroidia|o__Bacteroidales|f__Odoribacteraceae|g__Butyricimonas|s__Butyricimonas_virosa
14.9195420842423	15.6555844064761	13.4824051830223	-1.32592584286483	17.5810199741332	-0.0902436650096541	0.395970115927436	0.0771048081636779	1	0.023316683721497	0.997474368532123	k__Bacteria|p__Bacteroidetes|c__Bacteroidia|o__Bacteroidales|f__Odoribacteraceae|g__Odoribacter|s__Odoribacter_splanchnicus
17.0951923771829	17.091160285849	17.1011468233819	-0.000596732285972124	3.92952720689477	-3.32346718630643e-05	0.499886800996634	0.0732399789647898	1	0.952469172050644	1	k__Bacteria|p__Firmicutes|c__Clostridia|o__Clostridiales|f__Lachnospiraceae|g__Anaerostipes|s__Anaerostipes_hadrus
15.1214502597254	14.7448940922108	15.4562168203856	0.752865636739909	4.51902998008857	0.0991382394067196	0.417572464130192	0.388755971020894	1	0.0663351465736911	0.999996912777827	k__Bacteria|p__Firmicutes|c__Clostridia|o__Clostridiales|f__Ruminococcaceae|g__Ruthenibacterium|s__Ruthenibacterium_lactatiformans
15.584335296243	15.6267993712812	15.5243251934779	0.0931709041662225	5.01720578336979	0.00990659443922563	0.48777173918272	0.541901275645321	1	0.904397469795811	1	k__Bacteria|p__Firmicutes|c__Clostridia|o__Clostridiales|f__Lachnospiraceae|g__Dorea|s__Dorea_formicigenerans
0.686471210718272	0.405220728037854	1.53809062251197	0.394839449249369	16.9893142661655	0.0282126734434541	0.478152592350685	0.596235472301002	1	0.572863857852995	1	k__Bacteria|p__Firmicutes|c__Clostridia|o__Clostridiales|f__Clostridiaceae|g__Clostridium|s__Clostridium_sp_CAG_299
16.5380896522971	16.2803552185381	16.7448928863827	0.555491059877066	5.62308148152368	0.0700141585998024	0.461503623353892	0.720702272667422	1	0.346472311519478	1	k__Bacteria|p__Proteobacteria|c__Gammaproteobacteria|o__Enterobacterales|f__Enterobacteriaceae|g__Escherichia|s__Escherichia_coli
-1.7870307244185	-1.84892660840357	-1.69310666364578	0.0801348488044802	12.8888175967556	0.00770408963658963	0.494679646841835	0.858448408632171	1	0.774084062737266	1	k__Bacteria|p__Bacteroidetes|c__Bacteroidia|o__Bacteroidales|f__Barnesiellaceae|g__Coprobacter|s__Coprobacter_secundus
15.7443783717153	15.5650406802844	15.9252229049905	0.478995369162792	3.54724829872748	0.0688308264936337	0.433423913333111	0.249230370094066	1	0.180852854330293	1	k__Bacteria|p__Firmicutes|c__Clostridia|o__Clostridiales|f__Ruminococcaceae|g__Agathobaculum|s__Agathobaculum_butyriciproducens
-0.662456351627039	-0.638466093872564	-0.696238673760117	-0.0837554077314584	15.9462527794189	-0.00606777459112202	0.495697463786503	0.858141518479722	1	0.832902182476826	1	k__Bacteria|p__Firmicutes|c__Clostridia|o__Clostridiales|f__Clostridiaceae|g__Clostridium|s__Clostridium_sp_CAG_58
13.5448207067227	13.5497513772678	13.5375891211858	0.184156625983764	11.731183822381	0.016962967235244	0.482906950491932	0.166533024039812	1	0.656216524831958	1	k__Bacteria|p__Proteobacteria|c__Deltaproteobacteria|o__Desulfovibrionales|f__Desulfovibrionaceae|g__Bilophila|s__Bilophila_wadsworthia
11.5535464965298	12.0038338560997	10.839430418872	-0.880616113212952	14.2935970926163	-0.067907080619232	0.440344125230191	0.474363234996101	1	0.20071976160393	1	k__Bacteria|p__Firmicutes|c__Erysipelotrichia|o__Erysipelotrichales|f__Erysipelotrichaceae|g__Holdemania|s__Holdemania_filiformis
12.0893671210955	11.7404659359256	12.2297096671133	0.0396623732389463	13.1486811431573	0.00313542691262886	0.4973964229226	0.819215385152728	1	0.954239792547202	1	k__Bacteria|p__Firmicutes|c__Clostridia|o__Clostridiales|f__Lachnospiraceae|g__Lachnoclostridium|s__Clostridium_citroniae
9.6251461847314	9.53705111953716	9.92270287284122	0.0411992693723802	14.5596093903309	0.00330213433875314	0.49784921893606	0.864913046657795	1	0.87147245391306	1	k__Bacteria|p__Firmicutes|c__Clostridia|o__Clostridiales|f__Ruminococcaceae|g__Anaerotruncus|s__Anaerotruncus_colihominis
-0.425777750194035	-0.238956466173555	-0.682141676082786	-0.432928430308539	13.061884611327	-0.0339562050173379	0.475662214276717	0.646060853217829	1	0.592384848662407	1	k__Bacteria|p__Bacteroidetes|c__Bacteroidia|o__Bacteroidales|f__Bacteroidaceae|g__Bacteroides|s__Bacteroides_nordii
14.3569125105849	14.5996889198984	13.9461816524385	-0.653402896811491	13.8899421720926	-0.0564038847040313	0.444192891343937	0.937236543845873	1	0.24998359125866	1	k__Bacteria|p__Firmicutes|c__Clostridia|o__Clostridiales|f__Lachnospiraceae|g__Blautia|s__Blautia_obeum
13.562026283873	13.0957120967514	14.4690960280759	0.779119779820333	7.17554908345313	0.0775984175037453	0.445777677390799	0.228321183816613	1	0.207526006284673	1	k__Bacteria|p__Firmicutes|c__Clostridia|o__Clostridiales|f__Lachnospiraceae|g__Lachnoclostridium|s__Clostridium_bolteae
-1.97725488200664	-2.14698265701759	-1.69184209666409	0.395405785051882	10.9439519349489	0.0415078941520081	0.469429347957214	0.527929632786862	1	0.530421366388898	0.995761840051886	k__Bacteria|p__Bacteroidetes|c__Bacteroidia|o__Bacteroidales|f__Tannerellaceae|g__Parabacteroides|s__Parabacteroides_gordonii
-1.47699758818086	-1.73356433926968	-1.05695853974754	1.04706031866281	14.8656824096877	0.078771632148325	0.435914855350891	0.18962124130004	1	0.248419079340275	0.997911752820778	k__Bacteria|p__Firmicutes|c__Clostridia|o__Clostridiales|f__Lachnospiraceae|g__Blautia|s__Blautia_hansenii
1.85190468495098	7.57842250330752	0.0401241229640963	-1.15668618112845	14.3386550891305	-0.085938303793344	0.443966493337243	0.155575738173162	1	0.219026206345981	1	k__Bacteria|p__Firmicutes|c__Clostridia|o__Clostridiales|f__Ruminococcaceae|g__Ruminococcaceae_unclassified|s__Clostridium_leptum
11.5043304210519	11.4787597414621	11.5111322200314	-0.051561944199066	15.2732238462749	-0.00299332417840148	0.498075616942791	0.91014630869233	1	0.86076775811077	1	k__Bacteria|p__Bacteroidetes|c__Bacteroidia|o__Bacteroidales|f__Prevotellaceae|g__Prevotella|s__Prevotella_copri
10.2245244340117	10.46975997605	9.90741334501064	-0.104528111070838	15.1220884809429	-0.00784131144773089	0.494226850828375	0.896980554124912	1	0.856736607338625	1	k__Bacteria|p__Bacteroidetes|c__Bacteroidia|o__Bacteroidales|f__Rikenellaceae|g__Alistipes|s__Alistipes_indistinctus
-2.22173294838126	-2.2642871819666	-2.1669063823569	0.156055733924491	6.70129359037025	0.0174751208105554	0.487998188457114	0.709552766404891	1	0.718464320601965	0.998192728369182	k__Bacteria|p__Firmicutes|c__Clostridia|o__Clostridiales|f__Ruminococcaceae|g__Ruminococcaceae_unclassified|s__Ruminococcaceae_bacterium_D5
11.3396524247718	11.5449577211409	11.1585146823624	-0.408871466153775	12.6590493162851	-0.0349839529473015	0.470108695780366	0.467350403239229	1	0.460983133049668	1	k__Bacteria|p__Actinobacteria|c__Coriobacteriia|o__Eggerthellales|f__Eggerthellaceae|g__Gordonibacter|s__Gordonibacter_pamelaeae
-1.33202080377809	-1.20588234993797	-1.4736011646253	-0.315345993628457	11.9124233663707	-0.0291139105715734	0.478378990357409	0.532528678250623	1	0.60325483568782	1	k__Bacteria|p__Firmicutes|c__Clostridia|o__Clostridiales|f__Ruminococcaceae|g__Anaeromassilibacillus|s__Anaeromassilibacillus_sp_An250
-1.26426535647536	-1.38420565489208	-1.08046409391431	0.28047494726289	13.0959267096291	0.0227633575290916	0.480298913127797	0.70616247963722	1	0.689185645564058	1	k__Bacteria|p__Firmicutes|c__Clostridia|o__Clostridiales|f__Lachnospiraceae|g__Eisenbergiella|s__Eisenbergiella_tayi
7.57686216113126	8.42928603242157	1.10739852400513	-0.936318132325344	15.0101636784389	-0.067077395301206	0.446557971245504	0.357209984795801	1	0.264329354984818	1	k__Bacteria|p__Actinobacteria|c__Coriobacteriia|o__Eggerthellales|f__Eggerthellaceae|g__Adlercreutzia|s__Adlercreutzia_equolifaciens
9.67729343216712	9.99432328026177	8.96618899710579	0.159303072633782	14.0097259074739	0.0142889851403078	0.489019696673593	0.870355525578534	1	0.833521924837472	1	k__Bacteria|p__Firmicutes|c__Clostridia|o__Clostridiales|f__Clostridiales_unclassified|g__Lawsonibacter|s__Lawsonibacter_asaccharolyticus
10.3211509496847	10.697911845974	9.7383717615149	-1.28775386179406	14.5565658402567	-0.093891051248914	0.433650362607453	0.216791432907073	1	0.144513106821838	1	k__Bacteria|p__Firmicutes|c__Clostridia|o__Clostridiales|f__Clostridiales_unclassified|g__Intestinimonas|s__Intestinimonas_butyriciproducens
11.2851821374632	11.0012461031571	11.5075332989351	0.604299723438638	14.4998186389277	0.0460271624438025	0.463663119920577	0.3379213094265	1	0.447991586698241	1	k__Bacteria|p__Firmicutes|c__Clostridia|o__Clostridiales|f__Lachnospiraceae|g__Lachnoclostridium|s__Clostridium_symbiosum
13.0854988580544	12.7837201970473	13.446259017478	0.114629584872554	13.5895355012456	0.0096841643268223	0.492189268767805	0.75470481713262	1	0.857107507980776	1	k__Bacteria|p__Actinobacteria|c__Coriobacteriia|o__Eggerthellales|f__Eggerthellaceae|g__Eggerthella|s__Eggerthella_lenta
-0.72755477867805	-1.04712085640319	-0.265568806958148	0.472304415792621	13.9668810916447	0.0360423621145768	0.473505434896146	0.701120803685397	1	0.658316962115088	1	k__Bacteria|p__Firmicutes|c__Clostridia|o__Clostridiales|f__Clostridiaceae|g__Clostridium|s__Clostridium_bolteae_CAG_59
-1.20034864717372	-1.55290008109249	-0.600899689297695	0.890411549093503	15.5202378515615	0.064746817248145	0.448822463989127	0.251808521853862	1	0.288223971917704	0.99509638664926	k__Bacteria|p__Firmicutes|c__Clostridia|o__Clostridiales|f__Lachnospiraceae|g__Blautia|s__Blautia_sp_CAG_257
11.6981467403573	11.8470157777346	11.0295036487765	-0.217162476860331	14.7105055325514	-0.0166604605639703	0.485170930559207	0.53253364875826	1	0.741269186175954	1	k__Bacteria|p__Firmicutes|c__Clostridia|o__Clostridiales|f__Peptostreptococcaceae|g__Intestinibacter|s__Intestinibacter_bartlettii
-2.04404677373808	-2.00769494224429	-2.10700636480785	-0.26412196201098	8.52947671077133	-0.0312159077555339	0.480525362402187	0.652018956597789	1	0.683619909770982	1	k__Bacteria|p__Firmicutes|c__Clostridia|o__Clostridiales|f__Clostridiales_unclassified|g__Clostridiales_unclassified|s__Clostridiales_bacterium_1_7_47FAA
11.3719095327539	11.0939050561208	11.757139223837	0.533885174905781	13.8178052208921	0.040197342094981	0.474983020256547	0.761315992537395	1	0.684174499623178	1	k__Bacteria|p__Firmicutes|c__Clostridia|o__Clostridiales|f__Clostridiaceae|g__Hungatella|s__Hungatella_hathewayi
-2.45463815926498	-2.45007609029549	-2.45941215174233	-0.0655521067517224	5.34991967592627	-0.00938991185658453	0.492642064781265	0.661160994612547	1	0.735781681482248	0.998190823820108	k__Bacteria|p__Firmicutes|c__Clostridia|o__Clostridiales|f__Clostridiales_unclassified|g__Monoglobus|s__Monoglobus_pectinilyticus
0.399870554837626	-0.132485369199419	1.84162363648821	0.543794263061642	13.6328457979184	0.0422575868588303	0.470561594329134	0.554812712177083	1	0.562473030082496	1	k__Bacteria|p__Firmicutes|c__Clostridia|o__Clostridiales|f__Lachnospiraceae|g__Lachnoclostridium|s__Clostridium_aldenense
10.2719167516192	10.3223534301961	10.1360028906354	0.239393845349952	15.0175860092232	0.0185104268589388	0.487998188457114	0.897572998677503	1	0.860027972282367	1	k__Bacteria|p__Firmicutes|c__Erysipelotrichia|o__Erysipelotrichales|f__Erysipelotrichaceae|g__Erysipelatoclostridium|s__Clostridium_innocuum
16.1641590712786	16.1697486753025	16.1467362917546	-0.0871605688746122	5.35862263217152	-0.0105278807838775	0.49230072467059	0.286486368431146	1	0.945278272634004	1	k__Bacteria|p__Bacteroidetes|c__Bacteroidia|o__Bacteroidales|f__Bacteroidaceae|g__Bacteroides|s__Bacteroides_xylanisolvens
-1.47847088630932	-1.642766866689	-1.19113351019642	0.393468328982111	10.597049923627	0.0380315178907959	0.47554347836563	0.531537746535227	1	0.584739860404301	1	k__Bacteria|p__Firmicutes|c__Clostridia|o__Clostridiales|f__Peptostreptococcaceae|g__Romboutsia|s__Romboutsia_ilealis
0.562444682482095	2.02046735539671	-0.297543598140773	-0.9786785243205	13.9616141356749	-0.0801835223297463	0.435914855350891	0.223080303432646	1	0.196901452808186	1	k__Bacteria|p__Actinobacteria|c__Coriobacteriia|o__Eggerthellales|f__Eggerthellaceae|g__Asaccharobacter|s__Asaccharobacter_celatus
-1.52584208755795	-1.56313215397373	-1.48641416871446	0.0834508014608915	13.8543104892801	0.00725196770969659	0.494453248835105	0.881983850823978	1	0.762695580966204	1	k__Bacteria|p__Firmicutes|c__Clostridia|o__Clostridiales|f__Lachnospiraceae|g__Sellimonas|s__Sellimonas_intestinalis
-2.6265860820756	-2.61778041957075	-2.63915104789417	-0.0655341859680068	4.69674204677455	-0.00988721222112516	0.494565217414531	0.642527227228525	1	0.73303238397863	0.997995229637503	k__Bacteria|p__Bacteroidetes|c__Bacteroidia|o__Bacteroidales|f__Bacteroidaceae|g__Bacteroides|s__Bacteroides_stercorirosoris
11.5496727125976	10.3512019372098	12.2020761400037	1.00301910324947	15.655119583992	0.0697633558068239	0.452672101653349	0.267608659613509	1	0.333033813588156	1	k__Bacteria|p__Bacteroidetes|c__Bacteroidia|o__Bacteroidales|f__Bacteroidaceae|g__Bacteroides|s__Bacteroides_cellulosilyticus
-2.43032038199648	-2.41423600841271	-2.45729275051218	-0.0739046151653504	5.44941446145984	-0.0118140685641459	0.492527173944984	0.709475468571945	1	0.737490834238363	0.998813916526533	k__Bacteria|p__Synergistetes|c__Synergistia|o__Synergistales|f__Synergistaceae|g__Fretibacterium|s__Fretibacterium_fastidiosum
15.0646726737435	15.158447946471	14.9680381632626	-0.517413742743248	3.75415972726881	-0.094128168249683	0.446909667424281	0.203131236507569	1	0.234071538720483	1	k__Bacteria|p__Firmicutes|c__Bacilli|o__Lactobacillales|f__Streptococcaceae|g__Streptococcus|s__Streptococcus_salivarius
17.5461256304491	17.3370933640292	18.1319011308757	0.583036625438565	13.0794819671097	0.039699207960921	0.467391304487767	0.823736532825561	1	0.519740060227515	1	k__Bacteria|p__Firmicutes|c__Clostridia|o__Clostridiales|f__Ruminococcaceae|g__Ruminococcus|s__Ruminococcus_bromii
16.1618869321168	12.8570538337404	18.2006454680364	1.27659519496303	19.2345899846651	0.0766955069821621	0.424496264762901	0.284394414796664	1	0.0960642296501291	0.999996912777827	k__Bacteria|p__Firmicutes|c__Clostridia|o__Clostridiales|f__Lachnospiraceae|g__Lachnospiraceae_unclassified|s__Eubacterium_rectale
15.4484773053336	15.0581269263831	15.9905162753703	0.431462881754914	17.732315496189	0.0284527573669882	0.461503623353892	0.44952670865577	1	0.367076833294099	1	k__Bacteria|p__Firmicutes|c__Clostridia|o__Clostridiales|f__Lachnospiraceae|g__Coprococcus|s__Coprococcus_comes
-1.28961814484143	-1.19308258988041	-1.40709356018727	-0.318150184320341	17.1691584195078	-0.0227750518728663	0.479619565304628	0.557745700861925	1	0.635260324271917	1	k__Bacteria|p__Actinobacteria|c__Actinobacteria|o__Bifidobacteriales|f__Bifidobacteriaceae|g__Bifidobacterium|s__Bifidobacterium_adolescentis
17.8784131343056	17.9809949232571	17.7408310084839	0.12410811532798	10.0234114024188	0.00987230755697203	0.489809782652259	0.331585531675689	1	0.958044445674216	1	k__Bacteria|p__Firmicutes|c__Clostridia|o__Clostridiales|f__Lachnospiraceae|g__Roseburia|s__Roseburia_faecis
-0.198108492232263	0.369836320521737	-0.80406255063221	-0.913958277570801	18.4337513255735	-0.0586157304159498	0.448268055464469	0.336800387043165	1	0.349266106333812	1	k__Bacteria|p__Firmicutes|c__Clostridia|o__Clostridiales|f__Ruminococcaceae|g__Ruminococcus|s__Ruminococcus_lactaris
15.6133234460532	15.7645142316498	15.3125720496551	-0.306386669595359	14.0712566986739	-0.0244479068895203	0.480525362402187	0.855290299656061	1	0.686512007845995	1	k__Bacteria|p__Actinobacteria|c__Coriobacteriia|o__Coriobacteriales|f__Coriobacteriaceae|g__Collinsella|s__Collinsella_aerofaciens
-0.535299458105397	-0.619484757684909	-0.377055217041351	0.487268402878724	18.3159572671426	0.0299313387842102	0.476222826188794	0.549260366192174	1	0.558032162387571	1	k__Bacteria|p__Bacteroidetes|c__Bacteroidia|o__Bacteroidales|f__Bacteroidaceae|g__Bacteroides|s__Bacteroides_eggerthii
-0.916253854927966	-0.942256794595114	-0.878107837633738	-0.346817704819495	11.9678426838384	-0.0292290995783783	0.477128623286346	0.587871800192279	1	0.608903537723426	1	k__Bacteria|p__Firmicutes|c__Bacilli|o__Lactobacillales|f__Streptococcaceae|g__Streptococcus|s__Streptococcus_australis
12.3204531551577	12.7620332562385	9.17612329812248	-0.411783723854288	15.9094917361792	-0.0296247197896447	0.476115010290165	0.471063171419858	1	0.546220330187614	1	k__Bacteria|p__Firmicutes|c__Clostridia|o__Clostridiales|f__Ruminococcaceae|g__Gemmiger|s__Gemmiger_formicilis
13.9974994430516	13.8485898179469	14.0518350936107	0.233625972908652	16.5361089840421	0.0158785120760601	0.484827898615619	0.847593865831017	1	0.730685771489782	1	k__Bacteria|p__Firmicutes|c__Clostridia|o__Clostridiales|f__Eubacteriaceae|g__Eubacterium|s__Eubacterium_ventriosum
10.8476290676998	12.0105583012944	9.36210340913172	-0.745127613685878	16.7649974106598	-0.0448027901054368	0.466606294007889	0.254434301941975	1	0.45182662979305	1	k__Bacteria|p__Bacteroidetes|c__Bacteroidia|o__Bacteroidales|f__Bacteroidaceae|g__Bacteroides|s__Bacteroides_plebeius
-2.34824503435387	-2.27724981787576	-2.45910381885532	-0.265629153523236	5.62062236321855	-0.0319583634072338	0.477926194343959	0.364540736265578	1	0.617342630463123	0.999950336761301	k__Bacteria|p__Firmicutes|c__Clostridia|o__Clostridiales|f__Clostridiaceae|g__Clostridium|s__Clostridium_sp_CAG_253
-2.59176305602721	-2.63800194940294	-2.52930843618475	0.145959635465724	4.66876139838174	0.0231297687690902	0.485280797164403	0.686868643107248	1	0.673547096771313	0.999158607350578	k__Bacteria|p__Proteobacteria|c__Gammaproteobacteria|o__Enterobacterales|f__Morganellaceae|g__Proteus|s__Proteus_mirabilis
11.9099424400111	11.1347778953317	13.0053333980592	0.352773769194875	16.1634812998564	0.0242574717327488	0.471240942152289	0.590816512307439	1	0.52027958460942	1	k__Bacteria|p__Firmicutes|c__Clostridia|o__Clostridiales|f__Lachnospiraceae|g__Coprococcus|s__Coprococcus_catus
-1.80456548569398	-1.78485208749159	-1.83765275008271	-0.152946232978384	11.0717515200713	-0.0143113192278476	0.489019696673593	0.766982491880095	1	0.732569838770891	1	k__Bacteria|p__Firmicutes|c__Bacilli|o__Lactobacillales|f__Streptococcaceae|g__Streptococcus|s__Streptococcus_infantis
-1.26169326398889	-1.17308739210374	-1.37594270337172	-0.434341109127239	13.2285836616278	-0.0342709298973105	0.472826087072987	0.550595775682862	1	0.565921215087857	1	k__Bacteria|p__Firmicutes|c__Bacilli|o__Lactobacillales|f__Streptococcaceae|g__Streptococcus|s__Streptococcus_gordonii
-0.58445144584546	-0.632846159619556	-0.505888211429351	-0.175869286285897	12.9372284548803	-0.0143854728152184	0.4884510870059	0.869811113692062	1	0.722172571747155	1	k__Bacteria|p__Firmicutes|c__Bacilli|o__Lactobacillales|f__Streptococcaceae|g__Streptococcus|s__Streptococcus_mitis
-1.47695423805935	-1.49168371949616	-1.45874537362869	0.209203470630923	11.4114171308106	0.0163725557132531	0.486982114613033	0.720547750653743	1	0.726912626071654	1	k__Bacteria|p__Firmicutes|c__Clostridia|o__Clostridiales|f__Lachnospiraceae|g__Roseburia|s__Roseburia_sp_CAG_471
0.89531639786242	0.0843498401593976	8.66101137278454	0.753572002486219	13.2009393191184	0.060635596801275	0.452343219585094	0.283886023116359	1	0.377069838512347	1	k__Bacteria|p__Firmicutes|c__Bacilli|o__Bacillales|f__Bacillales_unclassified|g__Gemella|s__Gemella_sanguinis
-0.982701298824288	-0.980937940129863	-0.987009526053729	-0.313839571580059	12.8902630728346	-0.0241521327937392	0.483133348498659	0.720204225749299	1	0.661332073896246	1	k__Bacteria|p__Firmicutes|c__Bacilli|o__Lactobacillales|f__Streptococcaceae|g__Streptococcus|s__Streptococcus_oralis
-2.62261776582459	-2.63097546864309	-2.61958245593332	0.022043535398149	4.6949540012849	0.00438667032874892	0.4973964229226	0.70838358256568	1	0.730449907057529	0.998967670701226	k__Bacteria|p__Bacteroidetes|c__Bacteroidia|o__Bacteroidales|f__Prevotellaceae|g__Prevotella|s__Prevotella_sp_CAG_617
13.3875417220866	13.1690602681403	13.6956419234434	0.310186637151057	15.2617513255073	0.0235441060024998	0.481095766438118	0.611428410638268	1	0.638462949100142	1	k__Bacteria|p__Bacteroidetes|c__Bacteroidia|o__Bacteroidales|f__Rikenellaceae|g__Alistipes|s__Alistipes_shahii
-1.99119622095243	-1.91457832720672	-2.0954444578933	-0.223101882858725	9.00236046937621	-0.0208087156354715	0.483469202969269	0.71883513314097	1	0.689407933048813	0.996317894167036	k__Bacteria|p__Proteobacteria|c__Gammaproteobacteria|o__Enterobacterales|f__Enterobacteriaceae|g__Citrobacter|s__Citrobacter_youngae
15.0787489885782	15.2819646932361	14.7070675729473	0.337666354610262	19.0096413027583	0.0209860602814953	0.476115010290165	0.849492230440633	1	0.609061882095177	1	k__Bacteria|p__Bacteroidetes|c__Bacteroidia|o__Bacteroidales|f__Tannerellaceae|g__Parabacteroides|s__Parabacteroides_merdae
-1.99855337877225	-1.92782523270829	-2.09588706796288	-0.201350643033006	8.62752552914143	-0.022379362095542	0.483586144512114	0.542955733632467	1	0.634076264059475	1	k__Bacteria|p__Proteobacteria|c__Gammaproteobacteria|o__Enterobacterales|f__Enterobacteriaceae|g__Citrobacter|s__Citrobacter_freundii
-1.53967246927693	-1.54496193869499	-1.53418183578489	0.0644395003761051	12.0878664137779	0.00554334279208658	0.494112318865743	0.861067353022011	1	0.791531383614485	1	k__Bacteria|p__Firmicutes|c__Bacilli|o__Lactobacillales|f__Streptococcaceae|g__Streptococcus|s__Streptococcus_sanguinis
-1.81529535356207	-1.79396027185253	-1.83713247083225	-0.143231760329943	8.89995231068366	-0.0147443812112443	0.489472492687052	0.792283788611691	1	0.759811438907562	1	k__Bacteria|p__Actinobacteria|c__Actinobacteria|o__Actinomycetales|f__Actinomycetaceae|g__Actinomyces|s__Actinomyces_odontolyticus
-2.11799586746446	-2.04241115394655	-2.23258029339728	-0.212001319732233	6.72194411075273	-0.0246035811870152	0.478940217481459	0.645310665843833	1	0.622964135793319	1	k__Bacteria|p__Proteobacteria|c__Gammaproteobacteria|o__Enterobacterales|f__Enterobacteriaceae|g__Citrobacter|s__Citrobacter_portucalensis
-2.55011806913848	-2.57533600647012	-2.51061159914963	-0.00427705686914592	4.86950026373717	-0.000982132958541279	0.498981208969713	0.752404293536653	1	0.731628512677427	1	k__Bacteria|p__Proteobacteria|c__Gammaproteobacteria|o__Pasteurellales|f__Pasteurellaceae|g__Aggregatibacter|s__Aggregatibacter_segnis
-2.4318398006004	-2.46096458750131	-2.37914412688735	0.0518423668125099	5.52110912247125	0.00736892317843692	0.494453248835105	0.663506755577061	1	0.715368162094566	0.995902835937231	k__Bacteria|p__Proteobacteria|c__Gammaproteobacteria|o__Enterobacterales|f__Enterobacteriaceae|g__Klebsiella|s__Klebsiella_aerogenes
-0.794894060259963	-0.328067517331544	-1.30677575191137	-0.882099850506489	16.8102750955346	-0.0629502954362997	0.444972826324986	0.132690535274779	1	0.282989573731527	0.999128731849673	k__Bacteria|p__Proteobacteria|c__Deltaproteobacteria|o__Desulfovibrionales|f__Desulfovibrionaceae|g__Desulfovibrio|s__Desulfovibrio_piger
17.455353992718	17.0179083142978	17.7771503292463	0.683640913770569	6.76824741276935	0.0598964929961539	0.443387681404482	0.272072959254914	1	0.239323611357798	1	k__Bacteria|p__Firmicutes|c__Clostridia|o__Clostridiales|f__Lachnospiraceae|g__Roseburia|s__Roseburia_inulinivorans
-2.07344965849228	-2.07420832390424	-2.06925201010205	-0.104722510378659	8.59163651819815	-0.0131938556856062	0.491510074747616	0.713969658753159	1	0.771217952057032	1	k__Bacteria|p__Firmicutes|c__Bacilli|o__Bacillales|f__Bacillales_unclassified|g__Gemella|s__Gemella_haemolysans
-1.14409138026529	-1.06467787895899	-1.28033842709113	0.0593728179274589	18.9448393866353	0.00274097807561603	0.4973964229226	0.908066333933286	1	0.829137211094361	1	k__Bacteria|p__Bacteroidetes|c__Bacteroidia|o__Bacteroidales|f__Bacteroidaceae|g__Bacteroides|s__Bacteroides_coprocola
-1.8743918963399	-1.77876736105544	-1.99969559471454	-0.365566490731002	12.4723833607829	-0.0300492247150803	0.473278985621759	0.490348074479796	1	0.576789522297801	1	k__Bacteria|p__Bacteroidetes|c__Bacteroidia|o__Bacteroidales|f__Barnesiellaceae|g__Coprobacter|s__Coprobacter_fastidiosus
-2.09026209148433	-2.09180718247645	-2.0890789894506	0.0549404003816605	8.00892354608573	0.00546316526466593	0.494906044848565	0.848386838155145	1	0.769820979521441	1	k__Bacteria|p__Firmicutes|c__Clostridia|o__Clostridiales|f__Clostridiaceae|g__Clostridium|s__Clostridium_perfringens
-1.37072139621827	-1.36715319558623	-1.38455870200221	-0.0991518455856326	14.7474245863404	-0.00721902102278203	0.493774054814915	0.824152545508349	1	0.809590666821068	1	k__Bacteria|p__Bacteroidetes|c__Bacteroidia|o__Bacteroidales|f__Bacteroidaceae|g__Bacteroides|s__Bacteroides_clarus
-1.70316148266577	-1.56697480186489	-1.86972405950614	-0.255453244299584	10.0052926685255	-0.0279898018864254	0.479737378397762	0.620234902235553	1	0.617983469635608	1	k__Bacteria|p__Actinobacteria|c__Actinobacteria|o__Micrococcales|f__Micrococcaceae|g__Rothia|s__Rothia_mucilaginosa
-1.70424340448292	-1.62907627303323	-1.83057438041562	-0.357599952631421	11.2475249476878	-0.032454514958283	0.47554347836563	0.498501149597464	1	0.582818455067821	1	k__Bacteria|p__Firmicutes|c__Bacilli|o__Lactobacillales|f__Streptococcaceae|g__Streptococcus|s__Streptococcus_vestibularis
-1.84821793457737	-1.73806418486606	-2.00109051013894	-0.302710931403649	10.8542211152338	-0.0295959013069654	0.476902174011958	0.596223984461897	1	0.615252798579385	1	k__Bacteria|p__Firmicutes|c__Erysipelotrichia|o__Erysipelotrichales|f__Erysipelotrichaceae|g__Turicibacter|s__Turicibacter_sanguinis
12.2434570588708	12.0716805753653	12.3173756194286	-0.812758963747358	17.0377383874377	-0.050019849208562	0.463994565372055	0.603475928701532	1	0.39605314730462	1	k__Bacteria|p__Bacteroidetes|c__Bacteroidia|o__Bacteroidales|f__Rikenellaceae|g__Alistipes|s__Alistipes_finegoldii
-2.30524268165014	-2.32164243028785	-2.28116216718959	-0.070400540693683	5.93135916697031	-0.010062386006483	0.494000452821645	0.752165937266265	1	0.757692345783631	1	k__Bacteria|p__Actinobacteria|c__Actinobacteria|o__Actinomycetales|f__Actinomycetaceae|g__Actinomyces|s__Actinomyces_sp_HMSC035G02
-1.3372114704528	-1.14960338990934	-1.59091399717492	-0.591355817970983	12.9470374661428	-0.0489757401175433	0.46162553786015	0.339675602892132	1	0.422782246136695	1	k__Bacteria|p__Firmicutes|c__Negativicutes|o__Veillonellales|f__Veillonellaceae|g__Veillonella|s__Veillonella_dispar
13.6219310958792	14.0898168387645	13.1101394130371	-0.321751175398652	17.7252605075993	-0.0212775155350194	0.476115010290165	0.627645053871262	1	0.573335876428707	1	k__Bacteria|p__Firmicutes|c__Clostridia|o__Clostridiales|f__Oscillospiraceae|g__Oscillibacter|s__Oscillibacter_sp_57_20
-2.45993107149932	-2.40453893965611	-2.54561857127428	-0.210591064867685	5.2058578257287	-0.0342845800211695	0.47848731893268	0.593874115838748	1	0.61646661189161	0.994472423038257	k__Bacteria|p__Proteobacteria|c__Gammaproteobacteria|o__Pasteurellales|f__Pasteurellaceae|g__Haemophilus|s__Haemophilus_sputorum
-1.51076056991236	-1.39813364788144	-1.666950848682	-0.434239523297258	12.8586830551159	-0.0361230826829205	0.471813448162435	0.438257503923345	1	0.542390430453633	1	k__Bacteria|p__Firmicutes|c__Erysipelotrichia|o__Erysipelotrichales|f__Erysipelotrichaceae|g__Holdemanella|s__Holdemanella_biformis
-2.49378663509641	-2.46923018695095	-2.52909401032035	-0.0627143142545972	4.96124288563657	-0.0103505207805118	0.49230072467059	0.637932239163169	1	0.724830427335499	0.999748269916118	k__Bacteria|p__Fusobacteria|c__Fusobacteriia|o__Fusobacteriales|f__Fusobacteriaceae|g__Fusobacterium|s__Fusobacterium_nucleatum
-2.12960699226631	-2.0899692534706	-2.18993809997156	-0.018083702592568	7.10572053789252	-0.00162608792365826	0.498867753628027	0.825857439412025	1	0.740842091242884	1	k__Bacteria|p__Firmicutes|c__Clostridia|o__Clostridiales|f__Clostridiales_Family_XIII_Incertae_Sedis|g__Mogibacterium|s__Mogibacterium_diversum
-2.55945615696284	-2.55188749690154	-2.5669844908875	-0.0294137763838016	4.96643049587931	-0.00489292791197948	0.495923913060898	0.738267063782915	1	0.721682007222582	0.995802642004819	k__Bacteria|p__Proteobacteria|c__Gammaproteobacteria|o__Enterobacterales|f__Enterobacteriaceae|g__Escherichia|s__Escherichia_fergusonii
-2.59611197360478	-2.55155351613234	-2.6692443340759	-0.128245841076552	4.79354722071663	-0.0213586074522791	0.487318840633936	0.593715176317403	1	0.691287102438053	0.999081617168334	k__Bacteria|p__Firmicutes|c__Bacilli|o__Lactobacillales|f__Streptococcaceae|g__Lactococcus|s__Lactococcus_petauri
-2.35464721579158	-2.31258324452033	-2.41583382104784	-0.157776125176108	5.78948568797307	-0.022090753201822	0.487545289908328	0.642001234032475	1	0.648930299903219	1	k__Bacteria|p__Firmicutes|c__Bacilli|o__Lactobacillales|f__Streptococcaceae|g__Streptococcus|s__Streptococcus_sp_F0442
-1.16909408610928	-0.979991940976815	-1.42421692306488	-0.447916186055801	13.8227622084108	-0.0333235153275578	0.47362463221621	0.414773552945461	1	0.491656738749605	1	k__Bacteria|p__Firmicutes|c__Erysipelotrichia|o__Erysipelotrichales|f__Erysipelotrichaceae|g__Coprobacillus|s__Coprobacillus_cateniformis
15.871815587298	15.5570309721906	16.2265427847206	0.694703540327826	19.1722002705899	0.0408160922301595	0.456748188592017	0.406789072127204	1	0.382730650747498	1	k__Bacteria|p__Bacteroidetes|c__Bacteroidia|o__Bacteroidales|f__Bacteroidaceae|g__Bacteroides|s__Bacteroides_caccae
-1.79747813430659	-1.635120090208	-2.00336865896601	-0.374316632265829	11.4855851439414	-0.0371898477235741	0.472039846169157	0.461031177305709	1	0.522833412370727	0.994223608217034	k__Bacteria|p__Proteobacteria|c__Gammaproteobacteria|o__Pasteurellales|f__Pasteurellaceae|g__Haemophilus|s__Haemophilus_sp_HMSC71H05
-2.64187183567995	-2.630918484429	-2.65862478183057	-0.0515100525564431	4.60426898801473	-0.00971662630850867	0.493774054814915	0.689816145702477	1	0.705430976500333	0.999830777345077	k__Bacteria|p__Firmicutes|c__Bacilli|o__Lactobacillales|f__Aerococcaceae|g__Abiotrophia|s__Abiotrophia_sp_HMSC24B09
-2.58604387281404	-2.58350232314113	-2.5920937427894	-0.0454930543656022	4.56902762274038	-0.00775706877497515	0.496038034882217	0.750140386723717	1	0.755668419885853	0.999128731849673	k__Bacteria|p__Firmicutes|c__Bacilli|o__Lactobacillales|f__Streptococcaceae|g__Streptococcus|s__Streptococcus_sp_HPH0090
6.78749952538072	6.83453561064758	6.76612054589883	0.186222434270745	11.4967001085065	0.0184534510523333	0.484827898615619	0.84157366684461	1	0.687474936926028	1	k__Bacteria|p__Actinobacteria|c__Coriobacteriia|o__Coriobacteriales|f__Coriobacteriaceae|g__Enorma|s__Collinsella_massiliensis
-2.58095209124004	-2.59496084615905	-2.56412701450449	0.0656609052316082	4.56166461768444	0.0110766878708225	0.493774054814915	0.793738907552878	1	0.77421945295867	1	k__Bacteria|p__Proteobacteria|c__Gammaproteobacteria|o__Pasteurellales|f__Pasteurellaceae|g__Aggregatibacter|s__Aggregatibacter_aphrophilus
9.90785606104852	8.49116161302833	13.239145493968	1.01835489625685	19.9837854071602	0.0599243249612448	0.450984831544877	0.227703638948456	1	0.265039778557858	1	k__Bacteria|p__Firmicutes|c__Clostridia|o__Clostridiales|f__Lachnospiraceae|g__Lachnospira|s__Lachnospira_pectinoschiza
-2.64696249451186	-2.6710324978461	-2.60891736692567	-0.0307944404885152	4.47160479131154	-0.0044008109402119	0.498075616942791	0.747886127473825	1	0.775709037819774	1	k__Bacteria|p__Fusobacteria|c__Fusobacteriia|o__Fusobacteriales|f__Fusobacteriaceae|g__Fusobacterium|s__Fusobacterium_sp_oral_taxon_370
-2.3618148608441	-2.31703202050447	-2.45001689765092	-0.234878210675536	5.88086377028864	-0.0321349755700027	0.476567806303613	0.672082210453891	1	0.672715990041976	0.997862190107904	k__Bacteria|p__Firmicutes|c__Tissierellia|o__Tissierellales|f__Peptoniphilaceae|g__Parvimonas|s__Parvimonas_micra
14.5570659265292	14.2201506892237	14.9311038518033	0.736123367326819	16.9168652502218	0.0480890395712241	0.460371376982009	0.35641013130616	1	0.374576593280347	1	k__Bacteria|p__Firmicutes|c__Clostridia|o__Clostridiales|f__Lachnospiraceae|g__Roseburia|s__Roseburia_intestinalis
-1.84382700794331	-1.78896992756686	-1.92198254091109	-0.344068108703169	10.2387224548222	-0.0310879731792751	0.475662214276717	0.523714784468703	1	0.624696423693088	1	k__Bacteria|p__Firmicutes|c__Negativicutes|o__Veillonellales|f__Veillonellaceae|g__Veillonella|s__Veillonella_sp_T11011_6
-2.059538275215	-2.14351905135558	-1.92090585912722	0.308520896451295	7.87641091925743	0.0373222691254846	0.474864130542467	0.648984072437929	1	0.639464570421576	0.999748269916118	k__Bacteria|p__Firmicutes|c__Erysipelotrichia|o__Erysipelotrichales|f__Erysipelotrichaceae|g__Faecalicoccus|s__Faecalicoccus_pleomorphus
-1.27970348975229	-1.34324208259275	-1.17271875717957	0.125563047813342	13.6047213065823	0.0100797092059249	0.49230072467059	0.83447769805977	1	0.758919166978013	1	k__Bacteria|p__Actinobacteria|c__Coriobacteriia|o__Coriobacteriales|f__Atopobiaceae|g__Olsenella|s__Olsenella_scatoligenes
-1.9281913300524	-1.99577039732165	-1.82130451295175	0.275342908351986	8.92775727656395	0.0304560213459238	0.479510980391036	0.706883823723531	1	0.689122291900618	1	k__Bacteria|p__Actinobacteria|c__Actinobacteria|o__Actinomycetales|f__Actinomycetaceae|g__Actinomyces|s__Actinomyces_sp_ICM47
-0.712031429104599	-0.485747286091462	-0.952200679216963	-0.62673685768889	11.5162905688907	-0.0528096176387734	0.466379896001171	0.445948042794635	1	0.532333525138986	1	k__Bacteria|p__Actinobacteria|c__Coriobacteriia|o__Coriobacteriales|f__Coriobacteriaceae|g__Enorma|s__Enorma_massiliensis
-1.79034825611242	-1.68794945116266	-1.95946290413974	-0.422109757509386	10.4828922502015	-0.0417168295396153	0.469882246505982	0.431159101110625	1	0.561942960860556	1	k__Bacteria|p__Bacteroidetes|c__Bacteroidia|o__Bacteroidales|f__Bacteroidaceae|g__Bacteroides|s__Bacteroides_galacturonicus
0.473762187675622	-0.119471156676367	11.7303571154336	0.888836316987131	18.3080980746594	0.054723952393659	0.452796015598502	0.207965751741192	1	0.323337652692581	1	k__Bacteria|p__Firmicutes|c__Clostridia|o__Clostridiales|f__Eubacteriaceae|g__Eubacterium|s__Eubacterium_sp_CAG_274
-1.06496193392415	-0.674339591756882	-1.51026330196644	-1.06454479731725	14.2268795274632	-0.0804165016989008	0.437627349149956	0.182925906518962	1	0.259390138372624	1	k__Bacteria|p__Firmicutes|c__Negativicutes|o__Veillonellales|f__Veillonellaceae|g__Veillonella|s__Veillonella_atypica
-1.90384028880696	-1.99793393999127	-1.77545008674299	0.360706378350816	11.1532251768089	0.0313335292243428	0.476115010290165	0.475866989234532	1	0.591983877987763	1	k__Bacteria|p__Firmicutes|c__Clostridia|o__Clostridiales|f__Lachnospiraceae|g__Lachnoclostridium|s__Clostridium_saccharolyticum
-0.866917706150357	-1.06298472763842	-0.528086636441619	0.484452244327403	13.8797521910192	0.0376207186905827	0.4724926421826	0.524854444485103	1	0.580911738428333	1	k__Bacteria|p__Firmicutes|c__Bacilli|o__Lactobacillales|f__Lactobacillaceae|g__Lactobacillus|s__Lactobacillus_rogosae
-0.0481194843516484	-0.245731783963032	0.29200949990882	0.429932241352716	14.241206513809	0.0328409418314947	0.476449275463181	0.604478916887855	1	0.634154300185306	1	k__Bacteria|p__Firmicutes|c__Clostridia|o__Clostridiales|f__Lachnospiraceae|g__Lachnoclostridium|s__Clostridium_asparagiforme
10.9074269246302	1.81694737721023	12.0883506087593	1.32966435794424	17.6883804696201	0.0828531253566499	0.443387681404482	0.269196747192708	1	0.24817157536622	1	k__Bacteria|p__Proteobacteria|c__Gammaproteobacteria|o__Enterobacterales|f__Enterobacteriaceae|g__Klebsiella|s__Klebsiella_pneumoniae
-0.537278364698404	-0.101838705654348	-1.00937259575699	-1.1079377499786	17.2916971496344	-0.069655129180171	0.448143116166037	0.218431034567485	1	0.291056464432398	1	k__Bacteria|p__Firmicutes|c__Clostridia|o__Clostridiales|f__Eubacteriaceae|g__Eubacterium|s__Eubacterium_sp_CAG_180
0.263189874031664	0.0920516020007689	0.587451654961413	0.443977353879587	16.5853201405528	0.0279605351524126	0.479619565304628	0.606371952334982	1	0.604007254374801	1	k__Bacteria|p__Proteobacteria|c__Gammaproteobacteria|o__Enterobacterales|f__Enterobacteriaceae|g__Klebsiella|s__Klebsiella_variicola
-1.63664734933396	-1.43467948127692	-1.88461030947772	-0.483526745772282	14.6165629783669	-0.0350329530828894	0.466153497994454	0.293869565693254	1	0.472109079947901	0.999456379523272	k__Bacteria|p__Firmicutes|c__Negativicutes|o__Acidaminococcales|f__Acidaminococcaceae|g__Phascolarctobacterium|s__Phascolarctobacterium_sp_CAG_266
-2.32446822136895	-2.34725095283838	-2.28734105664802	0.143078209409254	6.46437072153805	0.0151682382227391	0.487434910626491	0.550846371858844	1	0.705132119644773	1	k__Archaea|p__Euryarchaeota|c__Methanobacteria|o__Methanobacteriales|f__Methanobacteriaceae|g__Methanobrevibacter|s__Methanobrevibacter_smithii
-2.07332982466524	-2.09027579924359	-2.05464747851534	-0.0119071725676392	7.71852914589534	-0.000862295530197804	0.498981208969713	0.777286757001726	1	0.787376592933673	0.99929783439017	k__Bacteria|p__Bacteroidetes|c__Bacteroidia|o__Bacteroidales|f__Bacteroidaceae|g__Bacteroides|s__Bacteroides_coprophilus
-1.41110652504405	-1.4559096381529	-1.3519852902991	0.293517256943918	16.3926430293109	0.0220876197310812	0.480751811676578	0.656069460026965	1	0.705205367915179	1	k__Bacteria|p__Bacteroidetes|c__Bacteroidia|o__Bacteroidales|f__Barnesiellaceae|g__Barnesiella|s__Barnesiella_intestinihominis
-1.75608495497428	-1.69209222157665	-1.85241639433399	-0.109429125738724	11.5763770865851	-0.0107485883597265	0.492074275396196	0.820549038141151	1	0.735242379868279	1	k__Bacteria|p__Firmicutes|c__Clostridia|o__Clostridiales|f__Ruminococcaceae|g__Ruminococcus|s__Ruminococcus_callidus
-2.46754261670208	-2.44835783347786	-2.48893497935223	-0.0363967516575432	5.32522722931255	-0.00544723792333978	0.496376811609686	0.768820232930502	1	0.756771253853121	0.999801520908406	k__Bacteria|p__Bacteroidetes|c__Bacteroidia|o__Bacteroidales|f__Bacteroidaceae|g__Bacteroides|s__Bacteroides_sp_OM08_11
-2.0195523368386	-1.94323624366457	-2.13802087716442	-0.284674129787092	9.16589375298543	-0.0266453047326971	0.474411231993693	0.480325953833559	1	0.582314938049187	0.999955508385237	k__Bacteria|p__Firmicutes|c__Clostridia|o__Clostridiales|f__Lachnospiraceae|g__Roseburia|s__Roseburia_sp_CAG_303
-2.18480062278177	-2.14203934059858	-2.23545396427315	-0.0637164848228977	7.73106627343681	-0.00516957563379267	0.495697463786503	0.837472775085893	1	0.760441755406066	1	k__Bacteria|p__Firmicutes|c__Negativicutes|o__Acidaminococcales|f__Acidaminococcaceae|g__Acidaminococcus|s__Acidaminococcus_intestini
-1.59983165679221	-1.50827001456016	-1.7214419059174	-0.252961316558027	13.3661681406185	-0.0201545532003564	0.48369565224366	0.62673518409911	1	0.643490214991516	1	k__Bacteria|p__Firmicutes|c__Firmicutes_unclassified|o__Firmicutes_unclassified|f__Firmicutes_unclassified|g__Firmicutes_unclassified|s__Firmicutes_bacterium_CAG_110
11.0486453388008	10.7190269213011	11.7589110394775	0.54582402116707	16.1876112717465	0.0379179282580588	0.47214673924983	0.547792508859067	1	0.551945812382835	1	k__Bacteria|p__Firmicutes|c__Erysipelotrichia|o__Erysipelotrichales|f__Erysipelotrichaceae|g__Erysipelatoclostridium|s__Erysipelatoclostridium_ramosum
-1.68113909886957	-1.64463513747035	-1.75353384198664	-0.212942147548961	13.5552627468414	-0.0174163538281791	0.483242753694877	0.587691483278837	1	0.673293411601902	1	k__Bacteria|p__Bacteroidetes|c__Bacteroidia|o__Bacteroidales|f__Bacteroidaceae|g__Bacteroides|s__Bacteroides_sp_OM05_12
-2.16030344886753	-2.18749341457375	-2.12497301687559	0.141151696814159	7.53938590984051	0.0144919455493971	0.48969889069378	0.632248755153179	1	0.698879797933224	0.998217046442025	k__Bacteria|p__Firmicutes|c__Erysipelotrichia|o__Erysipelotrichales|f__Erysipelotrichaceae|g__Faecalitalea|s__Faecalitalea_cylindroides
-0.487780188573421	-0.816608501470743	0.310437938501527	0.872345307103394	15.8915107314589	0.0592790129686483	0.453701607625321	0.236459763817681	1	0.320834231485514	1	k__Bacteria|p__Proteobacteria|c__Gammaproteobacteria|o__Enterobacterales|f__Enterobacteriaceae|g__Klebsiella|s__Klebsiella_quasipneumoniae
-1.34400394794776	-1.52426163334062	-1.0200330264558	0.327668368884741	15.5924063016701	0.0225274782061224	0.479166666755848	0.577283646971988	1	0.603638993408681	0.999855977355238	k__Bacteria|p__Firmicutes|c__Negativicutes|o__Veillonellales|f__Veillonellaceae|g__Megasphaera|s__Megasphaera_elsdenii
-2.4950187157267	-2.51494370977976	-2.47884715168788	0.057076145457529	5.2698477953813	0.00773332053710857	0.495471014512109	0.760032757477593	1	0.743780620029767	0.998976347758676	k__Bacteria|p__Lentisphaerae|c__Lentisphaeria|o__Victivallales|f__Victivallaceae|g__Victivallis|s__Victivallis_vadensis
-1.27521649802543	-1.43708810660137	-1.04632028295361	0.670662964575989	12.2625994501095	0.0616132447066476	0.457880434963883	0.32466135255139	1	0.424420032720676	0.999801520908406	k__Bacteria|p__Firmicutes|c__Negativicutes|o__Veillonellales|f__Veillonellaceae|g__Allisonella|s__Allisonella_histaminiformans
-0.934089795061643	-1.18846406957955	-0.452203361401248	1.08754133017207	18.2245694208557	0.0694408081982997	0.442608105297088	0.160561852138698	1	0.293314822670864	0.996782648125162	k__Bacteria|p__Fusobacteria|c__Fusobacteriia|o__Fusobacteriales|f__Fusobacteriaceae|g__Fusobacterium|s__Fusobacterium_mortiferum
-0.0313611088387287	-0.489971856335178	1.77295372862702	0.951357369203109	15.7698950441137	0.0673412131518216	0.447362463437676	0.239948284597045	1	0.332744046705241	1	k__Bacteria|p__Bacteroidetes|c__Bacteroidia|o__Bacteroidales|f__Tannerellaceae|g__Parabacteroides|s__Parabacteroides_goldsteinii
-1.97999116917122	-2.11687195073929	-1.77093611461888	0.546889457969934	9.70295525915396	0.046974423561446	0.459918478433257	0.313982796869361	1	0.466986791556707	0.996080764750961	k__Bacteria|p__Firmicutes|c__Clostridia|o__Clostridiales|f__Eubacteriaceae|g__Eubacterium|s__Eubacterium_sp_OM08_24
-2.08559967495706	-2.18947482143524	-1.9339726798336	0.357891118508764	9.40497661183472	0.0314898930494007	0.469882246505982	0.470106381571018	1	0.573169333435092	0.994727796379115	k__Bacteria|p__Bacteroidetes|c__Bacteroidia|o__Bacteroidales|f__Prevotellaceae|g__Paraprevotella|s__Paraprevotella_xylaniphila
-2.36826466952663	-2.31197556639679	-2.47016429454662	-0.277015586440514	5.94065199436574	-0.0340074057075314	0.474303826236378	0.224206390187978	1	0.554807345821325	1	k__Bacteria|p__Firmicutes|c__Firmicutes_unclassified|o__Firmicutes_unclassified|f__Firmicutes_unclassified|g__Firmicutes_unclassified|s__Firmicutes_bacterium_CAG_170
-1.10694021549123	-1.36478178030138	-0.729765954583092	0.542565930707173	14.2756548375035	0.0460666249815263	0.46648550739024	0.421275812178082	1	0.448975367111954	0.998487195586836	k__Bacteria|p__Proteobacteria|c__Betaproteobacteria|o__Burkholderiales|f__Oxalobacteraceae|g__Oxalobacter|s__Oxalobacter_formigenes
-1.69208827373622	-1.49969655232662	-1.91378793011048	-0.558400603801633	11.3703563224599	-0.0510468187567962	0.461172741846724	0.271120031502527	1	0.434504336918168	1	k__Bacteria|p__Synergistetes|c__Synergistia|o__Synergistales|f__Synergistaceae|g__Cloacibacillus|s__Cloacibacillus_porcorum
-2.38970433781465	-2.2925970876826	-2.48430460997319	-0.301049658588786	5.49986663893085	-0.0340077678552774	0.47362463221621	0.450244748285613	1	0.586553842807333	1	k__Bacteria|p__Firmicutes|c__Erysipelotrichia|o__Erysipelotrichales|f__Erysipelotrichaceae|g__Catenibacterium|s__Catenibacterium_mitsuokai
-2.34660324748331	-2.35729538031021	-2.33477852835808	-0.0188504477657787	5.70092004765087	-0.00261725100798958	0.49784921893606	0.748283591489642	1	0.764257472430962	1	k__Bacteria|p__Firmicutes|c__Clostridia|o__Clostridiales|f__Ruminococcaceae|g__Flavonifractor|s__Flavonifractor_sp_An100
-1.93864567786126	-1.94263702229121	-1.93208712274709	0.00902215769751358	10.8754185005241	0.000837594173725168	0.499094202902421	0.792829560374307	1	0.792590547294883	1	k__Bacteria|p__Proteobacteria|c__Gammaproteobacteria|o__Enterobacterales|f__Enterobacteriaceae|g__Enterobacter|s__Enterobacter_cloacae_complex
-0.486729376644712	-0.618332662102777	-0.274901428358206	0.296315258047379	14.5991623088155	0.0213498031189444	0.484148550792443	0.742276950180265	1	0.763744871544633	1	k__Bacteria|p__Firmicutes|c__Clostridia|o__Clostridiales|f__Lachnospiraceae|g__Eisenbergiella|s__Eisenbergiella_massiliensis
10.9922803289659	11.4376048705536	9.40206837874968	-0.145049194643176	17.8880453198439	-0.0106597695965118	0.492980072493772	0.718182612837877	1	0.820824510285418	1	k__Bacteria|p__Firmicutes|c__Negativicutes|o__Selenomonadales|f__Selenomonadaceae|g__Megamonas|s__Megamonas_funiformis
-2.39498642247797	-2.4207963770611	-2.35149920554262	0.156003262220768	6.06122868232938	0.02012652101245	0.486529318599576	0.659427117864291	1	0.691606756661109	0.999158607350578	k__Bacteria|p__Bacteroidetes|c__Bacteroidia|o__Bacteroidales|f__Bacteroidaceae|g__Bacteroides|s__Bacteroides_faecichinchillae
-0.726183996016928	-1.14690242973559	-0.0182038368552657	0.920719685711299	15.5557753223525	0.0697845455092072	0.451664025564984	0.260907174025442	1	0.308165650209571	1	k__Bacteria|p__Firmicutes|c__Clostridia|o__Clostridiales|f__Lachnospiraceae|g__Tyzzerella|s__Tyzzerella_nexilis
12.1354291163834	10.8019189223599	13.163583958748	0.886365285560212	17.6142776744108	0.0558675202582926	0.453475209618616	0.566808954248899	1	0.366685414138618	1	k__Bacteria|p__Firmicutes|c__Negativicutes|o__Selenomonadales|f__Selenomonadaceae|g__Megamonas|s__Megamonas_hypermegale
-2.38417790891798	-2.3992880372797	-2.37098496421594	0.00767537080674252	5.68176250701647	0.00102311449213758	0.498981208969713	0.787952946304387	1	0.757978872241772	0.999955830358516	k__Bacteria|p__Firmicutes|c__Clostridia|o__Clostridiales|f__Ruminococcaceae|g__Harryflintia|s__Harryflintia_acetispora
-2.42256742507287	-2.43154873361397	-2.41013636828995	-0.0928570920516432	5.44443479613825	-0.0118473518999973	0.49230072467059	0.546290007356622	1	0.706015906680366	0.997958333445612	k__Bacteria|p__Firmicutes|c__Clostridia|o__Clostridiales|f__Eubacteriaceae|g__Eubacterium|s__Eubacterium_callanderi
-2.48129464419362	-2.49029454514537	-2.46853345016285	-0.0172456738184668	5.31521108333309	-0.00229936220983242	0.498414855079238	0.763306383850729	1	0.736416489156636	1	k__Bacteria|p__Bacteroidetes|c__Bacteroidia|o__Bacteroidales|f__Tannerellaceae|g__Parabacteroides|s__Parabacteroides_sp_426_9
-0.809856818422043	-0.82655879429921	-0.788766542164097	-0.255869763950623	13.4820281371707	-0.0199629891082066	0.485960144987579	0.785107646778325	1	0.750417082312974	1	k__Bacteria|p__Bacteroidetes|c__Bacteroidia|o__Bacteroidales|f__Odoribacteraceae|g__Butyricimonas|s__Butyricimonas_synergistica
-2.59472913920876	-2.59472913920876	-2.59488026735638	-0.0549921217627514	4.72296293999782	-0.00743048240886833	0.494906044848565	0.669624368258764	1	0.700288353382702	1	k__Bacteria|p__Firmicutes|c__Clostridia|o__Clostridiales|f__Ruminococcaceae|g__Ruminococcus|s__Ruminococcus_sp_CAG_579
-1.24277306571013	-1.24825083155887	-1.22915404264117	0.0927745948310195	12.4763294392307	0.00910851392665372	0.492527173944984	0.76528491753577	1	0.754437097875201	1	k__Bacteria|p__Firmicutes|c__Clostridia|o__Clostridiales|f__Catabacteriaceae|g__Catabacter|s__Catabacter_hongkongensis
-2.34186147103446	-2.27795611767242	-2.41925938099175	-0.16992483612764	5.85133949657564	-0.0243990139704461	0.484718134545752	0.575545563905673	1	0.621143880590343	0.999989300991704	k__Bacteria|p__Bacteroidetes|c__Bacteroidia|o__Bacteroidales|f__Prevotellaceae|g__Prevotella|s__Prevotella_bivia
-2.41537832328427	-2.41537832328427	-2.41568298053866	-0.111646050976852	5.70793514809761	-0.0167292409359829	0.491057278734157	0.667901447965769	1	0.725148174231299	0.996623245274736	k__Bacteria|p__Firmicutes|c__Clostridia|o__Clostridiales|f__Eubacteriaceae|g__Anaerofustis|s__Anaerofustis_stercorihominis
-2.18278272862391	-2.33885774744285	-1.96534966304905	0.443102157205859	7.6486472753569	0.0398396672310033	0.463088768274538	0.353990767989443	1	0.475565694489222	0.99374515771384	k__Bacteria|p__Firmicutes|c__Negativicutes|o__Acidaminococcales|f__Acidaminococcaceae|g__Phascolarctobacterium|s__Phascolarctobacterium_succinatutens
-2.07802991121606	-2.05855739576962	-2.10390345915347	-0.171580736001875	8.72485879754008	-0.0169702936012686	0.487208512619762	0.470630014072003	1	0.683695921287864	1	k__Bacteria|p__Firmicutes|c__Clostridia|o__Clostridiales|f__Lachnospiraceae|g__Blautia|s__Blautia_coccoides
-2.17988177921372	-2.32344651250148	-1.95937252736538	0.355694679982289	7.85272542284738	0.0430349221052736	0.473505434896146	0.440263077657255	1	0.484199585576661	1	k__Bacteria|p__Firmicutes|c__Clostridia|o__Clostridiales|f__Clostridiaceae|g__Lactonifactor|s__Lactonifactor_longoviformis
-2.26221256894969	-2.37602706224822	-2.12405059592125	0.32190877659062	7.26201734402341	0.0377031388453352	0.472373188524216	0.499186997210303	1	0.567001747446045	0.99901639870273	k__Bacteria|p__Firmicutes|c__Clostridia|o__Clostridiales|f__Lachnospiraceae|g__Dorea|s__Dorea_sp_CAG_317
-2.02616557412876	-2.18927566423648	-1.77307210885111	0.470108011294883	9.15186682131143	0.0494846917990926	0.467391304487767	0.552055841672022	1	0.518501524751044	0.992238572744477	k__Bacteria|p__Firmicutes|c__Clostridia|o__Clostridiales|f__Lachnospiraceae|g__Lachnoclostridium|s__Clostridium_scindens
-2.56501998391831	-2.64517451413366	-2.45144490391141	0.17012741335007	5.038440844488	0.0263867944416006	0.484718134545752	0.672575767099802	1	0.640477155437035	0.998192728369182	k__Bacteria|p__Firmicutes|c__Clostridia|o__Clostridiales|f__Lachnospiraceae|g__Anaerostipes|s__Anaerostipes_caccae
-2.22816204842078	-2.13418271998117	-2.36491125853208	-0.27709409212804	7.05251015095673	-0.0288517838495884	0.479846014579017	0.462179817089861	1	0.595259448904522	1	k__Bacteria|p__Firmicutes|c__Clostridia|o__Clostridiales|f__Eubacteriaceae|g__Eubacterium|s__Eubacterium_limosum
-2.59644925144625	-2.62669275951792	-2.55162538027298	0.0483610788751836	4.84922270252935	0.00760851365598234	0.494112318865743	0.796617668339603	1	0.74075754443033	0.999311239210144	k__Bacteria|p__Bacteroidetes|c__Bacteroidia|o__Bacteroidales|f__Bacteroidaceae|g__Bacteroides|s__Bacteroides_faecis
-2.3288590552949	-2.30382192474264	-2.36986518365005	-0.0991328088495731	5.99430091162868	-0.0125748397809676	0.490151686707239	0.624553888170468	1	0.731501560100206	1	k__Bacteria|p__Firmicutes|c__Negativicutes|o__Acidaminococcales|f__Acidaminococcaceae|g__Acidaminococcus|s__Acidaminococcus_sp_CAG_542
-2.60092080496595	-2.63561908374684	-2.56732390504608	0.0611591589537905	4.90884415236612	0.00955989030879944	0.494226850828375	0.751096049411232	1	0.735386966992513	0.998024505526709	k__Bacteria|p__Actinobacteria|c__Actinobacteria|o__Propionibacteriales|f__Propionibacteriaceae|g__Propionibacterium|s__Propionibacterium_acidifaciens
-2.67266271340087	-2.6989619375043	-2.6291507245469	0.0323331276832128	4.38581957962092	0.00644671107985533	0.49705615943287	0.746195093266593	1	0.715814929071221	0.999855977355238	k__Bacteria|p__Firmicutes|c__Bacilli|o__Lactobacillales|f__Lactobacillaceae|g__Lactobacillus|s__Lactobacillus_johnsonii
-1.0049099020713	-0.684799130493131	-1.37812407458824	-0.85265262052455	20.01504498381	-0.0506641544923436	0.448143116166037	0.289969819434291	1	0.331010737709549	1	k__Bacteria|p__Firmicutes|c__Negativicutes|o__Veillonellales|f__Veillonellaceae|g__Dialister|s__Dialister_sp_CAG_357
-2.60711489878654	-2.64148794034893	-2.55334928493008	0.144566249836327	4.64454646671889	0.0251951478606451	0.485170930559207	0.696595671848382	1	0.674181129308753	0.999569259555879	k__Bacteria|p__Firmicutes|c__Bacilli|o__Lactobacillales|f__Lactobacillaceae|g__Lactobacillus|s__Lactobacillus_fermentum
-2.49216199273497	-2.4899449347475	-2.49922715356736	-0.0578984135889602	5.30131297743128	-0.00772445994744784	0.494791666688925	0.682558412291882	1	0.71385063104408	1	k__Bacteria|p__Firmicutes|c__Negativicutes|o__Acidaminococcales|f__Acidaminococcaceae|g__Acidaminococcus|s__Acidaminococcus_fermentans
-1.99548968676236	-1.9802607104545	-2.01979330046452	-0.00308013229936677	9.55355686113469	-0.000461156545356403	0.499660402989904	0.841613383084269	1	0.79090018117058	1	k__Bacteria|p__Firmicutes|c__Erysipelotrichia|o__Erysipelotrichales|f__Erysipelotrichaceae|g__Candidatus_Stoquefichus|s__Candidatus_Stoquefichus_sp_KLE1796
-2.52301255450181	-2.48478988435133	-2.5730373783476	-0.106510103902211	5.29590575922878	-0.0144396845238696	0.48969889069378	0.54290487643623	1	0.689704481426151	1	k__Bacteria|p__Firmicutes|c__Clostridia|o__Clostridiales|f__Clostridiaceae|g__Butyricicoccus|s__Butyricicoccus_pullicaecorum
-2.13299269435958	-2.18430085364522	-2.06167159773984	0.162006280801114	7.40325099159098	0.0192743744577896	0.48686594208515	0.625574650438007	1	0.678292193488191	0.994584502417569	k__Bacteria|p__Firmicutes|c__Clostridia|o__Clostridiales|f__Clostridiales_Family_XIII_Incertae_Sedis|g__Clostridiales_Family_XIII_Incertae_Sedis_unclassified|s__Eubacterium_sulci
-2.53671077281733	-2.59374471394715	-2.45936421235055	0.174504658278702	4.89045801191012	0.0297659992858865	0.484491736539024	0.567328648935563	1	0.616238465179795	0.999382968877656	k__Bacteria|p__Actinobacteria|c__Actinobacteria|o__Actinomycetales|f__Actinomycetaceae|g__Actinomyces|s__Actinomyces_graevenitzii
-1.65118380836624	-1.86533365371668	-1.27693014085009	0.82431060829369	14.3217492859134	0.0643775333922238	0.447237319068588	0.281182273725604	1	0.401834667316077	0.997930908310733	k__Bacteria|p__Firmicutes|c__Clostridia|o__Clostridiales|f__Lachnospiraceae|g__Lachnoclostridium|s__Clostridium_clostridioforme
-2.45022687602071	-2.46806801156912	-2.42330001552141	0.0491282169358591	5.22385145385225	0.00750686784902564	0.495358840862026	0.811825975393316	1	0.768223887706829	1	k__Bacteria|p__Firmicutes|c__Clostridia|o__Clostridiales|f__Clostridiaceae|g__Clostridium|s__Clostridium_paraputrificum
-2.53569259306019	-2.55512593760797	-2.50294579028617	0.0329598509209053	4.97694166099764	0.00692170658877799	0.496376811609686	0.774377296666338	1	0.721791737483459	0.998848446432789	k__Bacteria|p__Firmicutes|c__Clostridia|o__Clostridiales|f__Clostridiaceae|g__Clostridium|s__Clostridium_celatum
-2.07800162330125	-2.04609167353809	-2.14079680806748	-0.0805410078129061	8.72757543172812	-0.00935502608242605	0.493094860794725	0.672450135117587	1	0.692629949204642	1	k__Bacteria|p__Firmicutes|c__Negativicutes|o__Veillonellales|f__Veillonellaceae|g__Veillonella|s__Veillonella_rogosae
-2.34946804784418	-2.41694427851823	-2.22480755567287	0.289370093639883	7.16732822840005	0.0324721024586212	0.478940217481459	0.702049615860221	1	0.635465197455487	0.999413416059762	k__Bacteria|p__Fusobacteria|c__Fusobacteriia|o__Fusobacteriales|f__Fusobacteriaceae|g__Fusobacterium|s__Fusobacterium_ulcerans
-2.39197645023337	-2.36647290617241	-2.41806020768439	-0.069080826945406	5.21598852273158	-0.0101300527809202	0.493547656808185	0.752693508047106	1	0.715853409280172	1	k__Bacteria|p__Actinobacteria|c__Actinobacteria|o__Actinomycetales|f__Actinomycetaceae|g__Actinomyces|s__Actinomyces_sp_oral_taxon_181
-2.52248201352083	-2.51335077108315	-2.54541670736144	-0.0612063763153508	4.98483498485772	-0.0102936892743435	0.494112318865743	0.694990449145594	1	0.723522625321391	0.996483208351108	k__Bacteria|p__Proteobacteria|c__Epsilonproteobacteria|o__Campylobacterales|f__Campylobacteraceae|g__Campylobacter|s__Campylobacter_concisus
-2.56992963024273	-2.58951473856714	-2.53813917085207	-0.0185642918604856	4.76366338548297	-0.00223919526874773	0.498188405804843	0.618498394231424	1	0.757234310495756	0.999161999450611	k__Bacteria|p__Firmicutes|c__Clostridia|o__Clostridiales|f__Lachnospiraceae|g__Roseburia|s__Roseburia_sp_CAG_182
-2.29684703859827	-2.35118998311094	-2.23288599348307	0.182045408912561	6.25826653205377	0.0214580524306079	0.481774960458297	0.448068631597851	1	0.643063148374421	1	k__Bacteria|p__Firmicutes|c__Clostridia|o__Clostridiales|f__Lachnospiraceae|g__Blautia|s__Blautia_hydrogenotrophica
-2.35284088679973	-2.2558957930689	-2.51146886668228	-0.319762897885484	6.01369705531529	-0.0352611449495811	0.471014492877904	0.560539087701745	1	0.550034793002563	1	k__Bacteria|p__Bacteroidetes|c__Bacteroidia|o__Bacteroidales|f__Prevotellaceae|g__Prevotella|s__Prevotella_sp_CAG_520
-2.18723087892281	-2.23356661952694	-2.11796842750456	0.331197758337023	7.95185054384971	0.0327006454153939	0.474864130542467	0.48081274141232	1	0.621291956900929	0.999444603528424	k__Bacteria|p__Bacteroidetes|c__Bacteroidia|o__Bacteroidales|f__Prevotellaceae|g__Paraprevotella|s__Paraprevotella_clara
-1.86361125052397	-1.96812810961185	-1.72800897914756	0.311349490028357	10.8552509986653	0.0237145397970731	0.477020602317061	0.528692171541142	1	0.602465641633513	1	k__Bacteria|p__Bacteroidetes|c__Bacteroidia|o__Bacteroidales|f__Prevotellaceae|g__Prevotella|s__Prevotella_stercorea
-2.45448364020476	-2.49142909656666	-2.41532365280477	0.105544344692346	5.43872631572197	0.0158332794208518	0.488793298666864	0.786662382445018	1	0.744175428925227	1	k__Bacteria|p__Actinobacteria|c__Actinobacteria|o__Bifidobacteriales|f__Bifidobacteriaceae|g__Aeriscardovia|s__Aeriscardovia_aeriphila
-2.63715007191177	-2.68666188169473	-2.58003169378614	0.0366151709690126	4.85390818936929	0.00531649291182219	0.496717228902409	0.764492691112672	1	0.733571560061463	1	k__Bacteria|p__Proteobacteria|c__Betaproteobacteria|o__Neisseriales|f__Neisseriaceae|g__Neisseria|s__Neisseria_flavescens
-2.51038095408726	-2.52962519656906	-2.48772139638976	0.0696640157711705	4.93736416871779	0.0115972531454601	0.493094860794725	0.702487936490268	1	0.74479156941464	1	k__Bacteria|p__Firmicutes|c__Bacilli|o__Lactobacillales|f__Lactobacillaceae|g__Lactobacillus|s__Lactobacillus_paragasseri
-2.70212554368351	-2.71200498279138	-2.69474919405475	0.00673750717602672	4.47227664230158	0.00252255478990176	0.499434004983174	0.691805971498204	1	0.707593620261071	0.998541165404942	k__Bacteria|p__Firmicutes|c__Bacilli|o__Lactobacillales|f__Lactobacillaceae|g__Lactobacillus|s__Lactobacillus_curvatus
-2.41799466967712	-2.48858704858083	-2.33425814769528	0.184461704392211	5.66221795690397	0.0236720110777451	0.48494453255248	0.819409006350881	1	0.672634143699558	1	k__Bacteria|p__Actinobacteria|c__Actinobacteria|o__Bifidobacteriales|f__Bifidobacteriaceae|g__Bifidobacterium|s__Bifidobacterium_breve
-2.52996481976144	-2.53519714756589	-2.52159930588909	-0.103989429917956	5.07178126055416	-0.0147753241278821	0.489472492687052	0.723297039241862	1	0.721340361269559	0.996170377996084	k__Bacteria|p__Proteobacteria|c__Gammaproteobacteria|o__Enterobacterales|f__Enterobacteriaceae|g__Klebsiella|s__Klebsiella_michiganensis
-2.41213149211235	-2.34546377533367	-2.50377306446278	-0.229707945428224	5.42968161304549	-0.0307024477796427	0.47883178637086	0.62364866896827	1	0.654141779835524	0.999128731849673	k__Bacteria|p__Proteobacteria|c__Gammaproteobacteria|o__Enterobacterales|f__Enterobacteriaceae|g__Klebsiella|s__Klebsiella_oxytoca
-2.2847288146135	-2.21712308755281	-2.3863907271838	-0.288477429709669	6.27650819859922	-0.0300293386197984	0.473958333444919	0.429568107485812	1	0.598922648087216	1	k__Bacteria|p__Bacteroidetes|c__Bacteroidia|o__Bacteroidales|f__Rikenellaceae|g__Alistipes|s__Alistipes_inops
-2.39800236411786	-2.41694507296718	-2.3654084989809	0.128121663771804	5.69281434047067	0.0158590085084576	0.489472492687052	0.778734500131753	1	0.743593569262181	1	k__Bacteria|p__Firmicutes|c__Negativicutes|o__Veillonellales|f__Veillonellaceae|g__Megasphaera|s__Megasphaera_micronuciformis
-2.60814393256468	-2.65960067033769	-2.56396532259769	0.01116402093011	4.66464377140314	0.00308356515139029	0.498075616942791	0.756350907199652	1	0.699996931132434	0.997130434954695	k__Bacteria|p__Firmicutes|c__Clostridia|o__Clostridiales|f__Lachnospiraceae|g__Lachnospiraceae_unclassified|s__Lachnospiraceae_bacterium_oral_taxon_096
-2.65570395207874	-2.68909671781923	-2.60197009970119	0.0636339714159817	4.55703524068137	0.0101693115636241	0.494000452821645	0.716601878647159	1	0.720013227834879	1	k__Bacteria|p__Proteobacteria|c__Epsilonproteobacteria|o__Campylobacterales|f__Campylobacteraceae|g__Campylobacter|s__Campylobacter_gracilis
-2.67417814940538	-2.69017382167671	-2.64052877287545	0.0270070507780584	4.57276988544529	0.00490889189552724	0.496829710158476	0.715035127236918	1	0.718338341450453	1	k__Bacteria|p__Actinobacteria|c__Coriobacteriia|o__Coriobacteriales|f__Atopobiaceae|g__Atopobium|s__Atopobium_rimae
-2.62417744190522	-2.59818498344169	-2.66996128773792	-0.0896903490035186	4.47907670529055	-0.0155934148015955	0.490715579749833	0.589654214747805	1	0.700585447367476	1	k__Bacteria|p__Proteobacteria|c__Gammaproteobacteria|o__Enterobacterales|f__Enterobacteriaceae|g__Citrobacter|s__Citrobacter_europaeus
-2.56033578272515	-2.60511340857889	-2.47892431196134	0.0978004801474164	4.93849231677458	0.0164669569623786	0.48777173918272	0.606518066658759	1	0.677862444390997	0.999676415079008	k__Bacteria|p__Proteobacteria|c__Gammaproteobacteria|o__Enterobacterales|f__Enterobacteriaceae|g__Citrobacter|s__Citrobacter_pasteurii
-2.55828593250074	-2.55488530657474	-2.56337911110488	-0.10748259426266	4.75504031237101	-0.0195511820432928	0.487318840633936	0.623055254591021	1	0.739344416986186	0.998687243139548	k__Bacteria|p__Firmicutes|c__Bacilli|o__Lactobacillales|f__Enterococcaceae|g__Enterococcus|s__Enterococcus_faecium
-2.65100932933206	-2.65986308524372	-2.63478000719259	0.0676649306189088	4.60565597211879	0.0124708766347137	0.492642064781265	0.744246288787633	1	0.729938766014215	1	k__Bacteria|p__Actinobacteria|c__Actinobacteria|o__Bifidobacteriales|f__Bifidobacteriaceae|g__Alloscardovia|s__Alloscardovia_omnicolens
-2.19235922148828	-2.10357980715901	-2.30406807426591	-0.374056121521113	6.82755918975539	-0.0349419266218572	0.470561594329134	0.24368813837762	1	0.556880451950733	1	k__Bacteria|p__Actinobacteria|c__Actinobacteria|o__Bifidobacteriales|f__Bifidobacteriaceae|g__Bifidobacterium|s__Bifidobacterium_bifidum
-2.62841513071396	-2.64336819345401	-2.59677078394385	-0.0372191062881893	4.64340529845673	-0.00543305885060989	0.496717228902409	0.742921315441551	1	0.750823485523808	1	k__Bacteria|p__Firmicutes|c__Clostridia|o__Clostridiales|f__Clostridiaceae|g__Clostridium|s__Clostridium_sp_7_2_43FAA
-2.62557717358263	-2.61491439493437	-2.64196503967878	-0.0820535304296754	4.70551360818919	-0.0129641035282198	0.491962870761075	0.715694064740215	1	0.733827238943906	0.999954526150592	k__Bacteria|p__Proteobacteria|c__Gammaproteobacteria|o__Enterobacterales|f__Enterobacteriaceae|g__Citrobacter|s__Citrobacter_koseri
-2.39109393698342	-2.44389953351528	-2.31253197712923	0.169747683350691	5.87647987510926	0.0191138431303837	0.486982114613033	0.709223338732994	1	0.698903144184183	1	k__Bacteria|p__Bacteroidetes|c__Bacteroidia|o__Bacteroidales|f__Tannerellaceae|g__Parabacteroides|s__Parabacteroides_sp_CAG_409
-2.53671185582913	-2.55390219111192	-2.52254692694649	0.0790508323428778	4.92820703338827	0.011773400628411	0.491621376847408	0.733650860073375	1	0.728095180932095	1	k__Bacteria|p__Firmicutes|c__Bacilli|o__Lactobacillales|f__Streptococcaceae|g__Streptococcus|s__Streptococcus_infantarius
-2.52962332178878	-2.50276606917514	-2.56769309429641	-0.178549836299545	5.14852234865629	-0.0241390231280435	0.481431159499749	0.5747985438077	1	0.666328340650168	1	k__Bacteria|p__Firmicutes|c__Bacilli|o__Lactobacillales|f__Streptococcaceae|g__Streptococcus|s__Streptococcus_thermophilus
-2.23683407460264	-2.18007508820524	-2.31539906487509	-0.167586940202233	7.27870429026416	-0.016823983063207	0.486639492810757	0.669790639683759	1	0.67502665774299	1	k__Bacteria|p__Proteobacteria|c__Gammaproteobacteria|o__Aeromonadales|f__Succinivibrionaceae|g__Succinatimonas|s__Succinatimonas_hippei
-2.52639963406272	-2.52426034400039	-2.52988025798883	-0.0238064143687797	4.70270570500399	-0.00496048797213683	0.496376811609686	0.690683688293961	1	0.730992616695233	1	k__Bacteria|p__Firmicutes|c__Clostridia|o__Clostridiales|f__Ruminococcaceae|g__Ruminococcus|s__Ruminococcus_sp_CAG_330
-2.45477303604118	-2.44477121802905	-2.47099430316508	-0.0918633117485879	5.21017085247611	-0.0131664504179796	0.490378084713969	0.760519723120734	1	0.732509562065034	1	k__Bacteria|p__Firmicutes|c__Clostridia|o__Clostridiales|f__Ruminococcaceae|g__Pseudoflavonifractor|s__Pseudoflavonifractor_sp_An184
-2.41869287420765	-2.46226928455125	-2.37033541035926	0.0880987905274182	5.25248859450395	0.011894837180662	0.491057278734157	0.713973015125529	1	0.696253261734741	0.995721579880083	k__Bacteria|p__Firmicutes|c__Clostridia|o__Clostridiales|f__Lachnospiraceae|g__Lachnoclostridium|s__Lachnoclostridium_sp_An138
-2.50800829142156	-2.49646378781492	-2.51997553931351	-0.12470278745074	5.06582434017174	-0.020799475170453	0.490036231926652	0.598298342484265	1	0.663821633373395	1	k__Bacteria|p__Firmicutes|c__Clostridia|o__Clostridiales|f__Lachnospiraceae|g__Lachnoclostridium|s__Lachnoclostridium_sp_An131
-2.60242350965353	-2.626499814305	-2.57856444867347	-0.0208026978173983	4.84633666749875	-0.00252527662388944	0.498867753628027	0.744301784408256	1	0.722719909990832	1	k__Bacteria|p__Bacteroidetes|c__Bacteroidia|o__Bacteroidales|f__Prevotellaceae|g__Prevotella|s__Prevotella_sp_CAG_1124
-2.29229611292126	-2.29990622923485	-2.27797208924991	0.0230539968513082	6.10648106977779	0.00256274710696441	0.4973964229226	0.625846347682895	1	0.750022518761688	1	k__Bacteria|p__Firmicutes|c__Negativicutes|o__Selenomonadales|f__Selenomonadaceae|g__Megamonas|s__Megamonas_funiformis_CAG_377
-2.53069279862299	-2.49336828861112	-2.59710747523521	-0.183302173985819	4.97956829290412	-0.0257742560945196	0.482454154478478	0.574129585018634	1	0.646346709330749	0.994858522708076	k__Bacteria|p__Firmicutes|c__Bacilli|o__Lactobacillales|f__Leuconostocaceae|g__Weissella|s__Weissella_confusa
-2.58665281755441	-2.61553606352597	-2.54317022520181	-0.0124391601468279	4.83727699046344	-0.00191626555723971	0.498641304353632	0.627771542905901	1	0.742614617989039	1	k__Bacteria|p__Firmicutes|c__Bacilli|o__Lactobacillales|f__Streptococcaceae|g__Streptococcus|s__Streptococcus_sobrinus
-2.67563235609729	-2.69096556133645	-2.65416347791985	-0.0405271165854693	4.37486699171708	-0.00892238548369142	0.495811636875487	0.712361679136251	1	0.742407595093554	0.999161999450611	k__Bacteria|p__Firmicutes|c__Bacilli|o__Lactobacillales|f__Streptococcaceae|g__Streptococcus|s__Streptococcus_sp_oral_taxon_056
-2.6317246529398	-2.66542963373916	-2.58300588305876	-0.00813237692332791	4.58923821509969	-0.00166843593227264	0.499207606976443	0.71553192402415	1	0.725223348590518	1	k__Bacteria|p__Proteobacteria|c__Deltaproteobacteria|o__Desulfovibrionales|f__Desulfovibrionaceae|g__Desulfovibrio|s__Desulfovibrio_legallii
-2.66166201849151	-2.67607991028901	-2.6336990976498	0.0609462262049565	4.59312321092234	0.0111886184054847	0.494338768140137	0.762269772301734	1	0.752976984795877	1	k__Bacteria|p__Firmicutes|c__Erysipelotrichia|o__Erysipelotrichales|f__Erysipelotrichaceae|g__Massiliomicrobiota|s__Massiliomicrobiota_timonensis
-2.67472319370484	-2.73987589502449	-2.58637736998551	0.196890192726631	4.51700184862872	0.0356366538633563	0.482906950491932	0.619022417196717	1	0.625075208617699	1	k__Bacteria|p__Actinobacteria|c__Coriobacteriia|o__Coriobacteriales|f__Atopobiaceae|g__Atopobium|s__Atopobium_deltae
-2.53644337041792	-2.54205748961665	-2.53227256442189	-0.0147573266735961	4.97861599773354	-0.00159892616512724	0.498188405804843	0.674870119884119	1	0.733054890565533	0.994115095690116	k__Bacteria|p__Firmicutes|c__Negativicutes|o__Selenomonadales|f__Selenomonadaceae|g__Mitsuokella|s__Mitsuokella_multacida
-2.46569787383627	-2.4233135815866	-2.50909861859921	-0.216992012606683	5.03286489290639	-0.0312589291660435	0.478152592350685	0.452438674343369	1	0.66955307475954	1	k__Bacteria|p__Bacteroidetes|c__Bacteroidia|o__Bacteroidales|f__Prevotellaceae|g__Prevotella|s__Prevotella_sp_CAG_1031
-2.63878835398013	-2.62933275376557	-2.65511389718649	0.0282476427555558	4.47090874546457	0.00511609394914575	0.496717228902409	0.645227789721057	1	0.753262809836268	0.998045291577363	k__Bacteria|p__Actinobacteria|c__Actinobacteria|o__Bifidobacteriales|f__Bifidobacteriaceae|g__Bifidobacterium|s__Bifidobacterium_pullorum
-2.65595866800818	-2.65102630126814	-2.66545578379467	-0.0326712255203176	4.46853822104735	-0.00595921409622219	0.496264432888948	0.696220988087339	1	0.777778604240874	1	k__Bacteria|p__Actinobacteria|c__Actinobacteria|o__Bifidobacteriales|f__Bifidobacteriaceae|g__Bifidobacterium|s__Bifidobacterium_saeculare
-2.66212366484884	-2.66786843014721	-2.65904996307579	-0.0832087238648427	4.38753364770321	-0.015610729417764	0.491510074747616	0.759585311967026	1	0.762361556005155	1	k__Bacteria|p__Proteobacteria|c__Gammaproteobacteria|o__Enterobacterales|f__Enterobacteriaceae|g__Citrobacter|s__Citrobacter_farmeri
-2.59104796401505	-2.66115714703392	-2.4818640352503	0.153877778879322	4.74291102461504	0.0263662871949806	0.483242753694877	0.627786365712827	1	0.636120023030534	1	k__Bacteria|p__Firmicutes|c__Clostridia|o__Clostridiales|f__Peptostreptococcaceae|g__Clostridioides|s__Clostridioides_difficile
-2.6585997899133	-2.67299593849534	-2.63805051288098	0.0244570734303888	4.78640205839354	0.0041257402286618	0.497735507256054	0.741146725314505	1	0.73069544048103	1	k__Bacteria|p__Actinobacteria|c__Actinobacteria|o__Bifidobacteriales|f__Bifidobacteriaceae|g__Bifidobacterium|s__Bifidobacterium_animalis
-2.65651251257204	-2.67989283334806	-2.61474750053982	0.0437847961739628	4.38240699969693	0.0092807657103355	0.495697463786503	0.667638579828576	1	0.719394891401356	0.996021671636072	k__Bacteria|p__Bacteroidetes|c__Bacteroidia|o__Bacteroidales|f__Prevotellaceae|g__Prevotella|s__Prevotella_sp_CAG_1320
-2.63357156284023	-2.67610192416565	-2.57864562245432	0.0741429431872422	4.57785177731536	0.0131221833996194	0.492074275396196	0.696622279562855	1	0.708176830980038	1	k__Bacteria|p__Firmicutes|c__Clostridia|o__Clostridiales|f__Ruminococcaceae|g__Ruminococcus|s__Ruminococcus_sp_CAG_403
-2.54046287136659	-2.52312259718778	-2.57689044024301	-0.0951336523143667	4.80415348001519	-0.014903629250728	0.490715579749833	0.498832109517187	1	0.677471402067732	0.993869076208145	k__Bacteria|p__Bacteroidetes|c__Bacteroidia|o__Bacteroidales|f__Bacteroidaceae|g__Bacteroides|s__Bacteroides_sp_43_108
-2.62963377178942	-2.64300772790457	-2.61991556091323	-0.0143063751035424	4.41254948839315	-0.00272439947938128	0.498302014949521	0.719050681609801	1	0.757666149779427	0.998487195586836	k__Bacteria|p__Firmicutes|c__Bacilli|o__Lactobacillales|f__Lactobacillaceae|g__Lactobacillus|s__Lactobacillus_iners
-2.6442912870113	-2.70992210445217	-2.57143861930871	0.11744704706082	4.49165428588569	0.0203332020942779	0.488114104646677	0.636157803741762	1	0.683087975351811	1	k__Bacteria|p__Firmicutes|c__Clostridia|o__Clostridiales|f__Ruminococcaceae|g__Gemmiger|s__Gemmiger_sp_An50
-2.61455419416517	-2.63419418915108	-2.57815326852043	0.0282413749900954	4.57697159971875	0.0046655246353724	0.496376811609686	0.739868698090382	1	0.72052577277918	0.995245918313282	k__Bacteria|p__Proteobacteria|c__Gammaproteobacteria|o__Enterobacterales|f__Enterobacteriaceae|g__Citrobacter|s__Citrobacter_amalonaticus
-2.61238281889953	-2.59340348299861	-2.64162924103019	-0.116038966666119	4.69880723735776	-0.0154953455798548	0.488114104646677	0.642824627789169	1	0.683622571267685	1	k__Bacteria|p__Bacteroidetes|c__Bacteroidia|o__Bacteroidales|f__Prevotellaceae|g__Prevotella|s__Prevotella_sp_AM42_24
-2.65432974193474	-2.66458795867408	-2.64016237947744	-0.0025263051293507	4.38389381236996	-0.000627152864136246	0.499773550725605	0.722713682395677	1	0.733656143833592	1	k__Bacteria|p__Firmicutes|c__Negativicutes|o__Veillonellales|f__Veillonellaceae|g__Veillonella|s__Veillonella_denticariosi
-2.68787521743642	-2.72826811465932	-2.63791884341672	0.0217187495418738	4.41126949797939	0.00443105488632905	0.496829710158476	0.768148056148025	1	0.706741088461392	0.997800083373907	k__Bacteria|p__Firmicutes|c__Bacilli|o__Lactobacillales|f__Streptococcaceae|g__Streptococcus|s__Streptococcus_gallolyticus
-2.63024963178727	-2.62641028007772	-2.64224901642712	0.00910371590530268	4.43600478496571	0.00109668686076353	0.499207606976443	0.727754993114388	1	0.727718931731416	1	k__Bacteria|p__Firmicutes|c__Bacilli|o__Lactobacillales|f__Lactobacillaceae|g__Lactobacillus|s__Lactobacillus_plantarum
-2.53504362340777	-2.50260810106985	-2.58833404726801	-0.0995136915340087	4.88699898744098	-0.0158775616536685	0.491168478298621	0.671337295317263	1	0.703023828707877	0.997958333445612	k__Bacteria|p__Bacteroidetes|c__Bacteroidia|o__Bacteroidales|f__Prevotellaceae|g__Prevotella|s__Prevotella_disiens
-2.58512522583993	-2.60067335894855	-2.56778017893155	-0.111246202554353	4.6986797119931	-0.0180807821216232	0.490262681201047	0.676841547081895	1	0.742092397569924	0.997091450757943	k__Bacteria|p__Firmicutes|c__Clostridia|o__Clostridiales|f__Oscillospiraceae|g__Oscillibacter|s__Oscillibacter_sp_PC13
-2.68462105136455	-2.72280304927119	-2.62749008575004	0.0247296643210593	4.37498100985757	0.00656275427691132	0.496943626909139	0.718127041610671	1	0.744827688698283	1	k__Bacteria|p__Proteobacteria|c__Gammaproteobacteria|o__Enterobacterales|f__Morganellaceae|g__Proteus|s__Proteus_hauseri
-2.61164524335085	-2.6467226517322	-2.56157813554303	0.115549709889333	4.46356156672004	0.0202189194563639	0.488566900660135	0.600399230038242	1	0.673099264975474	0.999954526150592	k__Bacteria|p__Bacteroidetes|c__Bacteroidia|o__Bacteroidales|f__Prevotellaceae|g__Prevotella|s__Prevotella_colorans
-2.67140960341159	-2.70514151141514	-2.61626781394857	0.0649987252052497	4.46683521595319	0.0109864307311008	0.493547656808185	0.748786063811217	1	0.740004304758153	1	k__Bacteria|p__Firmicutes|c__Clostridia|o__Clostridiales|f__Clostridiaceae|g__Hungatella|s__Hungatella_effluvii
-2.66559905320973	-2.68417733318929	-2.64870083532022	0.118985039601272	4.46268052369676	0.0233700333207288	0.48686594208515	0.648194195028093	1	0.736169805081505	0.997080321516423	k__Bacteria|p__Bacteroidetes|c__Bacteroidia|o__Bacteroidales|f__Barnesiellaceae|g__Barnesiella|s__Barnesiella_sp_An22
-2.62270128701864	-2.65070107492704	-2.58354767514609	0.0661419118036566	4.60504251792202	0.0115573330721953	0.492753623219378	0.632815499560564	1	0.747576359787809	0.99774530676589	k__Bacteria|p__Bacteroidetes|c__Bacteroidia|o__Bacteroidales|f__Bacteroidaceae|g__Bacteroides|s__Bacteroides_sartorii
-2.65875467734164	-2.6410008845667	-2.68356001639086	-0.0336238419772847	4.49475214199606	-0.00594715930703214	0.495811636875487	0.652201807738049	1	0.728926607959747	0.998604421690184	k__Bacteria|p__Bacteroidetes|c__Bacteroidia|o__Bacteroidales|f__Prevotellaceae|g__Prevotella|s__Prevotella_sp_CAG_1092
-2.61390554272169	-2.60147288648631	-2.63926428189526	-0.0953923540460586	4.48006280637765	-0.0174442646236371	0.491847826121802	0.530013037728783	1	0.662739546357943	0.997555768426556	k__Bacteria|p__Bacteroidetes|c__Bacteroidia|o__Bacteroidales|f__Bacteroidaceae|g__Bacteroides|s__Bacteroides_sp_CAG_530
-2.60849818797539	-2.60383273686999	-2.61379570649971	0.0101359551725118	4.62463968304758	0.00299125316635209	0.498414855079238	0.714824801069567	1	0.759258938102655	0.998093668857559	k__Bacteria|p__Fusobacteria|c__Fusobacteriia|o__Fusobacteriales|f__Fusobacteriaceae|g__Cetobacterium|s__Cetobacterium_somerae
-2.66764275091679	-2.65007458055909	-2.68032565750051	-0.0299768530447206	4.42372586252265	-0.00474230374481274	0.49762282092933	0.643033989313637	1	0.706884064004584	1	k__Bacteria|p__Bacteroidetes|c__Bacteroidia|o__Bacteroidales|f__Prevotellaceae|g__Prevotella|s__Prevotella_denticola
-2.6013682848751	-2.59810941932914	-2.60566404703253	-0.00250027521759399	4.50182627645831	-0.000440242990693121	0.499547101451211	0.729198716936388	1	0.745568999550675	1	k__Eukaryota|p__Eukaryota_unclassified|c__Eukaryota_unclassified|o__Eukaryota_unclassified|f__Eukaryota_unclassified|g__Blastocystis|s__Blastocystis_sp_subtype_1
-2.68098852212301	-2.71956708670276	-2.62930904754644	0.0621812721811512	4.50148167146411	0.0127249473179719	0.494565217414531	0.603999182360686	1	0.677062317727696	1	k__Bacteria|p__Firmicutes|c__Clostridia|o__Clostridiales|f__Eubacteriaceae|g__Pseudoramibacter|s__Pseudoramibacter_alactolyticus
-2.66385981470527	-2.73888014930219	-2.53569189908925	0.236129832813681	4.41979877836654	0.0445951697602169	0.478378990357409	0.578819896438157	1	0.634723269816549	1	k__Bacteria|p__Firmicutes|c__Negativicutes|o__Selenomonadales|f__Selenomonadaceae|g__Mitsuokella|s__Mitsuokella_sp_oral_taxon_131
-2.67245841100463	-2.70341217995917	-2.64180204198284	0.0793182735077789	4.43259812029684	0.014551707314671	0.491057278734157	0.623943372583686	1	0.73246771867281	0.998192728369182	k__Bacteria|p__Firmicutes|c__Bacilli|o__Lactobacillales|f__Lactobacillaceae|g__Lactobacillus|s__Lactobacillus_saerimneri
-2.70559222697933	-2.74079020093587	-2.65170268064247	-0.04160852434417	4.43335084913266	-0.00809054202034332	0.495471014512109	0.732808191351681	1	0.739184854678271	1	k__Bacteria|p__Firmicutes|c__Bacilli|o__Lactobacillales|f__Enterococcaceae|g__Enterococcus|s__Enterococcus_raffinosus
-2.66125088464132	-2.64452034601936	-2.68259036668678	-0.0207473358539652	4.40407824445518	-0.00363107794418097	0.4973964229226	0.639820096631041	1	0.704348101273385	0.999281701915073	k__Bacteria|p__Firmicutes|c__Firmicutes_unclassified|o__Firmicutes_unclassified|f__Firmicutes_unclassified|g__Firmicutes_unclassified|s__Firmicutes_bacterium_CAG_555
